-- MySQL dump 10.13  Distrib 5.7.21, for Linux (x86_64)
--
-- Host: 127.0.0.1    Database: exam2tier2_demo2
-- ------------------------------------------------------
-- Server version	5.7.21-0ubuntu0.16.04.1

/*!40101 SET @OLD_CHARACTER_SET_CLIENT=@@CHARACTER_SET_CLIENT */;
/*!40101 SET @OLD_CHARACTER_SET_RESULTS=@@CHARACTER_SET_RESULTS */;
/*!40101 SET @OLD_COLLATION_CONNECTION=@@COLLATION_CONNECTION */;
/*!40101 SET NAMES utf8 */;
/*!40103 SET @OLD_TIME_ZONE=@@TIME_ZONE */;
/*!40103 SET TIME_ZONE='+00:00' */;
/*!40014 SET @OLD_UNIQUE_CHECKS=@@UNIQUE_CHECKS, UNIQUE_CHECKS=0 */;
/*!40014 SET @OLD_FOREIGN_KEY_CHECKS=@@FOREIGN_KEY_CHECKS, FOREIGN_KEY_CHECKS=0 */;
/*!40101 SET @OLD_SQL_MODE=@@SQL_MODE, SQL_MODE='NO_AUTO_VALUE_ON_ZERO' */;
/*!40111 SET @OLD_SQL_NOTES=@@SQL_NOTES, SQL_NOTES=0 */;

--
-- Table structure for table `b_admin_notify`
--

DROP TABLE IF EXISTS `b_admin_notify`;
/*!40101 SET @saved_cs_client     = @@character_set_client */;
/*!40101 SET character_set_client = utf8 */;
CREATE TABLE `b_admin_notify` (
  `ID` int(18) NOT NULL AUTO_INCREMENT,
  `MODULE_ID` varchar(50) COLLATE utf8_unicode_ci DEFAULT NULL,
  `TAG` varchar(255) COLLATE utf8_unicode_ci DEFAULT NULL,
  `MESSAGE` text COLLATE utf8_unicode_ci,
  `ENABLE_CLOSE` char(1) COLLATE utf8_unicode_ci DEFAULT 'Y',
  `PUBLIC_SECTION` char(1) COLLATE utf8_unicode_ci NOT NULL DEFAULT 'N',
  `NOTIFY_TYPE` char(1) COLLATE utf8_unicode_ci NOT NULL DEFAULT 'M',
  PRIMARY KEY (`ID`),
  KEY `IX_AD_TAG` (`TAG`)
) ENGINE=InnoDB AUTO_INCREMENT=2 DEFAULT CHARSET=utf8 COLLATE=utf8_unicode_ci;
/*!40101 SET character_set_client = @saved_cs_client */;

--
-- Dumping data for table `b_admin_notify`
--

LOCK TABLES `b_admin_notify` WRITE;
/*!40000 ALTER TABLE `b_admin_notify` DISABLE KEYS */;
/*!40000 ALTER TABLE `b_admin_notify` ENABLE KEYS */;
UNLOCK TABLES;

--
-- Table structure for table `b_admin_notify_lang`
--

DROP TABLE IF EXISTS `b_admin_notify_lang`;
/*!40101 SET @saved_cs_client     = @@character_set_client */;
/*!40101 SET character_set_client = utf8 */;
CREATE TABLE `b_admin_notify_lang` (
  `ID` int(18) NOT NULL AUTO_INCREMENT,
  `NOTIFY_ID` int(18) NOT NULL,
  `LID` char(2) COLLATE utf8_unicode_ci NOT NULL,
  `MESSAGE` text COLLATE utf8_unicode_ci,
  PRIMARY KEY (`ID`),
  UNIQUE KEY `IX_ADM_NTFY_LANG` (`NOTIFY_ID`,`LID`),
  KEY `IX_ADM_NTFY_LID` (`LID`)
) ENGINE=InnoDB DEFAULT CHARSET=utf8 COLLATE=utf8_unicode_ci;
/*!40101 SET character_set_client = @saved_cs_client */;

--
-- Dumping data for table `b_admin_notify_lang`
--

LOCK TABLES `b_admin_notify_lang` WRITE;
/*!40000 ALTER TABLE `b_admin_notify_lang` DISABLE KEYS */;
/*!40000 ALTER TABLE `b_admin_notify_lang` ENABLE KEYS */;
UNLOCK TABLES;

--
-- Table structure for table `b_agent`
--

DROP TABLE IF EXISTS `b_agent`;
/*!40101 SET @saved_cs_client     = @@character_set_client */;
/*!40101 SET character_set_client = utf8 */;
CREATE TABLE `b_agent` (
  `ID` int(18) NOT NULL AUTO_INCREMENT,
  `MODULE_ID` varchar(50) COLLATE utf8_unicode_ci DEFAULT NULL,
  `SORT` int(18) NOT NULL DEFAULT '100',
  `NAME` text COLLATE utf8_unicode_ci,
  `ACTIVE` char(1) COLLATE utf8_unicode_ci NOT NULL DEFAULT 'Y',
  `LAST_EXEC` datetime DEFAULT NULL,
  `NEXT_EXEC` datetime NOT NULL,
  `DATE_CHECK` datetime DEFAULT NULL,
  `AGENT_INTERVAL` int(18) DEFAULT '86400',
  `IS_PERIOD` char(1) COLLATE utf8_unicode_ci DEFAULT 'Y',
  `USER_ID` int(18) DEFAULT NULL,
  `RUNNING` char(1) COLLATE utf8_unicode_ci NOT NULL DEFAULT 'N',
  PRIMARY KEY (`ID`),
  KEY `ix_act_next_exec` (`ACTIVE`,`NEXT_EXEC`),
  KEY `ix_agent_user_id` (`USER_ID`),
  KEY `ix_agent_name` (`NAME`(100))
) ENGINE=InnoDB AUTO_INCREMENT=43 DEFAULT CHARSET=utf8 COLLATE=utf8_unicode_ci;
/*!40101 SET character_set_client = @saved_cs_client */;

--
-- Dumping data for table `b_agent`
--

LOCK TABLES `b_agent` WRITE;
/*!40000 ALTER TABLE `b_agent` DISABLE KEYS */;
INSERT INTO `b_agent` VALUES (1,'main',100,'CEvent::CleanUpAgent();','Y','2018-04-16 08:19:33','2018-04-17 08:19:33',NULL,86400,'N',NULL,'N'),(2,'main',100,'CUser::CleanUpHitAuthAgent();','Y','2018-04-16 08:19:33','2018-04-17 08:19:33',NULL,86400,'N',NULL,'N'),(3,'main',100,'CCaptchaAgent::DeleteOldCaptcha(3600);','Y','2018-04-16 14:56:20','2018-04-16 15:56:20',NULL,3600,'N',NULL,'N'),(4,'main',100,'CUndo::CleanUpOld();','Y','2018-04-16 08:19:34','2018-04-17 08:19:34',NULL,86400,'N',NULL,'N'),(5,'main',100,'CUser::AuthActionsCleanUpAgent();','Y','2018-04-16 08:19:36','2018-04-17 08:19:36',NULL,86400,'N',NULL,'N'),(6,'main',100,'CSiteCheckerTest::CommonTest();','Y','2018-04-16 08:19:37','2018-04-17 08:19:37',NULL,86400,'N',NULL,'N'),(7,'main',100,'\\Bitrix\\Main\\Analytics\\CounterDataTable::submitData();','Y','2018-04-16 15:24:14','2018-04-16 15:25:14',NULL,60,'N',NULL,'N'),(8,'forum',100,'CForumStat::CleanUp();','Y','2018-04-16 08:19:39','2018-04-17 08:19:39',NULL,86400,'N',NULL,'N'),(9,'forum',100,'CForumFiles::CleanUp();','Y','2018-04-16 08:19:40','2018-04-17 08:19:40',NULL,86400,'N',NULL,'N'),(10,'search',10,'CSearchSuggest::CleanUpAgent();','Y','2018-04-16 08:19:43','2018-04-17 08:19:43',NULL,86400,'N',NULL,'N'),(11,'search',10,'CSearchStatistic::CleanUpAgent();','Y','2018-04-16 08:19:44','2018-04-17 08:19:44',NULL,86400,'N',NULL,'N'),(12,'security',100,'CSecuritySession::CleanUpAgent();','Y','2018-04-16 15:00:38','2018-04-16 15:30:38',NULL,1800,'N',NULL,'N'),(13,'security',100,'CSecurityIPRule::CleanUpAgent();','Y','2018-04-16 14:56:21','2018-04-16 15:56:21',NULL,3600,'N',NULL,'N'),(14,'seo',100,'Bitrix\\Seo\\Engine\\YandexDirect::updateAgent();','Y','2018-04-16 14:56:21','2018-04-16 15:56:21',NULL,3600,'N',NULL,'N'),(15,'seo',100,'Bitrix\\Seo\\Adv\\LogTable::clean();','Y','2018-04-16 08:19:42','2018-04-17 08:19:42',NULL,86400,'N',NULL,'N'),(16,'seo',100,'Bitrix\\Seo\\Adv\\Auto::checkQuantityAgent();','Y','2018-04-16 14:56:21','2018-04-16 15:56:21',NULL,3600,'N',NULL,'N'),(17,'subscribe',100,'CSubscription::CleanUp();','Y','2018-04-16 08:20:42','2018-04-17 03:00:00',NULL,86400,'Y',NULL,'N');
/*!40000 ALTER TABLE `b_agent` ENABLE KEYS */;
UNLOCK TABLES;

--
-- Table structure for table `b_app_password`
--

DROP TABLE IF EXISTS `b_app_password`;
/*!40101 SET @saved_cs_client     = @@character_set_client */;
/*!40101 SET character_set_client = utf8 */;
CREATE TABLE `b_app_password` (
  `ID` int(11) NOT NULL AUTO_INCREMENT,
  `USER_ID` int(11) NOT NULL,
  `APPLICATION_ID` varchar(255) COLLATE utf8_unicode_ci NOT NULL,
  `PASSWORD` varchar(255) COLLATE utf8_unicode_ci NOT NULL,
  `DIGEST_PASSWORD` varchar(255) COLLATE utf8_unicode_ci NOT NULL,
  `DATE_CREATE` datetime DEFAULT NULL,
  `DATE_LOGIN` datetime DEFAULT NULL,
  `LAST_IP` varchar(255) COLLATE utf8_unicode_ci DEFAULT NULL,
  `COMMENT` varchar(255) COLLATE utf8_unicode_ci DEFAULT NULL,
  `SYSCOMMENT` varchar(255) COLLATE utf8_unicode_ci DEFAULT NULL,
  `CODE` varchar(255) COLLATE utf8_unicode_ci DEFAULT NULL,
  PRIMARY KEY (`ID`),
  KEY `ix_app_password_user` (`USER_ID`)
) ENGINE=InnoDB DEFAULT CHARSET=utf8 COLLATE=utf8_unicode_ci;
/*!40101 SET character_set_client = @saved_cs_client */;

--
-- Dumping data for table `b_app_password`
--

LOCK TABLES `b_app_password` WRITE;
/*!40000 ALTER TABLE `b_app_password` DISABLE KEYS */;
/*!40000 ALTER TABLE `b_app_password` ENABLE KEYS */;
UNLOCK TABLES;

--
-- Table structure for table `b_b24connector_buttons`
--

DROP TABLE IF EXISTS `b_b24connector_buttons`;
/*!40101 SET @saved_cs_client     = @@character_set_client */;
/*!40101 SET character_set_client = utf8 */;
CREATE TABLE `b_b24connector_buttons` (
  `ID` int(11) NOT NULL,
  `APP_ID` int(11) NOT NULL,
  `ADD_DATE` datetime NOT NULL,
  `ADD_BY` int(11) NOT NULL,
  `NAME` varchar(255) COLLATE utf8_unicode_ci DEFAULT NULL,
  `SCRIPT` text COLLATE utf8_unicode_ci,
  PRIMARY KEY (`ID`)
) ENGINE=InnoDB DEFAULT CHARSET=utf8 COLLATE=utf8_unicode_ci;
/*!40101 SET character_set_client = @saved_cs_client */;

--
-- Dumping data for table `b_b24connector_buttons`
--

LOCK TABLES `b_b24connector_buttons` WRITE;
/*!40000 ALTER TABLE `b_b24connector_buttons` DISABLE KEYS */;
/*!40000 ALTER TABLE `b_b24connector_buttons` ENABLE KEYS */;
UNLOCK TABLES;

--
-- Table structure for table `b_bitrixcloud_option`
--

DROP TABLE IF EXISTS `b_bitrixcloud_option`;
/*!40101 SET @saved_cs_client     = @@character_set_client */;
/*!40101 SET character_set_client = utf8 */;
CREATE TABLE `b_bitrixcloud_option` (
  `ID` int(11) NOT NULL AUTO_INCREMENT,
  `NAME` varchar(50) COLLATE utf8_unicode_ci NOT NULL,
  `SORT` int(11) NOT NULL,
  `PARAM_KEY` varchar(50) COLLATE utf8_unicode_ci DEFAULT NULL,
  `PARAM_VALUE` varchar(200) COLLATE utf8_unicode_ci DEFAULT NULL,
  PRIMARY KEY (`ID`),
  KEY `ix_b_bitrixcloud_option_1` (`NAME`)
) ENGINE=InnoDB AUTO_INCREMENT=5 DEFAULT CHARSET=utf8 COLLATE=utf8_unicode_ci;
/*!40101 SET character_set_client = @saved_cs_client */;

--
-- Dumping data for table `b_bitrixcloud_option`
--

LOCK TABLES `b_bitrixcloud_option` WRITE;
/*!40000 ALTER TABLE `b_bitrixcloud_option` DISABLE KEYS */;
INSERT INTO `b_bitrixcloud_option` VALUES (1,'backup_quota',0,'0','0'),(2,'backup_total_size',0,'0','0'),(3,'backup_last_backup_time',0,'0','1523625481'),(4,'monitoring_expire_time',0,'0','1523863925');
/*!40000 ALTER TABLE `b_bitrixcloud_option` ENABLE KEYS */;
UNLOCK TABLES;

--
-- Table structure for table `b_blog`
--

DROP TABLE IF EXISTS `b_blog`;
/*!40101 SET @saved_cs_client     = @@character_set_client */;
/*!40101 SET character_set_client = utf8 */;
CREATE TABLE `b_blog` (
  `ID` int(11) NOT NULL AUTO_INCREMENT,
  `NAME` varchar(255) COLLATE utf8_unicode_ci NOT NULL,
  `DESCRIPTION` text COLLATE utf8_unicode_ci,
  `DATE_CREATE` datetime NOT NULL,
  `DATE_UPDATE` datetime NOT NULL,
  `ACTIVE` char(1) COLLATE utf8_unicode_ci NOT NULL DEFAULT 'Y',
  `OWNER_ID` int(11) DEFAULT NULL,
  `SOCNET_GROUP_ID` int(11) DEFAULT NULL,
  `URL` varchar(255) COLLATE utf8_unicode_ci NOT NULL,
  `REAL_URL` varchar(255) COLLATE utf8_unicode_ci DEFAULT NULL,
  `GROUP_ID` int(11) NOT NULL,
  `ENABLE_COMMENTS` char(1) COLLATE utf8_unicode_ci NOT NULL DEFAULT 'Y',
  `ENABLE_IMG_VERIF` char(1) COLLATE utf8_unicode_ci NOT NULL DEFAULT 'N',
  `ENABLE_RSS` char(1) COLLATE utf8_unicode_ci NOT NULL DEFAULT 'Y',
  `LAST_POST_ID` int(11) DEFAULT NULL,
  `LAST_POST_DATE` datetime DEFAULT NULL,
  `AUTO_GROUPS` varchar(255) COLLATE utf8_unicode_ci DEFAULT NULL,
  `EMAIL_NOTIFY` char(1) COLLATE utf8_unicode_ci NOT NULL DEFAULT 'Y',
  `ALLOW_HTML` char(1) COLLATE utf8_unicode_ci NOT NULL DEFAULT 'N',
  `SEARCH_INDEX` char(1) COLLATE utf8_unicode_ci NOT NULL DEFAULT 'Y',
  `USE_SOCNET` char(1) COLLATE utf8_unicode_ci NOT NULL DEFAULT 'N',
  `EDITOR_USE_FONT` char(1) COLLATE utf8_unicode_ci DEFAULT 'N',
  `EDITOR_USE_LINK` char(1) COLLATE utf8_unicode_ci DEFAULT 'N',
  `EDITOR_USE_IMAGE` char(1) COLLATE utf8_unicode_ci DEFAULT 'N',
  `EDITOR_USE_VIDEO` char(1) COLLATE utf8_unicode_ci DEFAULT 'N',
  `EDITOR_USE_FORMAT` char(1) COLLATE utf8_unicode_ci DEFAULT 'N',
  PRIMARY KEY (`ID`),
  UNIQUE KEY `IX_BLOG_BLOG_4` (`URL`),
  KEY `IX_BLOG_BLOG_1` (`GROUP_ID`,`ACTIVE`),
  KEY `IX_BLOG_BLOG_2` (`OWNER_ID`),
  KEY `IX_BLOG_BLOG_5` (`LAST_POST_DATE`),
  KEY `IX_BLOG_BLOG_6` (`SOCNET_GROUP_ID`)
) ENGINE=InnoDB DEFAULT CHARSET=utf8 COLLATE=utf8_unicode_ci;
/*!40101 SET character_set_client = @saved_cs_client */;

--
-- Dumping data for table `b_blog`
--

LOCK TABLES `b_blog` WRITE;
/*!40000 ALTER TABLE `b_blog` DISABLE KEYS */;
/*!40000 ALTER TABLE `b_blog` ENABLE KEYS */;
UNLOCK TABLES;

--
-- Table structure for table `b_blog_category`
--

DROP TABLE IF EXISTS `b_blog_category`;
/*!40101 SET @saved_cs_client     = @@character_set_client */;
/*!40101 SET character_set_client = utf8 */;
CREATE TABLE `b_blog_category` (
  `ID` int(11) NOT NULL AUTO_INCREMENT,
  `BLOG_ID` int(11) NOT NULL,
  `NAME` varchar(255) COLLATE utf8_unicode_ci NOT NULL,
  PRIMARY KEY (`ID`),
  UNIQUE KEY `IX_BLOG_CAT_1` (`BLOG_ID`,`NAME`)
) ENGINE=InnoDB DEFAULT CHARSET=utf8 COLLATE=utf8_unicode_ci;
/*!40101 SET character_set_client = @saved_cs_client */;

--
-- Dumping data for table `b_blog_category`
--

LOCK TABLES `b_blog_category` WRITE;
/*!40000 ALTER TABLE `b_blog_category` DISABLE KEYS */;
/*!40000 ALTER TABLE `b_blog_category` ENABLE KEYS */;
UNLOCK TABLES;

--
-- Table structure for table `b_blog_comment`
--

DROP TABLE IF EXISTS `b_blog_comment`;
/*!40101 SET @saved_cs_client     = @@character_set_client */;
/*!40101 SET character_set_client = utf8 */;
CREATE TABLE `b_blog_comment` (
  `ID` int(11) NOT NULL AUTO_INCREMENT,
  `BLOG_ID` int(11) NOT NULL,
  `POST_ID` int(11) NOT NULL,
  `PARENT_ID` int(11) DEFAULT NULL,
  `AUTHOR_ID` int(11) DEFAULT NULL,
  `ICON_ID` int(11) DEFAULT NULL,
  `AUTHOR_NAME` varchar(255) COLLATE utf8_unicode_ci DEFAULT NULL,
  `AUTHOR_EMAIL` varchar(255) COLLATE utf8_unicode_ci DEFAULT NULL,
  `AUTHOR_IP` varchar(20) COLLATE utf8_unicode_ci DEFAULT NULL,
  `AUTHOR_IP1` varchar(20) COLLATE utf8_unicode_ci DEFAULT NULL,
  `DATE_CREATE` datetime NOT NULL,
  `TITLE` varchar(255) COLLATE utf8_unicode_ci DEFAULT NULL,
  `POST_TEXT` text COLLATE utf8_unicode_ci NOT NULL,
  `PUBLISH_STATUS` char(1) COLLATE utf8_unicode_ci NOT NULL DEFAULT 'P',
  `HAS_PROPS` varchar(1) COLLATE utf8_unicode_ci DEFAULT NULL,
  `SHARE_DEST` varchar(255) COLLATE utf8_unicode_ci DEFAULT NULL,
  `PATH` varchar(255) COLLATE utf8_unicode_ci DEFAULT NULL,
  PRIMARY KEY (`ID`),
  KEY `IX_BLOG_COMM_1` (`BLOG_ID`,`POST_ID`),
  KEY `IX_BLOG_COMM_2` (`AUTHOR_ID`),
  KEY `IX_BLOG_COMM_3` (`DATE_CREATE`,`AUTHOR_ID`),
  KEY `IX_BLOG_COMM_4` (`POST_ID`)
) ENGINE=InnoDB DEFAULT CHARSET=utf8 COLLATE=utf8_unicode_ci;
/*!40101 SET character_set_client = @saved_cs_client */;

--
-- Dumping data for table `b_blog_comment`
--

LOCK TABLES `b_blog_comment` WRITE;
/*!40000 ALTER TABLE `b_blog_comment` DISABLE KEYS */;
/*!40000 ALTER TABLE `b_blog_comment` ENABLE KEYS */;
UNLOCK TABLES;

--
-- Table structure for table `b_blog_group`
--

DROP TABLE IF EXISTS `b_blog_group`;
/*!40101 SET @saved_cs_client     = @@character_set_client */;
/*!40101 SET character_set_client = utf8 */;
CREATE TABLE `b_blog_group` (
  `ID` int(11) NOT NULL AUTO_INCREMENT,
  `NAME` varchar(255) COLLATE utf8_unicode_ci NOT NULL,
  `SITE_ID` char(2) COLLATE utf8_unicode_ci NOT NULL,
  PRIMARY KEY (`ID`),
  KEY `IX_BLOG_GROUP_1` (`SITE_ID`)
) ENGINE=InnoDB DEFAULT CHARSET=utf8 COLLATE=utf8_unicode_ci;
/*!40101 SET character_set_client = @saved_cs_client */;

--
-- Dumping data for table `b_blog_group`
--

LOCK TABLES `b_blog_group` WRITE;
/*!40000 ALTER TABLE `b_blog_group` DISABLE KEYS */;
/*!40000 ALTER TABLE `b_blog_group` ENABLE KEYS */;
UNLOCK TABLES;

--
-- Table structure for table `b_blog_image`
--

DROP TABLE IF EXISTS `b_blog_image`;
/*!40101 SET @saved_cs_client     = @@character_set_client */;
/*!40101 SET character_set_client = utf8 */;
CREATE TABLE `b_blog_image` (
  `ID` int(11) NOT NULL AUTO_INCREMENT,
  `FILE_ID` int(11) NOT NULL DEFAULT '0',
  `BLOG_ID` int(11) NOT NULL DEFAULT '0',
  `POST_ID` int(11) NOT NULL DEFAULT '0',
  `USER_ID` int(11) NOT NULL DEFAULT '0',
  `TIMESTAMP_X` datetime NOT NULL DEFAULT '1970-01-01 00:00:01',
  `TITLE` varchar(255) COLLATE utf8_unicode_ci DEFAULT NULL,
  `IMAGE_SIZE` int(11) NOT NULL DEFAULT '0',
  `IS_COMMENT` varchar(1) COLLATE utf8_unicode_ci NOT NULL DEFAULT 'N',
  `COMMENT_ID` int(11) DEFAULT NULL,
  PRIMARY KEY (`ID`),
  KEY `IX_BLOG_IMAGE_1` (`POST_ID`,`BLOG_ID`)
) ENGINE=InnoDB DEFAULT CHARSET=utf8 COLLATE=utf8_unicode_ci;
/*!40101 SET character_set_client = @saved_cs_client */;

--
-- Dumping data for table `b_blog_image`
--

LOCK TABLES `b_blog_image` WRITE;
/*!40000 ALTER TABLE `b_blog_image` DISABLE KEYS */;
/*!40000 ALTER TABLE `b_blog_image` ENABLE KEYS */;
UNLOCK TABLES;

--
-- Table structure for table `b_blog_post`
--

DROP TABLE IF EXISTS `b_blog_post`;
/*!40101 SET @saved_cs_client     = @@character_set_client */;
/*!40101 SET character_set_client = utf8 */;
CREATE TABLE `b_blog_post` (
  `ID` int(11) NOT NULL AUTO_INCREMENT,
  `TITLE` varchar(255) COLLATE utf8_unicode_ci NOT NULL,
  `BLOG_ID` int(11) NOT NULL,
  `AUTHOR_ID` int(11) NOT NULL,
  `PREVIEW_TEXT` text COLLATE utf8_unicode_ci,
  `PREVIEW_TEXT_TYPE` char(4) COLLATE utf8_unicode_ci NOT NULL DEFAULT 'text',
  `DETAIL_TEXT` mediumtext COLLATE utf8_unicode_ci NOT NULL,
  `DETAIL_TEXT_TYPE` char(4) COLLATE utf8_unicode_ci NOT NULL DEFAULT 'text',
  `DATE_CREATE` datetime NOT NULL,
  `DATE_PUBLISH` datetime NOT NULL,
  `KEYWORDS` varchar(255) COLLATE utf8_unicode_ci DEFAULT NULL,
  `PUBLISH_STATUS` char(1) COLLATE utf8_unicode_ci NOT NULL DEFAULT 'P',
  `CATEGORY_ID` varchar(255) COLLATE utf8_unicode_ci DEFAULT NULL,
  `ATRIBUTE` varchar(255) COLLATE utf8_unicode_ci DEFAULT NULL,
  `ENABLE_TRACKBACK` char(1) COLLATE utf8_unicode_ci NOT NULL DEFAULT 'Y',
  `ENABLE_COMMENTS` char(1) COLLATE utf8_unicode_ci NOT NULL DEFAULT 'Y',
  `ATTACH_IMG` int(11) DEFAULT NULL,
  `NUM_COMMENTS` int(11) NOT NULL DEFAULT '0',
  `NUM_COMMENTS_ALL` int(11) NOT NULL DEFAULT '0',
  `NUM_TRACKBACKS` int(11) NOT NULL DEFAULT '0',
  `VIEWS` int(11) DEFAULT NULL,
  `FAVORITE_SORT` int(11) DEFAULT NULL,
  `PATH` varchar(255) COLLATE utf8_unicode_ci DEFAULT NULL,
  `CODE` varchar(255) COLLATE utf8_unicode_ci DEFAULT NULL,
  `MICRO` char(1) COLLATE utf8_unicode_ci NOT NULL DEFAULT 'N',
  `HAS_IMAGES` varchar(1) COLLATE utf8_unicode_ci DEFAULT NULL,
  `HAS_PROPS` varchar(1) COLLATE utf8_unicode_ci DEFAULT NULL,
  `HAS_TAGS` varchar(1) COLLATE utf8_unicode_ci DEFAULT NULL,
  `HAS_COMMENT_IMAGES` varchar(1) COLLATE utf8_unicode_ci DEFAULT NULL,
  `HAS_SOCNET_ALL` varchar(1) COLLATE utf8_unicode_ci DEFAULT NULL,
  `SEO_TITLE` varchar(255) COLLATE utf8_unicode_ci DEFAULT NULL,
  `SEO_TAGS` varchar(255) COLLATE utf8_unicode_ci DEFAULT NULL,
  `SEO_DESCRIPTION` text COLLATE utf8_unicode_ci,
  PRIMARY KEY (`ID`),
  KEY `IX_BLOG_POST_1` (`BLOG_ID`,`PUBLISH_STATUS`,`DATE_PUBLISH`),
  KEY `IX_BLOG_POST_2` (`BLOG_ID`,`DATE_PUBLISH`,`PUBLISH_STATUS`),
  KEY `IX_BLOG_POST_3` (`BLOG_ID`,`CATEGORY_ID`),
  KEY `IX_BLOG_POST_4` (`PUBLISH_STATUS`,`DATE_PUBLISH`),
  KEY `IX_BLOG_POST_5` (`DATE_PUBLISH`,`AUTHOR_ID`),
  KEY `IX_BLOG_POST_CODE` (`BLOG_ID`,`CODE`),
  KEY `IX_BLOG_POST_6` (`CODE`)
) ENGINE=InnoDB DEFAULT CHARSET=utf8 COLLATE=utf8_unicode_ci;
/*!40101 SET character_set_client = @saved_cs_client */;

--
-- Dumping data for table `b_blog_post`
--

LOCK TABLES `b_blog_post` WRITE;
/*!40000 ALTER TABLE `b_blog_post` DISABLE KEYS */;
/*!40000 ALTER TABLE `b_blog_post` ENABLE KEYS */;
UNLOCK TABLES;

--
-- Table structure for table `b_blog_post_category`
--

DROP TABLE IF EXISTS `b_blog_post_category`;
/*!40101 SET @saved_cs_client     = @@character_set_client */;
/*!40101 SET character_set_client = utf8 */;
CREATE TABLE `b_blog_post_category` (
  `ID` int(11) NOT NULL AUTO_INCREMENT,
  `BLOG_ID` int(11) NOT NULL,
  `POST_ID` int(11) NOT NULL,
  `CATEGORY_ID` int(11) NOT NULL,
  PRIMARY KEY (`ID`),
  UNIQUE KEY `IX_BLOG_POST_CATEGORY` (`POST_ID`,`CATEGORY_ID`),
  KEY `IX_BLOG_POST_CATEGORY_CAT_ID` (`CATEGORY_ID`)
) ENGINE=InnoDB DEFAULT CHARSET=utf8 COLLATE=utf8_unicode_ci;
/*!40101 SET character_set_client = @saved_cs_client */;

--
-- Dumping data for table `b_blog_post_category`
--

LOCK TABLES `b_blog_post_category` WRITE;
/*!40000 ALTER TABLE `b_blog_post_category` DISABLE KEYS */;
/*!40000 ALTER TABLE `b_blog_post_category` ENABLE KEYS */;
UNLOCK TABLES;

--
-- Table structure for table `b_blog_post_param`
--

DROP TABLE IF EXISTS `b_blog_post_param`;
/*!40101 SET @saved_cs_client     = @@character_set_client */;
/*!40101 SET character_set_client = utf8 */;
CREATE TABLE `b_blog_post_param` (
  `ID` int(11) NOT NULL AUTO_INCREMENT,
  `POST_ID` int(11) DEFAULT NULL,
  `USER_ID` int(11) DEFAULT NULL,
  `NAME` varchar(50) COLLATE utf8_unicode_ci NOT NULL,
  `VALUE` varchar(255) COLLATE utf8_unicode_ci NOT NULL,
  PRIMARY KEY (`ID`),
  KEY `IX_BLOG_PP_1` (`POST_ID`,`USER_ID`),
  KEY `IX_BLOG_PP_2` (`USER_ID`)
) ENGINE=InnoDB DEFAULT CHARSET=utf8 COLLATE=utf8_unicode_ci;
/*!40101 SET character_set_client = @saved_cs_client */;

--
-- Dumping data for table `b_blog_post_param`
--

LOCK TABLES `b_blog_post_param` WRITE;
/*!40000 ALTER TABLE `b_blog_post_param` DISABLE KEYS */;
/*!40000 ALTER TABLE `b_blog_post_param` ENABLE KEYS */;
UNLOCK TABLES;

--
-- Table structure for table `b_blog_site_path`
--

DROP TABLE IF EXISTS `b_blog_site_path`;
/*!40101 SET @saved_cs_client     = @@character_set_client */;
/*!40101 SET character_set_client = utf8 */;
CREATE TABLE `b_blog_site_path` (
  `ID` int(11) NOT NULL AUTO_INCREMENT,
  `SITE_ID` char(2) COLLATE utf8_unicode_ci NOT NULL,
  `PATH` varchar(255) COLLATE utf8_unicode_ci NOT NULL,
  `TYPE` char(1) COLLATE utf8_unicode_ci DEFAULT NULL,
  PRIMARY KEY (`ID`),
  UNIQUE KEY `IX_BLOG_SITE_PATH_2` (`SITE_ID`,`TYPE`)
) ENGINE=InnoDB DEFAULT CHARSET=utf8 COLLATE=utf8_unicode_ci;
/*!40101 SET character_set_client = @saved_cs_client */;

--
-- Dumping data for table `b_blog_site_path`
--

LOCK TABLES `b_blog_site_path` WRITE;
/*!40000 ALTER TABLE `b_blog_site_path` DISABLE KEYS */;
/*!40000 ALTER TABLE `b_blog_site_path` ENABLE KEYS */;
UNLOCK TABLES;

--
-- Table structure for table `b_blog_socnet`
--

DROP TABLE IF EXISTS `b_blog_socnet`;
/*!40101 SET @saved_cs_client     = @@character_set_client */;
/*!40101 SET character_set_client = utf8 */;
CREATE TABLE `b_blog_socnet` (
  `ID` int(11) NOT NULL AUTO_INCREMENT,
  `BLOG_ID` int(11) NOT NULL,
  PRIMARY KEY (`ID`),
  UNIQUE KEY `IX_BLOG_SOCNET` (`BLOG_ID`)
) ENGINE=InnoDB DEFAULT CHARSET=utf8 COLLATE=utf8_unicode_ci;
/*!40101 SET character_set_client = @saved_cs_client */;

--
-- Dumping data for table `b_blog_socnet`
--

LOCK TABLES `b_blog_socnet` WRITE;
/*!40000 ALTER TABLE `b_blog_socnet` DISABLE KEYS */;
/*!40000 ALTER TABLE `b_blog_socnet` ENABLE KEYS */;
UNLOCK TABLES;

--
-- Table structure for table `b_blog_socnet_rights`
--

DROP TABLE IF EXISTS `b_blog_socnet_rights`;
/*!40101 SET @saved_cs_client     = @@character_set_client */;
/*!40101 SET character_set_client = utf8 */;
CREATE TABLE `b_blog_socnet_rights` (
  `ID` int(11) NOT NULL AUTO_INCREMENT,
  `POST_ID` int(11) NOT NULL,
  `ENTITY_TYPE` varchar(45) COLLATE utf8_unicode_ci NOT NULL,
  `ENTITY_ID` int(11) NOT NULL,
  `ENTITY` varchar(45) COLLATE utf8_unicode_ci NOT NULL,
  PRIMARY KEY (`ID`),
  KEY `IX_BLOG_SR_1` (`POST_ID`)
) ENGINE=InnoDB DEFAULT CHARSET=utf8 COLLATE=utf8_unicode_ci;
/*!40101 SET character_set_client = @saved_cs_client */;

--
-- Dumping data for table `b_blog_socnet_rights`
--

LOCK TABLES `b_blog_socnet_rights` WRITE;
/*!40000 ALTER TABLE `b_blog_socnet_rights` DISABLE KEYS */;
/*!40000 ALTER TABLE `b_blog_socnet_rights` ENABLE KEYS */;
UNLOCK TABLES;

--
-- Table structure for table `b_blog_trackback`
--

DROP TABLE IF EXISTS `b_blog_trackback`;
/*!40101 SET @saved_cs_client     = @@character_set_client */;
/*!40101 SET character_set_client = utf8 */;
CREATE TABLE `b_blog_trackback` (
  `ID` int(11) NOT NULL AUTO_INCREMENT,
  `TITLE` varchar(255) COLLATE utf8_unicode_ci NOT NULL,
  `URL` varchar(255) COLLATE utf8_unicode_ci NOT NULL,
  `PREVIEW_TEXT` text COLLATE utf8_unicode_ci NOT NULL,
  `BLOG_NAME` varchar(255) COLLATE utf8_unicode_ci DEFAULT NULL,
  `POST_DATE` datetime NOT NULL,
  `BLOG_ID` int(11) NOT NULL,
  `POST_ID` int(11) NOT NULL,
  PRIMARY KEY (`ID`),
  KEY `IX_BLOG_TRBK_1` (`BLOG_ID`,`POST_ID`),
  KEY `IX_BLOG_TRBK_2` (`POST_ID`)
) ENGINE=InnoDB DEFAULT CHARSET=utf8 COLLATE=utf8_unicode_ci;
/*!40101 SET character_set_client = @saved_cs_client */;

--
-- Dumping data for table `b_blog_trackback`
--

LOCK TABLES `b_blog_trackback` WRITE;
/*!40000 ALTER TABLE `b_blog_trackback` DISABLE KEYS */;
/*!40000 ALTER TABLE `b_blog_trackback` ENABLE KEYS */;
UNLOCK TABLES;

--
-- Table structure for table `b_blog_user`
--

DROP TABLE IF EXISTS `b_blog_user`;
/*!40101 SET @saved_cs_client     = @@character_set_client */;
/*!40101 SET character_set_client = utf8 */;
CREATE TABLE `b_blog_user` (
  `ID` int(11) NOT NULL AUTO_INCREMENT,
  `USER_ID` int(11) NOT NULL,
  `ALIAS` varchar(255) COLLATE utf8_unicode_ci DEFAULT NULL,
  `DESCRIPTION` text COLLATE utf8_unicode_ci,
  `AVATAR` int(11) DEFAULT NULL,
  `INTERESTS` varchar(255) COLLATE utf8_unicode_ci DEFAULT NULL,
  `LAST_VISIT` datetime DEFAULT NULL,
  `DATE_REG` datetime NOT NULL,
  `ALLOW_POST` char(1) COLLATE utf8_unicode_ci NOT NULL DEFAULT 'Y',
  PRIMARY KEY (`ID`),
  UNIQUE KEY `IX_BLOG_USER_1` (`USER_ID`),
  KEY `IX_BLOG_USER_2` (`ALIAS`)
) ENGINE=InnoDB AUTO_INCREMENT=6 DEFAULT CHARSET=utf8 COLLATE=utf8_unicode_ci;
/*!40101 SET character_set_client = @saved_cs_client */;

--
-- Dumping data for table `b_blog_user`
--

LOCK TABLES `b_blog_user` WRITE;
/*!40000 ALTER TABLE `b_blog_user` DISABLE KEYS */;
INSERT INTO `b_blog_user` VALUES (1,2,'','',NULL,'',NULL,'2018-04-16 09:26:21','Y'),(2,3,'','',NULL,'',NULL,'2018-04-16 10:20:36','Y'),(3,4,'','',NULL,'',NULL,'2018-04-16 10:20:59','Y'),(4,5,'','',NULL,'',NULL,'2018-04-16 10:21:20','Y'),(5,1,'','',NULL,'',NULL,'2018-04-16 10:24:32','Y');
/*!40000 ALTER TABLE `b_blog_user` ENABLE KEYS */;
UNLOCK TABLES;

--
-- Table structure for table `b_blog_user2blog`
--

DROP TABLE IF EXISTS `b_blog_user2blog`;
/*!40101 SET @saved_cs_client     = @@character_set_client */;
/*!40101 SET character_set_client = utf8 */;
CREATE TABLE `b_blog_user2blog` (
  `ID` int(11) NOT NULL AUTO_INCREMENT,
  `USER_ID` int(11) NOT NULL,
  `BLOG_ID` int(11) NOT NULL,
  PRIMARY KEY (`ID`),
  UNIQUE KEY `IX_BLOG_USER2GROUP_1` (`BLOG_ID`,`USER_ID`)
) ENGINE=InnoDB DEFAULT CHARSET=utf8 COLLATE=utf8_unicode_ci;
/*!40101 SET character_set_client = @saved_cs_client */;

--
-- Dumping data for table `b_blog_user2blog`
--

LOCK TABLES `b_blog_user2blog` WRITE;
/*!40000 ALTER TABLE `b_blog_user2blog` DISABLE KEYS */;
/*!40000 ALTER TABLE `b_blog_user2blog` ENABLE KEYS */;
UNLOCK TABLES;

--
-- Table structure for table `b_blog_user2user_group`
--

DROP TABLE IF EXISTS `b_blog_user2user_group`;
/*!40101 SET @saved_cs_client     = @@character_set_client */;
/*!40101 SET character_set_client = utf8 */;
CREATE TABLE `b_blog_user2user_group` (
  `ID` int(11) NOT NULL AUTO_INCREMENT,
  `USER_ID` int(11) NOT NULL,
  `BLOG_ID` int(11) NOT NULL,
  `USER_GROUP_ID` int(11) NOT NULL,
  PRIMARY KEY (`ID`),
  UNIQUE KEY `IX_BLOG_USER2GROUP_1` (`USER_ID`,`BLOG_ID`,`USER_GROUP_ID`)
) ENGINE=InnoDB DEFAULT CHARSET=utf8 COLLATE=utf8_unicode_ci;
/*!40101 SET character_set_client = @saved_cs_client */;

--
-- Dumping data for table `b_blog_user2user_group`
--

LOCK TABLES `b_blog_user2user_group` WRITE;
/*!40000 ALTER TABLE `b_blog_user2user_group` DISABLE KEYS */;
/*!40000 ALTER TABLE `b_blog_user2user_group` ENABLE KEYS */;
UNLOCK TABLES;

--
-- Table structure for table `b_blog_user_group`
--

DROP TABLE IF EXISTS `b_blog_user_group`;
/*!40101 SET @saved_cs_client     = @@character_set_client */;
/*!40101 SET character_set_client = utf8 */;
CREATE TABLE `b_blog_user_group` (
  `ID` int(11) NOT NULL AUTO_INCREMENT,
  `BLOG_ID` int(11) DEFAULT NULL,
  `NAME` varchar(255) COLLATE utf8_unicode_ci NOT NULL,
  PRIMARY KEY (`ID`),
  KEY `IX_BLOG_USER_GROUP_1` (`BLOG_ID`)
) ENGINE=InnoDB AUTO_INCREMENT=3 DEFAULT CHARSET=utf8 COLLATE=utf8_unicode_ci;
/*!40101 SET character_set_client = @saved_cs_client */;

--
-- Dumping data for table `b_blog_user_group`
--

LOCK TABLES `b_blog_user_group` WRITE;
/*!40000 ALTER TABLE `b_blog_user_group` DISABLE KEYS */;
INSERT INTO `b_blog_user_group` VALUES (1,NULL,'all'),(2,NULL,'registered');
/*!40000 ALTER TABLE `b_blog_user_group` ENABLE KEYS */;
UNLOCK TABLES;

--
-- Table structure for table `b_blog_user_group_perms`
--

DROP TABLE IF EXISTS `b_blog_user_group_perms`;
/*!40101 SET @saved_cs_client     = @@character_set_client */;
/*!40101 SET character_set_client = utf8 */;
CREATE TABLE `b_blog_user_group_perms` (
  `ID` int(11) NOT NULL AUTO_INCREMENT,
  `BLOG_ID` int(11) NOT NULL,
  `USER_GROUP_ID` int(11) NOT NULL,
  `PERMS_TYPE` char(1) COLLATE utf8_unicode_ci NOT NULL DEFAULT 'P',
  `POST_ID` int(11) DEFAULT NULL,
  `PERMS` char(1) COLLATE utf8_unicode_ci NOT NULL DEFAULT 'D',
  `AUTOSET` char(1) COLLATE utf8_unicode_ci NOT NULL DEFAULT 'N',
  PRIMARY KEY (`ID`),
  UNIQUE KEY `IX_BLOG_UG_PERMS_1` (`BLOG_ID`,`USER_GROUP_ID`,`PERMS_TYPE`,`POST_ID`),
  KEY `IX_BLOG_UG_PERMS_2` (`USER_GROUP_ID`,`PERMS_TYPE`,`POST_ID`),
  KEY `IX_BLOG_UG_PERMS_3` (`POST_ID`,`USER_GROUP_ID`,`PERMS_TYPE`)
) ENGINE=InnoDB DEFAULT CHARSET=utf8 COLLATE=utf8_unicode_ci;
/*!40101 SET character_set_client = @saved_cs_client */;

--
-- Dumping data for table `b_blog_user_group_perms`
--

LOCK TABLES `b_blog_user_group_perms` WRITE;
/*!40000 ALTER TABLE `b_blog_user_group_perms` DISABLE KEYS */;
/*!40000 ALTER TABLE `b_blog_user_group_perms` ENABLE KEYS */;
UNLOCK TABLES;

--
-- Table structure for table `b_cache_tag`
--

DROP TABLE IF EXISTS `b_cache_tag`;
/*!40101 SET @saved_cs_client     = @@character_set_client */;
/*!40101 SET character_set_client = utf8 */;
CREATE TABLE `b_cache_tag` (
  `SITE_ID` char(2) COLLATE utf8_unicode_ci DEFAULT NULL,
  `CACHE_SALT` char(4) COLLATE utf8_unicode_ci DEFAULT NULL,
  `RELATIVE_PATH` varchar(255) COLLATE utf8_unicode_ci DEFAULT NULL,
  `TAG` varchar(100) COLLATE utf8_unicode_ci DEFAULT NULL,
  KEY `ix_b_cache_tag_0` (`SITE_ID`,`CACHE_SALT`,`RELATIVE_PATH`(50)),
  KEY `ix_b_cache_tag_1` (`TAG`)
) ENGINE=InnoDB DEFAULT CHARSET=utf8 COLLATE=utf8_unicode_ci;
/*!40101 SET character_set_client = @saved_cs_client */;

--
-- Dumping data for table `b_cache_tag`
--

LOCK TABLES `b_cache_tag` WRITE;
/*!40000 ALTER TABLE `b_cache_tag` DISABLE KEYS */;
INSERT INTO `b_cache_tag` VALUES (NULL,NULL,'0:1523880095','**'),('s2','/110','/s2/bitrix/menu/06f','bitrix:menu'),('s1','/e25','/s1/bitrix/menu.sections/06f','iblock_id_2'),('s1','/e25','/s1/bitrix/menu/06f','bitrix:menu'),('s1','/e25','/s1/bitrix/furniture.catalog.random/06f','iblock_id_2'),('s1','/e25','/s1/bitrix/furniture.catalog.index/e25','iblock_id_2'),('s1','/e25','/s1/bitrix/furniture.catalog.index/e25','iblock_id_3'),('s1','/f6e','/s1/bitrix/menu/06f','bitrix:menu'),('s1','/f6e','/s1/bitrix/menu.sections/06f','iblock_id_2'),('s1','/f6e','/s1/bitrix/furniture.catalog.random/06f','iblock_id_2'),('s2','/110','/s2/bitrix/news.list/110','iblock_id_1'),('s1','/e25','/s1/bitrix/news.list/06f','iblock_id_1');
/*!40000 ALTER TABLE `b_cache_tag` ENABLE KEYS */;
UNLOCK TABLES;

--
-- Table structure for table `b_captcha`
--

DROP TABLE IF EXISTS `b_captcha`;
/*!40101 SET @saved_cs_client     = @@character_set_client */;
/*!40101 SET character_set_client = utf8 */;
CREATE TABLE `b_captcha` (
  `ID` varchar(32) COLLATE utf8_unicode_ci NOT NULL,
  `CODE` varchar(20) COLLATE utf8_unicode_ci NOT NULL,
  `IP` varchar(15) COLLATE utf8_unicode_ci NOT NULL,
  `DATE_CREATE` datetime NOT NULL,
  UNIQUE KEY `UX_B_CAPTCHA` (`ID`)
) ENGINE=InnoDB DEFAULT CHARSET=utf8 COLLATE=utf8_unicode_ci;
/*!40101 SET character_set_client = @saved_cs_client */;

--
-- Dumping data for table `b_captcha`
--

LOCK TABLES `b_captcha` WRITE;
/*!40000 ALTER TABLE `b_captcha` DISABLE KEYS */;
/*!40000 ALTER TABLE `b_captcha` ENABLE KEYS */;
UNLOCK TABLES;

--
-- Table structure for table `b_checklist`
--

DROP TABLE IF EXISTS `b_checklist`;
/*!40101 SET @saved_cs_client     = @@character_set_client */;
/*!40101 SET character_set_client = utf8 */;
CREATE TABLE `b_checklist` (
  `ID` int(11) NOT NULL AUTO_INCREMENT,
  `DATE_CREATE` varchar(255) COLLATE utf8_unicode_ci DEFAULT NULL,
  `TESTER` varchar(255) COLLATE utf8_unicode_ci DEFAULT NULL,
  `COMPANY_NAME` varchar(255) COLLATE utf8_unicode_ci DEFAULT NULL,
  `PICTURE` int(11) DEFAULT NULL,
  `TOTAL` int(11) DEFAULT NULL,
  `SUCCESS` int(11) DEFAULT NULL,
  `FAILED` int(11) DEFAULT NULL,
  `PENDING` int(11) DEFAULT NULL,
  `SKIP` int(11) DEFAULT NULL,
  `STATE` longtext COLLATE utf8_unicode_ci,
  `REPORT_COMMENT` text COLLATE utf8_unicode_ci,
  `REPORT` char(1) COLLATE utf8_unicode_ci DEFAULT 'Y',
  `EMAIL` varchar(50) COLLATE utf8_unicode_ci DEFAULT NULL,
  `PHONE` varchar(50) COLLATE utf8_unicode_ci DEFAULT NULL,
  `SENDED_TO_BITRIX` char(1) COLLATE utf8_unicode_ci DEFAULT 'N',
  `HIDDEN` char(1) COLLATE utf8_unicode_ci DEFAULT 'N',
  PRIMARY KEY (`ID`)
) ENGINE=InnoDB DEFAULT CHARSET=utf8 COLLATE=utf8_unicode_ci;
/*!40101 SET character_set_client = @saved_cs_client */;

--
-- Dumping data for table `b_checklist`
--

LOCK TABLES `b_checklist` WRITE;
/*!40000 ALTER TABLE `b_checklist` DISABLE KEYS */;
/*!40000 ALTER TABLE `b_checklist` ENABLE KEYS */;
UNLOCK TABLES;

--
-- Table structure for table `b_clouds_file_bucket`
--

DROP TABLE IF EXISTS `b_clouds_file_bucket`;
/*!40101 SET @saved_cs_client     = @@character_set_client */;
/*!40101 SET character_set_client = utf8 */;
CREATE TABLE `b_clouds_file_bucket` (
  `ID` int(11) NOT NULL AUTO_INCREMENT,
  `ACTIVE` char(1) COLLATE utf8_unicode_ci DEFAULT 'Y',
  `SORT` int(11) DEFAULT '500',
  `READ_ONLY` char(1) COLLATE utf8_unicode_ci DEFAULT 'N',
  `SERVICE_ID` varchar(50) COLLATE utf8_unicode_ci DEFAULT NULL,
  `BUCKET` varchar(63) COLLATE utf8_unicode_ci DEFAULT NULL,
  `LOCATION` varchar(50) COLLATE utf8_unicode_ci DEFAULT NULL,
  `CNAME` varchar(100) COLLATE utf8_unicode_ci DEFAULT NULL,
  `FILE_COUNT` int(11) DEFAULT '0',
  `FILE_SIZE` float DEFAULT '0',
  `LAST_FILE_ID` int(11) DEFAULT NULL,
  `PREFIX` varchar(100) COLLATE utf8_unicode_ci DEFAULT NULL,
  `SETTINGS` text COLLATE utf8_unicode_ci,
  `FILE_RULES` text COLLATE utf8_unicode_ci,
  PRIMARY KEY (`ID`)
) ENGINE=InnoDB DEFAULT CHARSET=utf8 COLLATE=utf8_unicode_ci;
/*!40101 SET character_set_client = @saved_cs_client */;

--
-- Dumping data for table `b_clouds_file_bucket`
--

LOCK TABLES `b_clouds_file_bucket` WRITE;
/*!40000 ALTER TABLE `b_clouds_file_bucket` DISABLE KEYS */;
/*!40000 ALTER TABLE `b_clouds_file_bucket` ENABLE KEYS */;
UNLOCK TABLES;

--
-- Table structure for table `b_clouds_file_resize`
--

DROP TABLE IF EXISTS `b_clouds_file_resize`;
/*!40101 SET @saved_cs_client     = @@character_set_client */;
/*!40101 SET character_set_client = utf8 */;
CREATE TABLE `b_clouds_file_resize` (
  `ID` int(11) NOT NULL AUTO_INCREMENT,
  `TIMESTAMP_X` timestamp NOT NULL DEFAULT CURRENT_TIMESTAMP ON UPDATE CURRENT_TIMESTAMP,
  `ERROR_CODE` char(1) COLLATE utf8_unicode_ci NOT NULL DEFAULT '0',
  `FILE_ID` int(11) DEFAULT NULL,
  `PARAMS` text COLLATE utf8_unicode_ci,
  `FROM_PATH` varchar(500) COLLATE utf8_unicode_ci DEFAULT NULL,
  `TO_PATH` varchar(500) COLLATE utf8_unicode_ci DEFAULT NULL,
  PRIMARY KEY (`ID`),
  KEY `ix_b_file_resize_ts` (`TIMESTAMP_X`),
  KEY `ix_b_file_resize_path` (`TO_PATH`(100)),
  KEY `ix_b_file_resize_file` (`FILE_ID`)
) ENGINE=InnoDB DEFAULT CHARSET=utf8 COLLATE=utf8_unicode_ci;
/*!40101 SET character_set_client = @saved_cs_client */;

--
-- Dumping data for table `b_clouds_file_resize`
--

LOCK TABLES `b_clouds_file_resize` WRITE;
/*!40000 ALTER TABLE `b_clouds_file_resize` DISABLE KEYS */;
/*!40000 ALTER TABLE `b_clouds_file_resize` ENABLE KEYS */;
UNLOCK TABLES;

--
-- Table structure for table `b_clouds_file_upload`
--

DROP TABLE IF EXISTS `b_clouds_file_upload`;
/*!40101 SET @saved_cs_client     = @@character_set_client */;
/*!40101 SET character_set_client = utf8 */;
CREATE TABLE `b_clouds_file_upload` (
  `ID` varchar(32) COLLATE utf8_unicode_ci NOT NULL,
  `TIMESTAMP_X` timestamp NOT NULL DEFAULT CURRENT_TIMESTAMP ON UPDATE CURRENT_TIMESTAMP,
  `FILE_PATH` varchar(500) COLLATE utf8_unicode_ci NOT NULL,
  `FILE_SIZE` int(11) DEFAULT NULL,
  `TMP_FILE` varchar(500) COLLATE utf8_unicode_ci DEFAULT NULL,
  `BUCKET_ID` int(11) NOT NULL,
  `PART_SIZE` int(11) NOT NULL,
  `PART_NO` int(11) NOT NULL,
  `PART_FAIL_COUNTER` int(11) NOT NULL,
  `NEXT_STEP` text COLLATE utf8_unicode_ci,
  PRIMARY KEY (`ID`)
) ENGINE=InnoDB DEFAULT CHARSET=utf8 COLLATE=utf8_unicode_ci;
/*!40101 SET character_set_client = @saved_cs_client */;

--
-- Dumping data for table `b_clouds_file_upload`
--

LOCK TABLES `b_clouds_file_upload` WRITE;
/*!40000 ALTER TABLE `b_clouds_file_upload` DISABLE KEYS */;
/*!40000 ALTER TABLE `b_clouds_file_upload` ENABLE KEYS */;
UNLOCK TABLES;

--
-- Table structure for table `b_component_params`
--

DROP TABLE IF EXISTS `b_component_params`;
/*!40101 SET @saved_cs_client     = @@character_set_client */;
/*!40101 SET character_set_client = utf8 */;
CREATE TABLE `b_component_params` (
  `ID` int(11) NOT NULL AUTO_INCREMENT,
  `SITE_ID` char(2) COLLATE utf8_unicode_ci NOT NULL,
  `COMPONENT_NAME` varchar(255) COLLATE utf8_unicode_ci NOT NULL,
  `TEMPLATE_NAME` varchar(255) COLLATE utf8_unicode_ci DEFAULT NULL,
  `REAL_PATH` varchar(255) COLLATE utf8_unicode_ci NOT NULL,
  `SEF_MODE` char(1) COLLATE utf8_unicode_ci NOT NULL DEFAULT 'Y',
  `SEF_FOLDER` varchar(255) COLLATE utf8_unicode_ci DEFAULT NULL,
  `START_CHAR` int(11) NOT NULL,
  `END_CHAR` int(11) NOT NULL,
  `PARAMETERS` text COLLATE utf8_unicode_ci,
  PRIMARY KEY (`ID`),
  KEY `ix_comp_params_name` (`COMPONENT_NAME`),
  KEY `ix_comp_params_path` (`SITE_ID`,`REAL_PATH`),
  KEY `ix_comp_params_sname` (`SITE_ID`,`COMPONENT_NAME`)
) ENGINE=InnoDB AUTO_INCREMENT=13 DEFAULT CHARSET=utf8 COLLATE=utf8_unicode_ci;
/*!40101 SET character_set_client = @saved_cs_client */;

--
-- Dumping data for table `b_component_params`
--

LOCK TABLES `b_component_params` WRITE;
/*!40000 ALTER TABLE `b_component_params` DISABLE KEYS */;
INSERT INTO `b_component_params` VALUES (5,'s1','custom:simplecomp.exam','.default','/ex2/simplecomp/index.php','N',NULL,110,398,'a:6:{s:18:\"COMPONENT_TEMPLATE\";s:8:\".default\";s:14:\"NEWS_IBLOCK_ID\";s:1:\"1\";s:14:\"NEWS_LINK_CODE\";s:11:\"AUTHOR_LINK\";s:14:\"UF_AUTHOR_CODE\";s:14:\"UF_AUTHOR_TYPE\";s:10:\"CACHE_TYPE\";s:1:\"A\";s:10:\"CACHE_TIME\";s:7:\"3600000\";}'),(9,'s1','bitrix:news.list','','/var/www/exam2tier2_demo2/local/php_interface/include/EventHandler.php','N',NULL,92,160,'a:0:{}'),(12,'s2','bitrix:news.list','news_list','/ex2/site2/index.php','N',NULL,110,1798,'a:52:{s:18:\"COMPONENT_TEMPLATE\";s:9:\"news_list\";s:11:\"IBLOCK_TYPE\";s:4:\"news\";s:9:\"IBLOCK_ID\";s:1:\"1\";s:10:\"NEWS_COUNT\";s:2:\"20\";s:8:\"SORT_BY1\";s:11:\"ACTIVE_FROM\";s:11:\"SORT_ORDER1\";s:4:\"DESC\";s:8:\"SORT_BY2\";s:4:\"SORT\";s:11:\"SORT_ORDER2\";s:3:\"ASC\";s:11:\"FILTER_NAME\";s:0:\"\";s:10:\"FIELD_CODE\";a:2:{i:0;s:0:\"\";i:1;s:0:\"\";}s:13:\"PROPERTY_CODE\";a:3:{i:0;s:10:\"ENG_ANONCE\";i:1;s:8:\"ENG_NAME\";i:2;s:0:\"\";}s:11:\"CHECK_DATES\";s:1:\"Y\";s:10:\"DETAIL_URL\";s:0:\"\";s:9:\"AJAX_MODE\";s:1:\"N\";s:16:\"AJAX_OPTION_JUMP\";s:1:\"N\";s:17:\"AJAX_OPTION_STYLE\";s:1:\"Y\";s:19:\"AJAX_OPTION_HISTORY\";s:1:\"N\";s:22:\"AJAX_OPTION_ADDITIONAL\";s:0:\"\";s:10:\"CACHE_TYPE\";s:1:\"A\";s:10:\"CACHE_TIME\";s:8:\"36000000\";s:12:\"CACHE_FILTER\";s:1:\"N\";s:12:\"CACHE_GROUPS\";s:1:\"Y\";s:20:\"PREVIEW_TRUNCATE_LEN\";s:0:\"\";s:18:\"ACTIVE_DATE_FORMAT\";s:5:\"m/d/Y\";s:9:\"SET_TITLE\";s:1:\"Y\";s:17:\"SET_BROWSER_TITLE\";s:1:\"Y\";s:17:\"SET_META_KEYWORDS\";s:1:\"Y\";s:20:\"SET_META_DESCRIPTION\";s:1:\"Y\";s:17:\"SET_LAST_MODIFIED\";s:1:\"N\";s:25:\"INCLUDE_IBLOCK_INTO_CHAIN\";s:1:\"Y\";s:18:\"ADD_SECTIONS_CHAIN\";s:1:\"Y\";s:24:\"HIDE_LINK_WHEN_NO_DETAIL\";s:1:\"N\";s:14:\"PARENT_SECTION\";s:0:\"\";s:19:\"PARENT_SECTION_CODE\";s:0:\"\";s:19:\"INCLUDE_SUBSECTIONS\";s:1:\"Y\";s:20:\"STRICT_SECTION_CHECK\";s:1:\"N\";s:12:\"DISPLAY_DATE\";s:1:\"Y\";s:12:\"DISPLAY_NAME\";s:1:\"Y\";s:15:\"DISPLAY_PICTURE\";s:1:\"Y\";s:20:\"DISPLAY_PREVIEW_TEXT\";s:1:\"Y\";s:14:\"PAGER_TEMPLATE\";s:8:\".default\";s:17:\"DISPLAY_TOP_PAGER\";s:1:\"N\";s:20:\"DISPLAY_BOTTOM_PAGER\";s:1:\"Y\";s:11:\"PAGER_TITLE\";s:4:\"News\";s:17:\"PAGER_SHOW_ALWAYS\";s:1:\"N\";s:20:\"PAGER_DESC_NUMBERING\";s:1:\"N\";s:31:\"PAGER_DESC_NUMBERING_CACHE_TIME\";s:5:\"36000\";s:14:\"PAGER_SHOW_ALL\";s:1:\"N\";s:22:\"PAGER_BASE_LINK_ENABLE\";s:1:\"N\";s:14:\"SET_STATUS_404\";s:1:\"N\";s:8:\"SHOW_404\";s:1:\"N\";s:11:\"MESSAGE_404\";s:0:\"\";}');
/*!40000 ALTER TABLE `b_component_params` ENABLE KEYS */;
UNLOCK TABLES;

--
-- Table structure for table `b_composite_log`
--

DROP TABLE IF EXISTS `b_composite_log`;
/*!40101 SET @saved_cs_client     = @@character_set_client */;
/*!40101 SET character_set_client = utf8 */;
CREATE TABLE `b_composite_log` (
  `ID` int(18) NOT NULL AUTO_INCREMENT,
  `HOST` varchar(100) COLLATE utf8_unicode_ci NOT NULL,
  `URI` varchar(2000) COLLATE utf8_unicode_ci NOT NULL,
  `TITLE` varchar(250) COLLATE utf8_unicode_ci DEFAULT NULL,
  `CREATED` datetime NOT NULL,
  `TYPE` varchar(50) COLLATE utf8_unicode_ci NOT NULL,
  `MESSAGE` longtext COLLATE utf8_unicode_ci,
  `AJAX` char(1) COLLATE utf8_unicode_ci NOT NULL DEFAULT 'N',
  `USER_ID` int(18) NOT NULL DEFAULT '0',
  `PAGE_ID` int(18) NOT NULL DEFAULT '0',
  PRIMARY KEY (`ID`),
  KEY `IX_B_COMPOSITE_LOG_PAGE_ID` (`PAGE_ID`),
  KEY `IX_B_COMPOSITE_LOG_HOST` (`HOST`),
  KEY `IX_B_COMPOSITE_LOG_TYPE` (`TYPE`)
) ENGINE=InnoDB DEFAULT CHARSET=utf8 COLLATE=utf8_unicode_ci;
/*!40101 SET character_set_client = @saved_cs_client */;

--
-- Dumping data for table `b_composite_log`
--

LOCK TABLES `b_composite_log` WRITE;
/*!40000 ALTER TABLE `b_composite_log` DISABLE KEYS */;
/*!40000 ALTER TABLE `b_composite_log` ENABLE KEYS */;
UNLOCK TABLES;

--
-- Table structure for table `b_composite_page`
--

DROP TABLE IF EXISTS `b_composite_page`;
/*!40101 SET @saved_cs_client     = @@character_set_client */;
/*!40101 SET character_set_client = utf8 */;
CREATE TABLE `b_composite_page` (
  `ID` int(18) NOT NULL AUTO_INCREMENT,
  `CACHE_KEY` varchar(2000) COLLATE utf8_unicode_ci NOT NULL,
  `HOST` varchar(100) COLLATE utf8_unicode_ci NOT NULL,
  `URI` varchar(2000) COLLATE utf8_unicode_ci NOT NULL,
  `TITLE` varchar(250) COLLATE utf8_unicode_ci DEFAULT NULL,
  `CREATED` datetime NOT NULL,
  `CHANGED` datetime NOT NULL,
  `LAST_VIEWED` datetime NOT NULL,
  `VIEWS` int(18) NOT NULL DEFAULT '0',
  `REWRITES` int(18) NOT NULL DEFAULT '0',
  `SIZE` int(18) NOT NULL DEFAULT '0',
  PRIMARY KEY (`ID`),
  KEY `IX_B_COMPOSITE_PAGE_CACHE_KEY` (`CACHE_KEY`(100)),
  KEY `IX_B_COMPOSITE_PAGE_VIEWED` (`LAST_VIEWED`),
  KEY `IX_B_COMPOSITE_PAGE_HOST` (`HOST`)
) ENGINE=InnoDB DEFAULT CHARSET=utf8 COLLATE=utf8_unicode_ci;
/*!40101 SET character_set_client = @saved_cs_client */;

--
-- Dumping data for table `b_composite_page`
--

LOCK TABLES `b_composite_page` WRITE;
/*!40000 ALTER TABLE `b_composite_page` DISABLE KEYS */;
/*!40000 ALTER TABLE `b_composite_page` ENABLE KEYS */;
UNLOCK TABLES;

--
-- Table structure for table `b_consent_agreement`
--

DROP TABLE IF EXISTS `b_consent_agreement`;
/*!40101 SET @saved_cs_client     = @@character_set_client */;
/*!40101 SET character_set_client = utf8 */;
CREATE TABLE `b_consent_agreement` (
  `ID` int(18) NOT NULL AUTO_INCREMENT,
  `CODE` varchar(45) COLLATE utf8_unicode_ci DEFAULT NULL,
  `DATE_INSERT` datetime NOT NULL,
  `ACTIVE` char(1) COLLATE utf8_unicode_ci NOT NULL DEFAULT 'Y',
  `NAME` varchar(255) COLLATE utf8_unicode_ci NOT NULL,
  `TYPE` char(1) COLLATE utf8_unicode_ci DEFAULT NULL,
  `LANGUAGE_ID` char(2) COLLATE utf8_unicode_ci DEFAULT NULL,
  `DATA_PROVIDER` varchar(45) COLLATE utf8_unicode_ci DEFAULT NULL,
  `AGREEMENT_TEXT` longtext COLLATE utf8_unicode_ci,
  `LABEL_TEXT` varchar(4000) COLLATE utf8_unicode_ci DEFAULT NULL,
  `SECURITY_CODE` varchar(32) COLLATE utf8_unicode_ci DEFAULT NULL,
  PRIMARY KEY (`ID`),
  KEY `IX_B_CONSENT_AGREEMENT_CODE` (`CODE`)
) ENGINE=InnoDB DEFAULT CHARSET=utf8 COLLATE=utf8_unicode_ci;
/*!40101 SET character_set_client = @saved_cs_client */;

--
-- Dumping data for table `b_consent_agreement`
--

LOCK TABLES `b_consent_agreement` WRITE;
/*!40000 ALTER TABLE `b_consent_agreement` DISABLE KEYS */;
/*!40000 ALTER TABLE `b_consent_agreement` ENABLE KEYS */;
UNLOCK TABLES;

--
-- Table structure for table `b_consent_field`
--

DROP TABLE IF EXISTS `b_consent_field`;
/*!40101 SET @saved_cs_client     = @@character_set_client */;
/*!40101 SET character_set_client = utf8 */;
CREATE TABLE `b_consent_field` (
  `ID` int(18) NOT NULL AUTO_INCREMENT,
  `AGREEMENT_ID` int(18) NOT NULL,
  `CODE` varchar(100) COLLATE utf8_unicode_ci DEFAULT NULL,
  `VALUE` text COLLATE utf8_unicode_ci NOT NULL,
  PRIMARY KEY (`ID`),
  KEY `IX_B_CONSENT_FIELD_AG_ID` (`AGREEMENT_ID`)
) ENGINE=InnoDB DEFAULT CHARSET=utf8 COLLATE=utf8_unicode_ci;
/*!40101 SET character_set_client = @saved_cs_client */;

--
-- Dumping data for table `b_consent_field`
--

LOCK TABLES `b_consent_field` WRITE;
/*!40000 ALTER TABLE `b_consent_field` DISABLE KEYS */;
/*!40000 ALTER TABLE `b_consent_field` ENABLE KEYS */;
UNLOCK TABLES;

--
-- Table structure for table `b_consent_user_consent`
--

DROP TABLE IF EXISTS `b_consent_user_consent`;
/*!40101 SET @saved_cs_client     = @@character_set_client */;
/*!40101 SET character_set_client = utf8 */;
CREATE TABLE `b_consent_user_consent` (
  `ID` int(18) NOT NULL AUTO_INCREMENT,
  `DATE_INSERT` datetime NOT NULL,
  `AGREEMENT_ID` int(18) NOT NULL,
  `USER_ID` int(18) DEFAULT NULL,
  `IP` varchar(15) COLLATE utf8_unicode_ci NOT NULL,
  `URL` varchar(4000) COLLATE utf8_unicode_ci DEFAULT NULL,
  `ORIGIN_ID` varchar(30) COLLATE utf8_unicode_ci DEFAULT NULL,
  `ORIGINATOR_ID` varchar(30) COLLATE utf8_unicode_ci DEFAULT NULL,
  PRIMARY KEY (`ID`),
  KEY `IX_B_CONSENT_USER_CONSENT` (`AGREEMENT_ID`)
) ENGINE=InnoDB DEFAULT CHARSET=utf8 COLLATE=utf8_unicode_ci;
/*!40101 SET character_set_client = @saved_cs_client */;

--
-- Dumping data for table `b_consent_user_consent`
--

LOCK TABLES `b_consent_user_consent` WRITE;
/*!40000 ALTER TABLE `b_consent_user_consent` DISABLE KEYS */;
/*!40000 ALTER TABLE `b_consent_user_consent` ENABLE KEYS */;
UNLOCK TABLES;

--
-- Table structure for table `b_counter_data`
--

DROP TABLE IF EXISTS `b_counter_data`;
/*!40101 SET @saved_cs_client     = @@character_set_client */;
/*!40101 SET character_set_client = utf8 */;
CREATE TABLE `b_counter_data` (
  `ID` varchar(16) COLLATE utf8_unicode_ci NOT NULL,
  `TYPE` varchar(30) COLLATE utf8_unicode_ci NOT NULL,
  `DATA` text COLLATE utf8_unicode_ci NOT NULL,
  PRIMARY KEY (`ID`)
) ENGINE=InnoDB DEFAULT CHARSET=utf8 COLLATE=utf8_unicode_ci;
/*!40101 SET character_set_client = @saved_cs_client */;

--
-- Dumping data for table `b_counter_data`
--

LOCK TABLES `b_counter_data` WRITE;
/*!40000 ALTER TABLE `b_counter_data` DISABLE KEYS */;
/*!40000 ALTER TABLE `b_counter_data` ENABLE KEYS */;
UNLOCK TABLES;

--
-- Table structure for table `b_culture`
--

DROP TABLE IF EXISTS `b_culture`;
/*!40101 SET @saved_cs_client     = @@character_set_client */;
/*!40101 SET character_set_client = utf8 */;
CREATE TABLE `b_culture` (
  `ID` int(11) NOT NULL AUTO_INCREMENT,
  `CODE` varchar(255) COLLATE utf8_unicode_ci DEFAULT NULL,
  `NAME` varchar(255) COLLATE utf8_unicode_ci DEFAULT NULL,
  `FORMAT_DATE` varchar(255) COLLATE utf8_unicode_ci DEFAULT NULL,
  `FORMAT_DATETIME` varchar(255) COLLATE utf8_unicode_ci DEFAULT NULL,
  `FORMAT_NAME` varchar(255) COLLATE utf8_unicode_ci DEFAULT NULL,
  `WEEK_START` int(1) DEFAULT '1',
  `CHARSET` varchar(255) COLLATE utf8_unicode_ci DEFAULT NULL,
  `DIRECTION` char(1) COLLATE utf8_unicode_ci DEFAULT 'Y',
  PRIMARY KEY (`ID`)
) ENGINE=InnoDB AUTO_INCREMENT=3 DEFAULT CHARSET=utf8 COLLATE=utf8_unicode_ci;
/*!40101 SET character_set_client = @saved_cs_client */;

--
-- Dumping data for table `b_culture`
--

LOCK TABLES `b_culture` WRITE;
/*!40000 ALTER TABLE `b_culture` DISABLE KEYS */;
INSERT INTO `b_culture` VALUES (1,'ru','ru','DD.MM.YYYY','DD.MM.YYYY HH:MI:SS','#NAME# #LAST_NAME#',1,'UTF-8','Y'),(2,'en','en','MM/DD/YYYY','MM/DD/YYYY H:MI:SS T','#NAME# #LAST_NAME#',0,'UTF-8','Y');
/*!40000 ALTER TABLE `b_culture` ENABLE KEYS */;
UNLOCK TABLES;

--
-- Table structure for table `b_event`
--

DROP TABLE IF EXISTS `b_event`;
/*!40101 SET @saved_cs_client     = @@character_set_client */;
/*!40101 SET character_set_client = utf8 */;
CREATE TABLE `b_event` (
  `ID` int(18) NOT NULL AUTO_INCREMENT,
  `EVENT_NAME` varchar(255) COLLATE utf8_unicode_ci NOT NULL,
  `MESSAGE_ID` int(18) DEFAULT NULL,
  `LID` varchar(255) COLLATE utf8_unicode_ci NOT NULL,
  `C_FIELDS` longtext COLLATE utf8_unicode_ci,
  `DATE_INSERT` datetime DEFAULT NULL,
  `DATE_EXEC` datetime DEFAULT NULL,
  `SUCCESS_EXEC` char(1) COLLATE utf8_unicode_ci NOT NULL DEFAULT 'N',
  `DUPLICATE` char(1) COLLATE utf8_unicode_ci NOT NULL DEFAULT 'Y',
  `LANGUAGE_ID` char(2) COLLATE utf8_unicode_ci DEFAULT NULL,
  PRIMARY KEY (`ID`),
  KEY `ix_success` (`SUCCESS_EXEC`),
  KEY `ix_b_event_date_exec` (`DATE_EXEC`)
) ENGINE=InnoDB DEFAULT CHARSET=utf8 COLLATE=utf8_unicode_ci;
/*!40101 SET character_set_client = @saved_cs_client */;

--
-- Dumping data for table `b_event`
--

LOCK TABLES `b_event` WRITE;
/*!40000 ALTER TABLE `b_event` DISABLE KEYS */;
/*!40000 ALTER TABLE `b_event` ENABLE KEYS */;
UNLOCK TABLES;

--
-- Table structure for table `b_event_attachment`
--

DROP TABLE IF EXISTS `b_event_attachment`;
/*!40101 SET @saved_cs_client     = @@character_set_client */;
/*!40101 SET character_set_client = utf8 */;
CREATE TABLE `b_event_attachment` (
  `EVENT_ID` int(18) NOT NULL,
  `FILE_ID` int(18) NOT NULL,
  `IS_FILE_COPIED` char(1) COLLATE utf8_unicode_ci NOT NULL DEFAULT 'Y',
  PRIMARY KEY (`EVENT_ID`,`FILE_ID`)
) ENGINE=InnoDB DEFAULT CHARSET=utf8 COLLATE=utf8_unicode_ci;
/*!40101 SET character_set_client = @saved_cs_client */;

--
-- Dumping data for table `b_event_attachment`
--

LOCK TABLES `b_event_attachment` WRITE;
/*!40000 ALTER TABLE `b_event_attachment` DISABLE KEYS */;
/*!40000 ALTER TABLE `b_event_attachment` ENABLE KEYS */;
UNLOCK TABLES;

--
-- Table structure for table `b_event_log`
--

DROP TABLE IF EXISTS `b_event_log`;
/*!40101 SET @saved_cs_client     = @@character_set_client */;
/*!40101 SET character_set_client = utf8 */;
CREATE TABLE `b_event_log` (
  `ID` int(18) NOT NULL AUTO_INCREMENT,
  `TIMESTAMP_X` timestamp NOT NULL DEFAULT CURRENT_TIMESTAMP ON UPDATE CURRENT_TIMESTAMP,
  `SEVERITY` varchar(50) COLLATE utf8_unicode_ci NOT NULL,
  `AUDIT_TYPE_ID` varchar(50) COLLATE utf8_unicode_ci NOT NULL,
  `MODULE_ID` varchar(50) COLLATE utf8_unicode_ci NOT NULL,
  `ITEM_ID` varchar(255) COLLATE utf8_unicode_ci NOT NULL,
  `REMOTE_ADDR` varchar(40) COLLATE utf8_unicode_ci DEFAULT NULL,
  `USER_AGENT` text COLLATE utf8_unicode_ci,
  `REQUEST_URI` text COLLATE utf8_unicode_ci,
  `SITE_ID` char(2) COLLATE utf8_unicode_ci DEFAULT NULL,
  `USER_ID` int(18) DEFAULT NULL,
  `GUEST_ID` int(18) DEFAULT NULL,
  `DESCRIPTION` mediumtext COLLATE utf8_unicode_ci,
  PRIMARY KEY (`ID`),
  KEY `ix_b_event_log_time` (`TIMESTAMP_X`),
  KEY `ix_b_event_log_audit_type` (`AUDIT_TYPE_ID`)
) ENGINE=InnoDB AUTO_INCREMENT=22 DEFAULT CHARSET=utf8 COLLATE=utf8_unicode_ci;
/*!40101 SET character_set_client = @saved_cs_client */;

--
-- Dumping data for table `b_event_log`
--

LOCK TABLES `b_event_log` WRITE;
/*!40000 ALTER TABLE `b_event_log` DISABLE KEYS */;
INSERT INTO `b_event_log` VALUES (1,'2018-04-16 05:19:37','WARNING','SITE_CHECKER_ERROR','main','CSiteCheckerTest::CommonTest();','-','-','/','s1',NULL,NULL,''),(2,'2018-04-16 07:15:08','UNKNOWN','PAGE_ADD','main','UNKNOWN','127.0.0.1','Mozilla/5.0 (X11; Linux x86_64) AppleWebKit/537.36 (KHTML, like Gecko) Chrome/65.0.3325.181 Safari/537.36','/bitrix/admin/public_file_new.php?bxsender=core_window_cdialog&lang=ru&site=s1&templateID=furniture_pale-blue&newFolder=Y&path=%2F&back_url=%2F&siteTemplateId=furniture_pale-blue',NULL,1,NULL,'a:1:{s:4:\"path\";s:13:\"ex2/index.php\";}'),(3,'2018-04-16 07:15:08','UNKNOWN','SECTION_ADD','main','UNKNOWN','127.0.0.1','Mozilla/5.0 (X11; Linux x86_64) AppleWebKit/537.36 (KHTML, like Gecko) Chrome/65.0.3325.181 Safari/537.36','/bitrix/admin/public_file_new.php?bxsender=core_window_cdialog&lang=ru&site=s1&templateID=furniture_pale-blue&newFolder=Y&path=%2F&back_url=%2F&siteTemplateId=furniture_pale-blue',NULL,1,NULL,'a:1:{s:4:\"path\";s:3:\"ex2\";}'),(4,'2018-04-16 07:15:08','UNKNOWN','MENU_EDIT','main','UNKNOWN','127.0.0.1','Mozilla/5.0 (X11; Linux x86_64) AppleWebKit/537.36 (KHTML, like Gecko) Chrome/65.0.3325.181 Safari/537.36','/bitrix/admin/public_file_new.php?bxsender=core_window_cdialog&lang=ru&site=s1&templateID=furniture_pale-blue&newFolder=Y&path=%2F&back_url=%2F&siteTemplateId=furniture_pale-blue',NULL,1,NULL,'a:2:{s:4:\"path\";b:0;s:9:\"menu_name\";s:23:\" \";}'),(5,'2018-04-16 07:15:11','UNKNOWN','PAGE_EDIT','main','UNKNOWN','127.0.0.1','Mozilla/5.0 (X11; Linux x86_64) AppleWebKit/537.36 (KHTML, like Gecko) Chrome/65.0.3325.181 Safari/537.36','/bitrix/admin/public_file_edit.php','s1',1,NULL,'a:1:{s:4:\"path\";s:52:\"var/www/exam2tier2_demo2/local/php_interface/include\";}'),(6,'2018-04-16 07:15:46','UNKNOWN','PAGE_ADD','main','UNKNOWN','127.0.0.1','Mozilla/5.0 (X11; Linux x86_64) AppleWebKit/537.36 (KHTML, like Gecko) Chrome/65.0.3325.181 Safari/537.36','/bitrix/admin/public_file_new.php?bxsender=core_window_cdialog&lang=ru&site=s1&templateID=furniture_pale-blue&newFolder=Y&path=%2Fex2%2F&back_url=%2Fex2%2F%3Fclear_cache%3DY&siteTemplateId=furniture_pale-blue',NULL,1,NULL,'a:1:{s:4:\"path\";s:23:\"ex2simplecomp/index.php\";}'),(7,'2018-04-16 07:15:46','UNKNOWN','SECTION_ADD','main','UNKNOWN','127.0.0.1','Mozilla/5.0 (X11; Linux x86_64) AppleWebKit/537.36 (KHTML, like Gecko) Chrome/65.0.3325.181 Safari/537.36','/bitrix/admin/public_file_new.php?bxsender=core_window_cdialog&lang=ru&site=s1&templateID=furniture_pale-blue&newFolder=Y&path=%2Fex2%2F&back_url=%2Fex2%2F%3Fclear_cache%3DY&siteTemplateId=furniture_pale-blue',NULL,1,NULL,'a:1:{s:4:\"path\";s:14:\"ex2/simplecomp\";}'),(8,'2018-04-16 07:15:47','UNKNOWN','MENU_EDIT','main','UNKNOWN','127.0.0.1','Mozilla/5.0 (X11; Linux x86_64) AppleWebKit/537.36 (KHTML, like Gecko) Chrome/65.0.3325.181 Safari/537.36','/bitrix/admin/public_file_new.php?bxsender=core_window_cdialog&lang=ru&site=s1&templateID=furniture_pale-blue&newFolder=Y&path=%2Fex2%2F&back_url=%2Fex2%2F%3Fclear_cache%3DY&siteTemplateId=furniture_pale-blue',NULL,1,NULL,'a:2:{s:4:\"path\";s:3:\"ex2\";s:9:\"menu_name\";s:19:\" \";}'),(9,'2018-04-16 07:15:49','UNKNOWN','PAGE_EDIT','main','UNKNOWN','127.0.0.1','Mozilla/5.0 (X11; Linux x86_64) AppleWebKit/537.36 (KHTML, like Gecko) Chrome/65.0.3325.181 Safari/537.36','/bitrix/admin/public_file_edit.php','s1',1,NULL,'a:1:{s:4:\"path\";s:69:\"var/www/exam2tier2_demo2/local/php_interface/include/EventHandler.php\";}'),(10,'2018-04-16 07:19:10','UNKNOWN','PAGE_EDIT','main','UNKNOWN','127.0.0.1','Mozilla/5.0 (X11; Linux x86_64) AppleWebKit/537.36 (KHTML, like Gecko) Chrome/65.0.3325.181 Safari/537.36','/bitrix/admin/public_file_edit.php','s1',1,NULL,'a:1:{s:4:\"path\";s:69:\"var/www/exam2tier2_demo2/local/php_interface/include/EventHandler.php\";}'),(11,'2018-04-16 07:27:49','UNKNOWN','PAGE_EDIT','main','UNKNOWN','127.0.0.1','Mozilla/5.0 (X11; Linux x86_64) AppleWebKit/537.36 (KHTML, like Gecko) Chrome/65.0.3325.181 Safari/537.36','/bitrix/admin/public_file_edit.php','s1',1,NULL,'a:1:{s:4:\"path\";s:52:\"var/www/exam2tier2_demo2/local/php_interface/include\";}'),(12,'2018-04-16 07:29:08','UNKNOWN','PAGE_EDIT','main','UNKNOWN','127.0.0.1','Mozilla/5.0 (X11; Linux x86_64) AppleWebKit/537.36 (KHTML, like Gecko) Chrome/65.0.3325.181 Safari/537.36','/bitrix/admin/public_file_edit.php','s1',1,NULL,'a:1:{s:4:\"path\";s:52:\"var/www/exam2tier2_demo2/local/php_interface/include\";}'),(13,'2018-04-16 07:31:01','UNKNOWN','PAGE_EDIT','main','UNKNOWN','127.0.0.1','Mozilla/5.0 (X11; Linux x86_64) AppleWebKit/537.36 (KHTML, like Gecko) Chrome/65.0.3325.181 Safari/537.36','/bitrix/admin/public_file_edit.php','s1',1,NULL,'a:1:{s:4:\"path\";s:52:\"var/www/exam2tier2_demo2/local/php_interface/include\";}'),(14,'2018-04-16 11:36:35','UNKNOWN','PAGE_ADD','main','UNKNOWN','127.0.0.1','Mozilla/5.0 (X11; Linux x86_64) AppleWebKit/537.36 (KHTML, like Gecko) Chrome/65.0.3325.181 Safari/537.36','/bitrix/admin/public_file_new.php?bxsender=core_window_cdialog&lang=ru&site=s1&templateID=furniture_pale-blue&newFolder=Y&path=%2Fex2%2F&back_url=%2Fex2%2F&siteTemplateId=furniture_pale-blue',NULL,1,NULL,'a:1:{s:4:\"path\";s:18:\"ex2site2/index.php\";}'),(15,'2018-04-16 11:36:35','UNKNOWN','SECTION_ADD','main','UNKNOWN','127.0.0.1','Mozilla/5.0 (X11; Linux x86_64) AppleWebKit/537.36 (KHTML, like Gecko) Chrome/65.0.3325.181 Safari/537.36','/bitrix/admin/public_file_new.php?bxsender=core_window_cdialog&lang=ru&site=s1&templateID=furniture_pale-blue&newFolder=Y&path=%2Fex2%2F&back_url=%2Fex2%2F&siteTemplateId=furniture_pale-blue',NULL,1,NULL,'a:1:{s:4:\"path\";s:9:\"ex2/site2\";}'),(16,'2018-04-16 11:36:35','UNKNOWN','MENU_EDIT','main','UNKNOWN','127.0.0.1','Mozilla/5.0 (X11; Linux x86_64) AppleWebKit/537.36 (KHTML, like Gecko) Chrome/65.0.3325.181 Safari/537.36','/bitrix/admin/public_file_new.php?bxsender=core_window_cdialog&lang=ru&site=s1&templateID=furniture_pale-blue&newFolder=Y&path=%2Fex2%2F&back_url=%2Fex2%2F&siteTemplateId=furniture_pale-blue',NULL,1,NULL,'a:2:{s:4:\"path\";s:3:\"ex2\";s:9:\"menu_name\";s:19:\" \";}'),(17,'2018-04-16 11:36:38','UNKNOWN','PAGE_EDIT','main','UNKNOWN','127.0.0.1','Mozilla/5.0 (X11; Linux x86_64) AppleWebKit/537.36 (KHTML, like Gecko) Chrome/65.0.3325.181 Safari/537.36','/bitrix/admin/public_file_edit.php','s1',1,NULL,'a:1:{s:4:\"path\";s:52:\"var/www/exam2tier2_demo2/local/php_interface/include\";}'),(18,'2018-04-16 11:40:34','UNKNOWN','MENU_ADD','main','UNKNOWN','127.0.0.1','Mozilla/5.0 (X11; Linux x86_64) AppleWebKit/537.36 (KHTML, like Gecko) Chrome/65.0.3325.181 Safari/537.36','/bitrix/admin/public_menu_edit.php?bxsender=core_window_cdialog&new=Y&lang=en&site=s2&back_url=%2Fex2%2Fsite2%2F&path=%2Fex2%2Fsite2&name=top&siteTemplateId=ex2_multilang_template',NULL,1,NULL,'a:2:{s:9:\"menu_name\";N;s:4:\"path\";s:69:\"var/www/exam2tier2_demo2/local/php_interface/include/EventHandler.php\";}'),(19,'2018-04-16 11:46:02','UNKNOWN','SECTION_EDIT','main','UNKNOWN','127.0.0.1','Mozilla/5.0 (X11; Linux x86_64) AppleWebKit/537.36 (KHTML, like Gecko) Chrome/65.0.3325.181 Safari/537.36','/bitrix/admin/public_folder_edit.php?bxsender=core_window_cdialog&lang=en&site=s2&path=%2Fex2%2Fsite2%2F&back_url=%2Fex2%2Fsite2%2F%3Fclear_cache%3DY&siteTemplateId=ex2_multilang_template',NULL,1,NULL,'a:1:{s:4:\"path\";s:9:\"ex2/site2\";}'),(20,'2018-04-16 11:47:45','UNKNOWN','PAGE_EDIT','main','UNKNOWN','127.0.0.1','Mozilla/5.0 (X11; Linux x86_64) AppleWebKit/537.36 (KHTML, like Gecko) Chrome/65.0.3325.181 Safari/537.36','/bitrix/admin/public_file_edit.php','s2',1,NULL,'a:1:{s:4:\"path\";s:52:\"var/www/exam2tier2_demo2/local/php_interface/include\";}'),(21,'2018-04-16 11:57:06','UNKNOWN','PAGE_EDIT','main','UNKNOWN','127.0.0.1','Mozilla/5.0 (X11; Linux x86_64) AppleWebKit/537.36 (KHTML, like Gecko) Chrome/65.0.3325.181 Safari/537.36','/bitrix/admin/public_file_edit.php','s2',1,NULL,'a:1:{s:4:\"path\";s:52:\"var/www/exam2tier2_demo2/local/php_interface/include\";}');
/*!40000 ALTER TABLE `b_event_log` ENABLE KEYS */;
UNLOCK TABLES;

--
-- Table structure for table `b_event_message`
--

DROP TABLE IF EXISTS `b_event_message`;
/*!40101 SET @saved_cs_client     = @@character_set_client */;
/*!40101 SET character_set_client = utf8 */;
CREATE TABLE `b_event_message` (
  `ID` int(18) NOT NULL AUTO_INCREMENT,
  `TIMESTAMP_X` timestamp NOT NULL DEFAULT CURRENT_TIMESTAMP ON UPDATE CURRENT_TIMESTAMP,
  `EVENT_NAME` varchar(255) COLLATE utf8_unicode_ci NOT NULL,
  `LID` char(2) COLLATE utf8_unicode_ci DEFAULT NULL,
  `ACTIVE` char(1) COLLATE utf8_unicode_ci NOT NULL DEFAULT 'Y',
  `EMAIL_FROM` varchar(255) COLLATE utf8_unicode_ci NOT NULL DEFAULT '#EMAIL_FROM#',
  `EMAIL_TO` varchar(255) COLLATE utf8_unicode_ci NOT NULL DEFAULT '#EMAIL_TO#',
  `SUBJECT` varchar(255) COLLATE utf8_unicode_ci DEFAULT NULL,
  `MESSAGE` longtext COLLATE utf8_unicode_ci,
  `MESSAGE_PHP` longtext COLLATE utf8_unicode_ci,
  `BODY_TYPE` varchar(4) COLLATE utf8_unicode_ci NOT NULL DEFAULT 'text',
  `BCC` text COLLATE utf8_unicode_ci,
  `REPLY_TO` varchar(255) COLLATE utf8_unicode_ci DEFAULT NULL,
  `CC` varchar(255) COLLATE utf8_unicode_ci DEFAULT NULL,
  `IN_REPLY_TO` varchar(255) COLLATE utf8_unicode_ci DEFAULT NULL,
  `PRIORITY` varchar(50) COLLATE utf8_unicode_ci DEFAULT NULL,
  `FIELD1_NAME` varchar(50) COLLATE utf8_unicode_ci DEFAULT NULL,
  `FIELD1_VALUE` varchar(255) COLLATE utf8_unicode_ci DEFAULT NULL,
  `FIELD2_NAME` varchar(50) COLLATE utf8_unicode_ci DEFAULT NULL,
  `FIELD2_VALUE` varchar(255) COLLATE utf8_unicode_ci DEFAULT NULL,
  `SITE_TEMPLATE_ID` varchar(255) COLLATE utf8_unicode_ci DEFAULT NULL,
  `ADDITIONAL_FIELD` text COLLATE utf8_unicode_ci,
  `LANGUAGE_ID` char(2) COLLATE utf8_unicode_ci DEFAULT NULL,
  PRIMARY KEY (`ID`),
  KEY `ix_b_event_message_name` (`EVENT_NAME`(50))
) ENGINE=InnoDB AUTO_INCREMENT=29 DEFAULT CHARSET=utf8 COLLATE=utf8_unicode_ci;
/*!40101 SET character_set_client = @saved_cs_client */;

--
-- Dumping data for table `b_event_message`
--

LOCK TABLES `b_event_message` WRITE;
/*!40000 ALTER TABLE `b_event_message` DISABLE KEYS */;
INSERT INTO `b_event_message` VALUES (1,'2018-04-13 13:08:02','NEW_USER','s1','Y','#DEFAULT_EMAIL_FROM#','#DEFAULT_EMAIL_FROM#','#SITE_NAME#:   ','   #SITE_NAME#\n------------------------------------------\n\n  #SERVER_NAME#    .\n\n :\nID : #USER_ID#\n\n: #NAME#\n: #LAST_NAME#\nE-Mail: #EMAIL#\n\nLogin: #LOGIN#\n\n  .','   <?=$arParams[\"SITE_NAME\"];?>\n\n------------------------------------------\n\n  <?=$arParams[\"SERVER_NAME\"];?>    .\n\n :\nID : <?=$arParams[\"USER_ID\"];?>\n\n\n: <?=$arParams[\"NAME\"];?>\n\n: <?=$arParams[\"LAST_NAME\"];?>\n\nE-Mail: <?=$arParams[\"EMAIL\"];?>\n\n\nLogin: <?=$arParams[\"LOGIN\"];?>\n\n\n  .','text',NULL,NULL,NULL,NULL,NULL,NULL,NULL,NULL,NULL,NULL,NULL,'ru'),(2,'2018-04-13 13:08:02','USER_INFO','s1','Y','#DEFAULT_EMAIL_FROM#','#EMAIL#','#SITE_NAME#:  ','   #SITE_NAME#\n------------------------------------------\n#NAME# #LAST_NAME#,\n\n#MESSAGE#\n\n  :\n\nID : #USER_ID#\n : #STATUS#\nLogin: #LOGIN#\n\n   ,    :\nhttp://#SERVER_NAME#/auth/index.php?change_password=yes&lang=ru&USER_CHECKWORD=#CHECKWORD#&USER_LOGIN=#URL_LOGIN#\n\n  .','   <?=$arParams[\"SITE_NAME\"];?>\n\n------------------------------------------\n<?=$arParams[\"NAME\"];?> <?=$arParams[\"LAST_NAME\"];?>,\n\n<?=$arParams[\"MESSAGE\"];?>\n\n\n  :\n\nID : <?=$arParams[\"USER_ID\"];?>\n\n : <?=$arParams[\"STATUS\"];?>\n\nLogin: <?=$arParams[\"LOGIN\"];?>\n\n\n   ,    :\nhttp://<?=$arParams[\"SERVER_NAME\"];?>/auth/index.php?change_password=yes&lang=ru&USER_CHECKWORD=<?=$arParams[\"CHECKWORD\"];?>&USER_LOGIN=<?=$arParams[\"URL_LOGIN\"];?>\n\n\n  .','text',NULL,NULL,NULL,NULL,NULL,NULL,NULL,NULL,NULL,NULL,NULL,'ru'),(3,'2018-04-13 13:08:02','USER_PASS_REQUEST','s1','Y','#DEFAULT_EMAIL_FROM#','#EMAIL#','#SITE_NAME#:    ','   #SITE_NAME#\n------------------------------------------\n#NAME# #LAST_NAME#,\n\n#MESSAGE#\n\n      :\nhttp://#SERVER_NAME#/auth/index.php?change_password=yes&lang=ru&USER_CHECKWORD=#CHECKWORD#&USER_LOGIN=#URL_LOGIN#\n\n  :\n\nID : #USER_ID#\n : #STATUS#\nLogin: #LOGIN#\n\n  .','   <?=$arParams[\"SITE_NAME\"];?>\n\n------------------------------------------\n<?=$arParams[\"NAME\"];?> <?=$arParams[\"LAST_NAME\"];?>,\n\n<?=$arParams[\"MESSAGE\"];?>\n\n\n      :\nhttp://<?=$arParams[\"SERVER_NAME\"];?>/auth/index.php?change_password=yes&lang=ru&USER_CHECKWORD=<?=$arParams[\"CHECKWORD\"];?>&USER_LOGIN=<?=$arParams[\"URL_LOGIN\"];?>\n\n\n  :\n\nID : <?=$arParams[\"USER_ID\"];?>\n\n : <?=$arParams[\"STATUS\"];?>\n\nLogin: <?=$arParams[\"LOGIN\"];?>\n\n\n  .','text',NULL,NULL,NULL,NULL,NULL,NULL,NULL,NULL,NULL,NULL,NULL,'ru'),(4,'2018-04-13 13:08:02','USER_PASS_CHANGED','s1','Y','#DEFAULT_EMAIL_FROM#','#EMAIL#','#SITE_NAME#:   ','   #SITE_NAME#\n------------------------------------------\n#NAME# #LAST_NAME#,\n\n#MESSAGE#\n\n  :\n\nID : #USER_ID#\n : #STATUS#\nLogin: #LOGIN#\n\n  .','   <?=$arParams[\"SITE_NAME\"];?>\n\n------------------------------------------\n<?=$arParams[\"NAME\"];?> <?=$arParams[\"LAST_NAME\"];?>,\n\n<?=$arParams[\"MESSAGE\"];?>\n\n\n  :\n\nID : <?=$arParams[\"USER_ID\"];?>\n\n : <?=$arParams[\"STATUS\"];?>\n\nLogin: <?=$arParams[\"LOGIN\"];?>\n\n\n  .','text',NULL,NULL,NULL,NULL,NULL,NULL,NULL,NULL,NULL,NULL,NULL,'ru'),(5,'2018-04-13 13:08:02','NEW_USER_CONFIRM','s1','Y','#DEFAULT_EMAIL_FROM#','#EMAIL#','#SITE_NAME#:    ','   #SITE_NAME#\n------------------------------------------\n\n,\n\n   ,             #SERVER_NAME#.\n\n    : #CONFIRM_CODE#\n\n      :\nhttp://#SERVER_NAME#/auth/index.php?confirm_registration=yes&confirm_user_id=#USER_ID#&confirm_code=#CONFIRM_CODE#\n\n         :\nhttp://#SERVER_NAME#/auth/index.php?confirm_registration=yes&confirm_user_id=#USER_ID#\n\n!     ,      .\n\n---------------------------------------------------------------------\n\n  .','   <?=$arParams[\"SITE_NAME\"];?>\n\n------------------------------------------\n\n,\n\n   ,             <?=$arParams[\"SERVER_NAME\"];?>.\n\n    : <?=$arParams[\"CONFIRM_CODE\"];?>\n\n\n      :\nhttp://<?=$arParams[\"SERVER_NAME\"];?>/auth/index.php?confirm_registration=yes&confirm_user_id=<?=$arParams[\"USER_ID\"];?>&confirm_code=<?=$arParams[\"CONFIRM_CODE\"];?>\n\n\n         :\nhttp://<?=$arParams[\"SERVER_NAME\"];?>/auth/index.php?confirm_registration=yes&confirm_user_id=<?=$arParams[\"USER_ID\"];?>\n\n\n!     ,      .\n\n---------------------------------------------------------------------\n\n  .','text',NULL,NULL,NULL,NULL,NULL,NULL,NULL,NULL,NULL,NULL,NULL,'ru'),(6,'2018-04-13 13:08:02','USER_INVITE','s1','Y','#DEFAULT_EMAIL_FROM#','#EMAIL#','#SITE_NAME#:   ','   #SITE_NAME#\n------------------------------------------\n, #NAME# #LAST_NAME#!\n\n       .\n\n    .\n\n  :\n\nID : #ID#\nLogin: #LOGIN#\n\n     .\n\n      :\nhttp://#SERVER_NAME#/auth.php?change_password=yes&USER_LOGIN=#URL_LOGIN#&USER_CHECKWORD=#CHECKWORD#\n','   <?=$arParams[\"SITE_NAME\"];?>\n\n------------------------------------------\n, <?=$arParams[\"NAME\"];?> <?=$arParams[\"LAST_NAME\"];?>!\n\n       .\n\n    .\n\n  :\n\nID : <?=$arParams[\"ID\"];?>\n\nLogin: <?=$arParams[\"LOGIN\"];?>\n\n\n     .\n\n      :\nhttp://<?=$arParams[\"SERVER_NAME\"];?>/auth.php?change_password=yes&USER_LOGIN=<?=$arParams[\"URL_LOGIN\"];?>&USER_CHECKWORD=<?=$arParams[\"CHECKWORD\"];?>\n\n','text',NULL,NULL,NULL,NULL,NULL,NULL,NULL,NULL,NULL,NULL,NULL,'ru'),(7,'2018-04-13 13:08:02','FEEDBACK_FORM','s1','Y','#DEFAULT_EMAIL_FROM#','#EMAIL_TO#','#SITE_NAME#:     ','   #SITE_NAME#\n------------------------------------------\n\n       \n\n: #AUTHOR#\nE-mail : #AUTHOR_EMAIL#\n\n :\n#TEXT#\n\n  .','   <?=$arParams[\"SITE_NAME\"];?>\n\n------------------------------------------\n\n       \n\n: <?=$arParams[\"AUTHOR\"];?>\n\nE-mail : <?=$arParams[\"AUTHOR_EMAIL\"];?>\n\n\n :\n<?=$arParams[\"TEXT\"];?>\n\n\n  .','text',NULL,NULL,NULL,NULL,NULL,NULL,NULL,NULL,NULL,NULL,NULL,'ru'),(8,'2018-04-13 13:08:46','NEW_BLOG_MESSAGE','s1','Y','#EMAIL_FROM#','#EMAIL_TO#','#SITE_NAME#: [B] #BLOG_NAME# : #MESSAGE_TITLE#','   #SITE_NAME#\n------------------------------------------\n\n    \"#BLOG_NAME#\"\n\n:\n#MESSAGE_TITLE#\n\n: #AUTHOR#\n: #MESSAGE_DATE#\n\n :\n#MESSAGE_TEXT#\n\n :\n#MESSAGE_PATH#\n\n  .','   <?=$arParams[\"SITE_NAME\"];?>\n\n------------------------------------------\n\n    \"<?=$arParams[\"BLOG_NAME\"];?>\"\n\n:\n<?=$arParams[\"MESSAGE_TITLE\"];?>\n\n\n: <?=$arParams[\"AUTHOR\"];?>\n\n: <?=$arParams[\"MESSAGE_DATE\"];?>\n\n\n :\n<?=$arParams[\"MESSAGE_TEXT\"];?>\n\n\n :\n<?=$arParams[\"MESSAGE_PATH\"];?>\n\n\n  .','text',NULL,NULL,NULL,NULL,NULL,NULL,NULL,NULL,NULL,NULL,NULL,NULL),(9,'2018-04-13 13:08:46','NEW_BLOG_COMMENT','s1','Y','#EMAIL_FROM#','#EMAIL_TO#','#SITE_NAME#: [B] #MESSAGE_TITLE# : #COMMENT_TITLE#','   #SITE_NAME#\n------------------------------------------\n\n    \"#BLOG_NAME#\"   \"#MESSAGE_TITLE#\"\n\n:\n#COMMENT_TITLE#\n: #AUTHOR#\n: #COMMENT_DATE#\n\n :\n#COMMENT_TEXT#\n\n :\n#COMMENT_PATH#\n\n  .','   <?=$arParams[\"SITE_NAME\"];?>\n\n------------------------------------------\n\n    \"<?=$arParams[\"BLOG_NAME\"];?>\"   \"<?=$arParams[\"MESSAGE_TITLE\"];?>\"\n\n:\n<?=$arParams[\"COMMENT_TITLE\"];?>\n\n: <?=$arParams[\"AUTHOR\"];?>\n\n: <?=$arParams[\"COMMENT_DATE\"];?>\n\n\n :\n<?=$arParams[\"COMMENT_TEXT\"];?>\n\n\n :\n<?=$arParams[\"COMMENT_PATH\"];?>\n\n\n  .','text',NULL,NULL,NULL,NULL,NULL,NULL,NULL,NULL,NULL,NULL,NULL,NULL),(10,'2018-04-13 13:08:46','NEW_BLOG_COMMENT2COMMENT','s1','Y','#EMAIL_FROM#','#EMAIL_TO#','#SITE_NAME#: [B] #MESSAGE_TITLE# : #COMMENT_TITLE#','   #SITE_NAME#\n------------------------------------------\n\n       \"#BLOG_NAME#\"   \"#MESSAGE_TITLE#\".\n\n:\n#COMMENT_TITLE#\n: #AUTHOR#\n: #COMMENT_DATE#\n\n :\n#COMMENT_TEXT#\n\n :\n#COMMENT_PATH#\n\n  .','   <?=$arParams[\"SITE_NAME\"];?>\n\n------------------------------------------\n\n       \"<?=$arParams[\"BLOG_NAME\"];?>\"   \"<?=$arParams[\"MESSAGE_TITLE\"];?>\".\n\n:\n<?=$arParams[\"COMMENT_TITLE\"];?>\n\n: <?=$arParams[\"AUTHOR\"];?>\n\n: <?=$arParams[\"COMMENT_DATE\"];?>\n\n\n :\n<?=$arParams[\"COMMENT_TEXT\"];?>\n\n\n :\n<?=$arParams[\"COMMENT_PATH\"];?>\n\n\n  .','text',NULL,NULL,NULL,NULL,NULL,NULL,NULL,NULL,NULL,NULL,NULL,NULL),(11,'2018-04-13 13:08:46','NEW_BLOG_COMMENT_WITHOUT_TITLE','s1','Y','#EMAIL_FROM#','#EMAIL_TO#','#SITE_NAME#: [B] #MESSAGE_TITLE#','   #SITE_NAME#\n------------------------------------------\n\n    \"#BLOG_NAME#\"   \"#MESSAGE_TITLE#\"\n\n: #AUTHOR#\n: #COMMENT_DATE#\n\n :\n#COMMENT_TEXT#\n\n :\n#COMMENT_PATH#\n\n  .','   <?=$arParams[\"SITE_NAME\"];?>\n\n------------------------------------------\n\n    \"<?=$arParams[\"BLOG_NAME\"];?>\"   \"<?=$arParams[\"MESSAGE_TITLE\"];?>\"\n\n: <?=$arParams[\"AUTHOR\"];?>\n\n: <?=$arParams[\"COMMENT_DATE\"];?>\n\n\n :\n<?=$arParams[\"COMMENT_TEXT\"];?>\n\n\n :\n<?=$arParams[\"COMMENT_PATH\"];?>\n\n\n  .','text',NULL,NULL,NULL,NULL,NULL,NULL,NULL,NULL,NULL,NULL,NULL,NULL),(12,'2018-04-13 13:08:46','NEW_BLOG_COMMENT2COMMENT_WITHOUT_TITLE','s1','Y','#EMAIL_FROM#','#EMAIL_TO#','#SITE_NAME#: [B] #MESSAGE_TITLE#','   #SITE_NAME#\n------------------------------------------\n\n       \"#BLOG_NAME#\"   \"#MESSAGE_TITLE#\".\n\n: #AUTHOR#\n: #COMMENT_DATE#\n\n :\n#COMMENT_TEXT#\n\n :\n#COMMENT_PATH#\n\n  .\n','   <?=$arParams[\"SITE_NAME\"];?>\n\n------------------------------------------\n\n       \"<?=$arParams[\"BLOG_NAME\"];?>\"   \"<?=$arParams[\"MESSAGE_TITLE\"];?>\".\n\n: <?=$arParams[\"AUTHOR\"];?>\n\n: <?=$arParams[\"COMMENT_DATE\"];?>\n\n\n :\n<?=$arParams[\"COMMENT_TEXT\"];?>\n\n\n :\n<?=$arParams[\"COMMENT_PATH\"];?>\n\n\n  .\n','text',NULL,NULL,NULL,NULL,NULL,NULL,NULL,NULL,NULL,NULL,NULL,NULL),(13,'2018-04-13 13:08:46','BLOG_YOUR_BLOG_TO_USER','s1','Y','#EMAIL_FROM#','#EMAIL_TO#','#SITE_NAME#: [B]   \"#BLOG_NAME#\"      #USER#','   #SITE_NAME#\n------------------------------------------\n\n  \"#BLOG_NAME#\"      #USER#.\n\n : #USER_URL#\n\n  : #BLOG_ADR#\n\n  .\n','   <?=$arParams[\"SITE_NAME\"];?>\n\n------------------------------------------\n\n  \"<?=$arParams[\"BLOG_NAME\"];?>\"      <?=$arParams[\"USER\"];?>.\n\n : <?=$arParams[\"USER_URL\"];?>\n\n\n  : <?=$arParams[\"BLOG_ADR\"];?>\n\n\n  .\n','text',NULL,NULL,NULL,NULL,NULL,NULL,NULL,NULL,NULL,NULL,NULL,NULL),(14,'2018-04-13 13:08:46','BLOG_YOU_TO_BLOG','s1','Y','#EMAIL_FROM#','#EMAIL_TO#','#SITE_NAME#: [B]       \"#BLOG_NAME#\"','   #SITE_NAME#\n------------------------------------------\n\n      \"#BLOG_NAME#\".\n\n : #BLOG_ADR#\n\n : #USER_URL#\n\n  .\n','   <?=$arParams[\"SITE_NAME\"];?>\n\n------------------------------------------\n\n      \"<?=$arParams[\"BLOG_NAME\"];?>\".\n\n : <?=$arParams[\"BLOG_ADR\"];?>\n\n\n : <?=$arParams[\"USER_URL\"];?>\n\n\n  .\n','text',NULL,NULL,NULL,NULL,NULL,NULL,NULL,NULL,NULL,NULL,NULL,NULL),(15,'2018-04-13 13:08:46','BLOG_BLOG_TO_YOU','s1','Y','#EMAIL_FROM#','#EMAIL_TO#','#SITE_NAME#: [B]        \"#BLOG_NAME#\"','   #SITE_NAME#\n------------------------------------------\n\n       \"#BLOG_NAME#\".\n\n : #BLOG_ADR#\n\n : #USER_URL#\n\n  .\n','   <?=$arParams[\"SITE_NAME\"];?>\n\n------------------------------------------\n\n       \"<?=$arParams[\"BLOG_NAME\"];?>\".\n\n : <?=$arParams[\"BLOG_ADR\"];?>\n\n\n : <?=$arParams[\"USER_URL\"];?>\n\n\n  .\n','text',NULL,NULL,NULL,NULL,NULL,NULL,NULL,NULL,NULL,NULL,NULL,NULL),(16,'2018-04-13 13:08:46','BLOG_USER_TO_YOUR_BLOG','s1','Y','#EMAIL_FROM#','#EMAIL_TO#','#SITE_NAME#: [B]    \"#BLOG_NAME#\"    #USER#','   #SITE_NAME#\n------------------------------------------\n\n   \"#BLOG_NAME#\"    #USER#.\n\n : #USER_URL#\n\n  : #BLOG_ADR#\n\n  .\n','   <?=$arParams[\"SITE_NAME\"];?>\n\n------------------------------------------\n\n   \"<?=$arParams[\"BLOG_NAME\"];?>\"    <?=$arParams[\"USER\"];?>.\n\n : <?=$arParams[\"USER_URL\"];?>\n\n\n  : <?=$arParams[\"BLOG_ADR\"];?>\n\n\n  .\n','text',NULL,NULL,NULL,NULL,NULL,NULL,NULL,NULL,NULL,NULL,NULL,NULL),(17,'2018-04-13 13:08:46','BLOG_SONET_NEW_POST','s1','Y','#EMAIL_FROM#','#EMAIL_TO#','#POST_TITLE#','<?EventMessageThemeCompiler::includeComponent(\"bitrix:socialnetwork.blog.post.mail\",\"\",Array(\"EMAIL_TO\" => \"{#EMAIL_TO#}\",\"RECIPIENT_ID\" => \"{#RECIPIENT_ID#}\",\"POST_ID\" => \"{#POST_ID#}\",\"URL\" => \"{#URL#}\"));?>','<?EventMessageThemeCompiler::includeComponent(\"bitrix:socialnetwork.blog.post.mail\",\"\",Array(\"EMAIL_TO\" => \"{$arParams[\'EMAIL_TO\']}\",\"RECIPIENT_ID\" => \"{$arParams[\'RECIPIENT_ID\']}\",\"POST_ID\" => \"{$arParams[\'POST_ID\']}\",\"URL\" => \"{$arParams[\'URL\']}\"));?>','html',NULL,NULL,NULL,NULL,NULL,NULL,NULL,NULL,NULL,'mail_user',NULL,NULL),(18,'2018-04-13 13:08:46','BLOG_SONET_NEW_COMMENT','s1','Y','#EMAIL_FROM#','#EMAIL_TO#','Re: #POST_TITLE#','<?EventMessageThemeCompiler::includeComponent(\"bitrix:socialnetwork.blog.post.comment.mail\",\"\",Array(\"COMMENT_ID\" => \"{#COMMENT_ID#}\",\"RECIPIENT_ID\" => \"{#RECIPIENT_ID#}\",\"EMAIL_TO\" => \"{#EMAIL_TO#}\",\"POST_ID\" => \"{#POST_ID#}\",\"URL\" => \"{#URL#}\"));?>','<?EventMessageThemeCompiler::includeComponent(\"bitrix:socialnetwork.blog.post.comment.mail\",\"\",Array(\"COMMENT_ID\" => \"{$arParams[\'COMMENT_ID\']}\",\"RECIPIENT_ID\" => \"{$arParams[\'RECIPIENT_ID\']}\",\"EMAIL_TO\" => \"{$arParams[\'EMAIL_TO\']}\",\"POST_ID\" => \"{$arParams[\'POST_ID\']}\",\"URL\" => \"{$arParams[\'URL\']}\"));?>','html',NULL,NULL,NULL,NULL,NULL,NULL,NULL,NULL,NULL,'mail_user',NULL,NULL),(19,'2018-04-13 13:08:46','BLOG_SONET_POST_SHARE','s1','Y','#EMAIL_FROM#','#EMAIL_TO#','#POST_TITLE#','<?EventMessageThemeCompiler::includeComponent(\"bitrix:socialnetwork.blog.post_share.mail\",\"\",Array(\"EMAIL_TO\" => \"{#EMAIL_TO#}\",\"RECIPIENT_ID\" => \"{#RECIPIENT_ID#}\",\"POST_ID\" => \"{#POST_ID#}\",\"URL\" => \"{#URL#}\"));?>','<?EventMessageThemeCompiler::includeComponent(\"bitrix:socialnetwork.blog.post_share.mail\",\"\",Array(\"EMAIL_TO\" => \"{$arParams[\'EMAIL_TO\']}\",\"RECIPIENT_ID\" => \"{$arParams[\'RECIPIENT_ID\']}\",\"POST_ID\" => \"{$arParams[\'POST_ID\']}\",\"URL\" => \"{$arParams[\'URL\']}\"));?>','html',NULL,NULL,NULL,NULL,NULL,NULL,NULL,NULL,NULL,'mail_user',NULL,NULL),(20,'2018-04-13 13:08:46','BLOG_POST_BROADCAST','s1','Y','#DEFAULT_EMAIL_FROM#','#EMAIL_TO#','#SITE_NAME#: #MESSAGE_TITLE#','   #SITE_NAME#\n------------------------------------------\n\n    .\n\n:\n#MESSAGE_TITLE#\n\n: #AUTHOR#\n\n :\n#MESSAGE_TEXT#\n\n :\n#MESSAGE_PATH#\n\n  .','   <?=$arParams[\"SITE_NAME\"];?>\n\n------------------------------------------\n\n    .\n\n:\n<?=$arParams[\"MESSAGE_TITLE\"];?>\n\n\n: <?=$arParams[\"AUTHOR\"];?>\n\n\n :\n<?=$arParams[\"MESSAGE_TEXT\"];?>\n\n\n :\n<?=$arParams[\"MESSAGE_PATH\"];?>\n\n\n  .','text',NULL,NULL,NULL,NULL,NULL,NULL,NULL,NULL,NULL,NULL,NULL,NULL),(21,'2018-04-13 13:10:01','NEW_FORUM_MESSAGE','s1','Y','#FROM_EMAIL#','#RECIPIENT#','#SITE_NAME#: [F] #TOPIC_TITLE# : #FORUM_NAME#','   #SITE_NAME#\n------------------------------------------\n\n    #SERVER_NAME#.\n\n:\n#TOPIC_TITLE#\n\n: #AUTHOR#\n : #MESSAGE_DATE#\n :\n\n#MESSAGE_TEXT#\n\n :\nhttp://#SERVER_NAME##PATH2FORUM#\n\n  .\n','   <?=$arParams[\"SITE_NAME\"];?>\n\n------------------------------------------\n\n    <?=$arParams[\"SERVER_NAME\"];?>.\n\n:\n<?=$arParams[\"TOPIC_TITLE\"];?>\n\n\n: <?=$arParams[\"AUTHOR\"];?>\n\n : <?=$arParams[\"MESSAGE_DATE\"];?>\n\n :\n\n<?=$arParams[\"MESSAGE_TEXT\"];?>\n\n\n :\nhttp://<?=$arParams[\"SERVER_NAME\"];?><?=$arParams[\"PATH2FORUM\"];?>\n\n\n  .\n','text',NULL,NULL,NULL,NULL,NULL,NULL,NULL,NULL,NULL,NULL,NULL,NULL),(22,'2018-04-13 13:10:01','NEW_FORUM_PRIV','s1','Y','#FROM_EMAIL#','#TO_EMAIL#','#SITE_NAME#: [private] #SUBJECT#','   #SITE_NAME#\n------------------------------------------\n\n        #SERVER_NAME#.\n\n: #SUBJECT#\n\n: #FROM_NAME# #FROM_EMAIL#\n : #MESSAGE_DATE#\n:\n\n#MESSAGE#\n\n  .\n','   <?=$arParams[\"SITE_NAME\"];?>\n\n------------------------------------------\n\n        <?=$arParams[\"SERVER_NAME\"];?>.\n\n: <?=$arParams[\"SUBJECT\"];?>\n\n\n: <?=$arParams[\"FROM_NAME\"];?> <?=$arParams[\"FROM_EMAIL\"];?>\n\n : <?=$arParams[\"MESSAGE_DATE\"];?>\n\n:\n\n<?=$arParams[\"MESSAGE\"];?>\n\n\n  .\n','text',NULL,NULL,NULL,NULL,NULL,NULL,NULL,NULL,NULL,NULL,NULL,NULL),(23,'2018-04-13 13:10:01','NEW_FORUM_PRIVATE_MESSAGE','s1','Y','#FROM_EMAIL#','#TO_EMAIL#','#SITE_NAME#: [private] #SUBJECT#','   #SITE_NAME#\n------------------------------------------\n\n        #SERVER_NAME#.\n\n: #SUBJECT#\n\n: #FROM_NAME#\n: #MESSAGE_DATE#\n:\n\n#MESSAGE#\n\n  : #MESSAGE_LINK#  .\n','   <?=$arParams[\"SITE_NAME\"];?>\n\n------------------------------------------\n\n        <?=$arParams[\"SERVER_NAME\"];?>.\n\n: <?=$arParams[\"SUBJECT\"];?>\n\n\n: <?=$arParams[\"FROM_NAME\"];?>\n\n: <?=$arParams[\"MESSAGE_DATE\"];?>\n\n:\n\n<?=$arParams[\"MESSAGE\"];?>\n\n\n  : <?=$arParams[\"MESSAGE_LINK\"];?>  .\n','text',NULL,NULL,NULL,NULL,NULL,NULL,NULL,NULL,NULL,NULL,NULL,NULL),(24,'2018-04-13 13:10:01','EDIT_FORUM_MESSAGE','s1','Y','#FROM_EMAIL#','#RECIPIENT#','#SITE_NAME#: [F] #TOPIC_TITLE# : #FORUM_NAME#','   #SITE_NAME#\n------------------------------------------\n\n    #SERVER_NAME#.\n\n:\n#TOPIC_TITLE#\n\n: #AUTHOR#\n : #MESSAGE_DATE#\n :\n\n#MESSAGE_TEXT#\n\n :\nhttp://#SERVER_NAME##PATH2FORUM#\n\n  .\n','   <?=$arParams[\"SITE_NAME\"];?>\n\n------------------------------------------\n\n    <?=$arParams[\"SERVER_NAME\"];?>.\n\n:\n<?=$arParams[\"TOPIC_TITLE\"];?>\n\n\n: <?=$arParams[\"AUTHOR\"];?>\n\n : <?=$arParams[\"MESSAGE_DATE\"];?>\n\n :\n\n<?=$arParams[\"MESSAGE_TEXT\"];?>\n\n\n :\nhttp://<?=$arParams[\"SERVER_NAME\"];?><?=$arParams[\"PATH2FORUM\"];?>\n\n\n  .\n','text',NULL,NULL,NULL,NULL,NULL,NULL,NULL,NULL,NULL,NULL,NULL,NULL),(25,'2018-04-13 13:10:01','FORUM_NEW_MESSAGE_MAIL','s1','Y','#FROM_EMAIL#','#RECIPIENT#','#TOPIC_TITLE#','#MESSAGE_TEXT#\n\n------------------------------------------  \n   ,      #FORUM_NAME#.\n\n           :\nhttp://#SERVER_NAME##PATH2FORUM#\n\n  : #FORUM_EMAIL#\n\n : #AUTHOR#\n\n     #SITE_NAME#.\n','<?=$arParams[\"MESSAGE_TEXT\"];?>\n\n\n------------------------------------------  \n   ,      <?=$arParams[\"FORUM_NAME\"];?>.\n\n           :\nhttp://<?=$arParams[\"SERVER_NAME\"];?><?=$arParams[\"PATH2FORUM\"];?>\n\n\n  : <?=$arParams[\"FORUM_EMAIL\"];?>\n\n\n : <?=$arParams[\"AUTHOR\"];?>\n\n\n     <?=$arParams[\"SITE_NAME\"];?>.\n','text',NULL,NULL,NULL,NULL,NULL,NULL,NULL,NULL,NULL,NULL,NULL,NULL),(26,'2018-04-13 13:11:20','VIRUS_DETECTED','s1','Y','#DEFAULT_EMAIL_FROM#','#EMAIL#','#SITE_NAME#:  ','   #SITE_NAME#\n------------------------------------------\n\n!\n\n   ,       #SERVER_NAME#  ,   .\n\n1.      html.\n2.     ,    ,     -   .\n (: http://#SERVER_NAME#/bitrix/admin/event_log.php?lang=ru&set_filter=Y&find_type=audit_type_id&find_audit_type[]=SECURITY_VIRUS )\n3.  ,     ,        .\n (: http://#SERVER_NAME#/bitrix/admin/security_antivirus.php?lang=ru&tabControl_active_tab=exceptions )\n4.    ,     :\n\n )          .\n )     ssh  ftp.\n )     ,      ssh  ftp.\n )       ssh  ftp   .\n )      . ,        .\n\n---------------------------------------------------------------------\n  .\n','   <?=$arParams[\"SITE_NAME\"];?>\n\n------------------------------------------\n\n!\n\n   ,       <?=$arParams[\"SERVER_NAME\"];?>  ,   .\n\n1.      html.\n2.     ,    ,     -   .\n (: http://<?=$arParams[\"SERVER_NAME\"];?>/bitrix/admin/event_log.php?lang=ru&set_filter=Y&find_type=audit_type_id&find_audit_type[]=SECURITY_VIRUS )\n3.  ,     ,        .\n (: http://<?=$arParams[\"SERVER_NAME\"];?>/bitrix/admin/security_antivirus.php?lang=ru&tabControl_active_tab=exceptions )\n4.    ,     :\n\n )          .\n )     ssh  ftp.\n )     ,      ssh  ftp.\n )       ssh  ftp   .\n )      . ,        .\n\n---------------------------------------------------------------------\n  .\n','text','',NULL,NULL,NULL,NULL,NULL,NULL,NULL,NULL,NULL,NULL,NULL),(27,'2018-04-13 13:11:39','SUBSCRIBE_CONFIRM','s1','Y','#DEFAULT_EMAIL_FROM#','#EMAIL#','#SITE_NAME#:  ','   #SITE_NAME#\n------------------------------------------\n\n,\n\n   ,      \n    #SERVER_NAME#.\n\n   :\n\n  (email) ............ #EMAIL#\n / .... #DATE_SUBSCR#\n\n    : #CONFIRM_CODE#\n\n      :\nhttp://#SERVER_NAME##SUBSCR_SECTION#subscr_edit.php?ID=#ID#&CONFIRM_CODE=#CONFIRM_CODE#\n\n         :\nhttp://#SERVER_NAME##SUBSCR_SECTION#subscr_edit.php?ID=#ID#\n\n!      ,   \n .\n\n---------------------------------------------------------------------\n  ,       .\n   ,  c  \n    .\n\n :\nhttp://#SERVER_NAME##SUBSCR_SECTION#subscr_edit.php?ID=#ID#&CONFIRM_CODE=#CONFIRM_CODE#\n\n:\nhttp://#SERVER_NAME##SUBSCR_SECTION#subscr_edit.php?ID=#ID#&CONFIRM_CODE=#CONFIRM_CODE#&action=unsubscribe\n---------------------------------------------------------------------\n\n  .\n','   <?=$arParams[\"SITE_NAME\"];?>\n\n------------------------------------------\n\n,\n\n   ,      \n    <?=$arParams[\"SERVER_NAME\"];?>.\n\n   :\n\n  (email) ............ <?=$arParams[\"EMAIL\"];?>\n\n / .... <?=$arParams[\"DATE_SUBSCR\"];?>\n\n\n    : <?=$arParams[\"CONFIRM_CODE\"];?>\n\n\n      :\nhttp://<?=$arParams[\"SERVER_NAME\"];?><?=$arParams[\"SUBSCR_SECTION\"];?>subscr_edit.php?ID=<?=$arParams[\"ID\"];?>&CONFIRM_CODE=<?=$arParams[\"CONFIRM_CODE\"];?>\n\n\n         :\nhttp://<?=$arParams[\"SERVER_NAME\"];?><?=$arParams[\"SUBSCR_SECTION\"];?>subscr_edit.php?ID=<?=$arParams[\"ID\"];?>\n\n\n!      ,   \n .\n\n---------------------------------------------------------------------\n  ,       .\n   ,  c  \n    .\n\n :\nhttp://<?=$arParams[\"SERVER_NAME\"];?><?=$arParams[\"SUBSCR_SECTION\"];?>subscr_edit.php?ID=<?=$arParams[\"ID\"];?>&CONFIRM_CODE=<?=$arParams[\"CONFIRM_CODE\"];?>\n\n\n:\nhttp://<?=$arParams[\"SERVER_NAME\"];?><?=$arParams[\"SUBSCR_SECTION\"];?>subscr_edit.php?ID=<?=$arParams[\"ID\"];?>&CONFIRM_CODE=<?=$arParams[\"CONFIRM_CODE\"];?>&action=unsubscribe\n---------------------------------------------------------------------\n\n  .\n','text','',NULL,NULL,NULL,NULL,NULL,NULL,NULL,NULL,NULL,NULL,NULL),(28,'2018-04-13 13:11:46','VOTE_FOR','s1','Y','#DEFAULT_EMAIL_FROM#','#EMAIL_TO#','#SITE_NAME#: [V] #VOTE_TITLE#','#USER_NAME#     \"#VOTE_TITLE#\":\n#VOTE_STATISTIC#\n\nhttp://#SERVER_NAME##URL#\n  .','<?=$arParams[\"USER_NAME\"];?>     \"<?=$arParams[\"VOTE_TITLE\"];?>\":\n<?=$arParams[\"VOTE_STATISTIC\"];?>\n\n\nhttp://<?=$arParams[\"SERVER_NAME\"];?><?=$arParams[\"URL\"];?>\n\n  .','text',NULL,NULL,NULL,NULL,NULL,NULL,NULL,NULL,NULL,NULL,NULL,NULL);
/*!40000 ALTER TABLE `b_event_message` ENABLE KEYS */;
UNLOCK TABLES;

--
-- Table structure for table `b_event_message_attachment`
--

DROP TABLE IF EXISTS `b_event_message_attachment`;
/*!40101 SET @saved_cs_client     = @@character_set_client */;
/*!40101 SET character_set_client = utf8 */;
CREATE TABLE `b_event_message_attachment` (
  `EVENT_MESSAGE_ID` int(18) NOT NULL,
  `FILE_ID` int(18) NOT NULL,
  PRIMARY KEY (`EVENT_MESSAGE_ID`,`FILE_ID`)
) ENGINE=InnoDB DEFAULT CHARSET=utf8 COLLATE=utf8_unicode_ci;
/*!40101 SET character_set_client = @saved_cs_client */;

--
-- Dumping data for table `b_event_message_attachment`
--

LOCK TABLES `b_event_message_attachment` WRITE;
/*!40000 ALTER TABLE `b_event_message_attachment` DISABLE KEYS */;
/*!40000 ALTER TABLE `b_event_message_attachment` ENABLE KEYS */;
UNLOCK TABLES;

--
-- Table structure for table `b_event_message_site`
--

DROP TABLE IF EXISTS `b_event_message_site`;
/*!40101 SET @saved_cs_client     = @@character_set_client */;
/*!40101 SET character_set_client = utf8 */;
CREATE TABLE `b_event_message_site` (
  `EVENT_MESSAGE_ID` int(11) NOT NULL,
  `SITE_ID` char(2) COLLATE utf8_unicode_ci NOT NULL,
  PRIMARY KEY (`EVENT_MESSAGE_ID`,`SITE_ID`)
) ENGINE=InnoDB DEFAULT CHARSET=utf8 COLLATE=utf8_unicode_ci;
/*!40101 SET character_set_client = @saved_cs_client */;

--
-- Dumping data for table `b_event_message_site`
--

LOCK TABLES `b_event_message_site` WRITE;
/*!40000 ALTER TABLE `b_event_message_site` DISABLE KEYS */;
INSERT INTO `b_event_message_site` VALUES (1,'s1'),(2,'s1'),(3,'s1'),(4,'s1'),(5,'s1'),(6,'s1'),(7,'s1'),(8,'s1'),(9,'s1'),(10,'s1'),(11,'s1'),(12,'s1'),(13,'s1'),(14,'s1'),(15,'s1'),(16,'s1'),(17,'s1'),(18,'s1'),(19,'s1'),(20,'s1'),(21,'s1'),(22,'s1'),(23,'s1'),(24,'s1'),(25,'s1'),(26,'s1'),(27,'s1'),(28,'s1');
/*!40000 ALTER TABLE `b_event_message_site` ENABLE KEYS */;
UNLOCK TABLES;

--
-- Table structure for table `b_event_type`
--

DROP TABLE IF EXISTS `b_event_type`;
/*!40101 SET @saved_cs_client     = @@character_set_client */;
/*!40101 SET character_set_client = utf8 */;
CREATE TABLE `b_event_type` (
  `ID` int(18) NOT NULL AUTO_INCREMENT,
  `LID` char(2) COLLATE utf8_unicode_ci NOT NULL,
  `EVENT_NAME` varchar(255) COLLATE utf8_unicode_ci NOT NULL,
  `NAME` varchar(100) COLLATE utf8_unicode_ci DEFAULT NULL,
  `DESCRIPTION` text COLLATE utf8_unicode_ci,
  `SORT` int(18) NOT NULL DEFAULT '150',
  PRIMARY KEY (`ID`),
  UNIQUE KEY `ux_1` (`EVENT_NAME`,`LID`)
) ENGINE=InnoDB AUTO_INCREMENT=57 DEFAULT CHARSET=utf8 COLLATE=utf8_unicode_ci;
/*!40101 SET character_set_client = @saved_cs_client */;

--
-- Dumping data for table `b_event_type`
--

LOCK TABLES `b_event_type` WRITE;
/*!40000 ALTER TABLE `b_event_type` DISABLE KEYS */;
INSERT INTO `b_event_type` VALUES (1,'ru','NEW_USER','  ','\n\n#USER_ID# - ID \n#LOGIN# - \n#EMAIL# - EMail\n#NAME# - \n#LAST_NAME# - \n#USER_IP# - IP \n#USER_HOST# -  \n',1),(2,'ru','USER_INFO','  ','\n\n#USER_ID# - ID \n#STATUS# -  \n#MESSAGE# -  \n#LOGIN# - \n#URL_LOGIN# - ,     URL\n#CHECKWORD# -     \n#NAME# - \n#LAST_NAME# - \n#EMAIL# - E-Mail \n',2),(3,'ru','NEW_USER_CONFIRM','   ','\n\n\n#USER_ID# - ID \n#LOGIN# - \n#EMAIL# - EMail\n#NAME# - \n#LAST_NAME# - \n#USER_IP# - IP \n#USER_HOST# -  \n#CONFIRM_CODE# -  \n',3),(4,'ru','USER_PASS_REQUEST','   ','\n\n#USER_ID# - ID \n#STATUS# -  \n#MESSAGE# -  \n#LOGIN# - \n#URL_LOGIN# - ,     URL\n#CHECKWORD# -     \n#NAME# - \n#LAST_NAME# - \n#EMAIL# - E-Mail \n',4),(5,'ru','USER_PASS_CHANGED','  ','\n\n#USER_ID# - ID \n#STATUS# -  \n#MESSAGE# -  \n#LOGIN# - \n#URL_LOGIN# - ,     URL\n#CHECKWORD# -     \n#NAME# - \n#LAST_NAME# - \n#EMAIL# - E-Mail \n',5),(6,'ru','USER_INVITE','    ','#ID# - ID \n#LOGIN# - \n#URL_LOGIN# - ,     URL\n#EMAIL# - EMail\n#NAME# - \n#LAST_NAME# - \n#PASSWORD# -   \n#CHECKWORD# -     \n#XML_ID# - ID      \n',6),(7,'ru','FEEDBACK_FORM','     ','#AUTHOR# -  \n#AUTHOR_EMAIL# - Email  \n#TEXT# -  \n#EMAIL_FROM# - Email  \n#EMAIL_TO# - Email  ',7),(8,'en','NEW_USER','New user was registered','\n\n#USER_ID# - User ID\n#LOGIN# - Login\n#EMAIL# - EMail\n#NAME# - Name\n#LAST_NAME# - Last Name\n#USER_IP# - User IP\n#USER_HOST# - User Host\n',1),(9,'en','USER_INFO','Account Information','\n\n#USER_ID# - User ID\n#STATUS# - Account status\n#MESSAGE# - Message for user\n#LOGIN# - Login\n#URL_LOGIN# - Encoded login for use in URL\n#CHECKWORD# - Check string for password change\n#NAME# - Name\n#LAST_NAME# - Last Name\n#EMAIL# - User E-Mail\n',2),(10,'en','NEW_USER_CONFIRM','New user registration confirmation','\n\n#USER_ID# - User ID\n#LOGIN# - Login\n#EMAIL# - E-mail\n#NAME# - First name\n#LAST_NAME# - Last name\n#USER_IP# - User IP\n#USER_HOST# - User host\n#CONFIRM_CODE# - Confirmation code\n',3),(11,'en','USER_PASS_REQUEST','Password Change Request','\n\n#USER_ID# - User ID\n#STATUS# - Account status\n#MESSAGE# - Message for user\n#LOGIN# - Login\n#URL_LOGIN# - Encoded login for use in URL\n#CHECKWORD# - Check string for password change\n#NAME# - Name\n#LAST_NAME# - Last Name\n#EMAIL# - User E-Mail\n',4),(12,'en','USER_PASS_CHANGED','Password Change Confirmation','\n\n#USER_ID# - User ID\n#STATUS# - Account status\n#MESSAGE# - Message for user\n#LOGIN# - Login\n#URL_LOGIN# - Encoded login for use in URL\n#CHECKWORD# - Check string for password change\n#NAME# - Name\n#LAST_NAME# - Last Name\n#EMAIL# - User E-Mail\n',5),(13,'en','USER_INVITE','Invitation of a new site user','#ID# - User ID\n#LOGIN# - Login\n#URL_LOGIN# - Encoded login for use in URL\n#EMAIL# - EMail\n#NAME# - Name\n#LAST_NAME# - Last Name\n#PASSWORD# - User password \n#CHECKWORD# - Password check string\n#XML_ID# - User ID to link with external data sources\n\n',6),(14,'en','FEEDBACK_FORM','Sending a message using a feedback form','#AUTHOR# - Message author\n#AUTHOR_EMAIL# - Author\'s e-mail address\n#TEXT# - Message text\n#EMAIL_FROM# - Sender\'s e-mail address\n#EMAIL_TO# - Recipient\'s e-mail address',7),(15,'ru','NEW_BLOG_MESSAGE','   ','#BLOG_ID# - ID  \n#BLOG_NAME# -  \n#BLOG_URL# -   \n#MESSAGE_TITLE# -  \n#MESSAGE_TEXT# -  \n#MESSAGE_DATE# -  \n#MESSAGE_PATH# - URL  \n#AUTHOR# -  \n#EMAIL_FROM# - Email  \n#EMAIL_TO# - Email  ',100),(16,'ru','NEW_BLOG_COMMENT','   ','#BLOG_ID# - ID  \n#BLOG_NAME# -  \n#BLOG_URL# -   \n#MESSAGE_TITLE# -  \n#COMMENT_TITLE# -  \n#COMMENT_TEXT# -  \n#COMMENT_DATE# -  \n#COMMENT_PATH# - URL  \n#AUTHOR# -  \n#EMAIL_FROM# - Email  \n#EMAIL_TO# - Email  ',100),(17,'ru','NEW_BLOG_COMMENT2COMMENT','      ','#BLOG_ID# - ID  \n#BLOG_NAME# -  \n#BLOG_URL# -   \n#MESSAGE_TITLE# -  \n#COMMENT_TITLE# -  \n#COMMENT_TEXT# -  \n#COMMENT_DATE# -  \n#COMMENT_PATH# - URL  \n#AUTHOR# -  \n#EMAIL_FROM# - Email  \n#EMAIL_TO# - Email  ',100),(18,'ru','NEW_BLOG_COMMENT_WITHOUT_TITLE','    ( )','#BLOG_ID# - ID  \n#BLOG_NAME# -  \n#BLOG_URL# -   \n#MESSAGE_TITLE# -  \n#COMMENT_TEXT# -  \n#COMMENT_DATE# -  \n#COMMENT_PATH# - URL  \n#AUTHOR# -  \n#EMAIL_FROM# - Email  \n#EMAIL_TO# - Email  ',100),(19,'ru','NEW_BLOG_COMMENT2COMMENT_WITHOUT_TITLE','       ( )','#BLOG_ID# - ID  \n#BLOG_NAME# -  \n#BLOG_URL# -   \n#COMMENT_TITLE# -  \n#COMMENT_TEXT# -  \n#COMMENT_DATE# -  \n#COMMENT_PATH# - URL  \n#AUTHOR# -  \n#EMAIL_FROM# - Email  \n#EMAIL_TO# - Email  ',100),(20,'ru','BLOG_YOUR_BLOG_TO_USER','     ','#BLOG_ID# - ID  \n#BLOG_NAME# -  \n#BLOG_URL# -   \n#BLOG_ADR# -  \n#USER_ID# - ID \n#USER# - \n#USER_URL# -  \n#EMAIL_FROM# - Email  \n#EMAIL_TO# - Email  \n',100),(21,'ru','BLOG_YOU_TO_BLOG','     ','#BLOG_ID# - ID  \n#BLOG_NAME# -  \n#BLOG_URL# -   \n#BLOG_ADR# -  \n#USER_ID# - ID \n#USER# - \n#USER_URL# -  \n#EMAIL_FROM# - Email  \n#EMAIL_TO# - Email  \n',100),(22,'ru','BLOG_BLOG_TO_YOU','      ','#BLOG_ID# - ID  \n#BLOG_NAME# -  \n#BLOG_URL# -   \n#BLOG_ADR# -  \n#USER_ID# - ID \n#USER# - \n#USER_URL# -  \n#EMAIL_FROM# - Email  \n#EMAIL_TO# - Email  \n',100),(23,'ru','BLOG_USER_TO_YOUR_BLOG','     ','#BLOG_ID# - ID  \n#BLOG_NAME# -  \n#BLOG_URL# -   \n#BLOG_ADR# -  \n#USER_ID# - ID \n#USER# - \n#USER_URL# -  \n#EMAIL_FROM# - Email  \n#EMAIL_TO# - Email  \n',100),(24,'ru','BLOG_SONET_NEW_POST','  ','#EMAIL_TO# - Email  \n#POST_ID# - ID \n#RECIPIENT_ID# - ID \n#URL_ID# - URL  \n',100),(25,'ru','BLOG_SONET_NEW_COMMENT','  ','#EMAIL_TO# - Email  \n#COMMENT_ID# - ID \n#POST_ID# - ID \n#RECIPIENT_ID# - ID \n#URL_ID# - URL  \n',100),(26,'ru','BLOG_SONET_POST_SHARE','   ','#EMAIL_TO# - Email  \n#POST_ID# - ID \n#RECIPIENT_ID# - ID \n#URL_ID# - URL  \n',100),(27,'ru','BLOG_POST_BROADCAST','  ','\n#MESSAGE_TITLE# -  \n#MESSAGE_TEXT# -  \n#MESSAGE_PATH# - URL  \n#AUTHOR# -  \n#EMAIL_TO# - Email  ',100),(28,'en','NEW_BLOG_MESSAGE','New blog message','#BLOG_ID# - Blog ID\n#BLOG_NAME# - Blog title\n#BLOG_URL# - Blog url\n#MESSAGE_TITLE# - Message title\n#MESSAGE_TEXT# - Message text\n#MESSAGE_DATE# - Message date\n#MESSAGE_PATH# - URL to message\n#AUTHOR# - Message author\n#EMAIL_FROM# - Sender email\n#EMAIL_TO# - Recipient email',100),(29,'en','NEW_BLOG_COMMENT','New comment in blog','#BLOG_ID# - Blog ID\n#BLOG_NAME# - Blog title\n#BLOG_URL# - Blog url\n#MESSAGE_TITLE# - Message title\n#COMMENT_TITLE# - Comment title\n#COMMENT_TEXT# - Comment text\n#COMMENT_DATE# - Comment date\n#COMMENT_PATH# - Comment URL\n#AUTHOR# - Comment author\n#EMAIL_FROM# - Sender email\n#EMAIL_TO# - Recipient email',100),(30,'en','NEW_BLOG_COMMENT2COMMENT','New comment for your in blog','#BLOG_ID# - Blog ID\n#BLOG_NAME# - Blog title\n#BLOG_URL# - Blog url\n#MESSAGE_TITLE# - Message title\n#COMMENT_TITLE# - Comment title\n#COMMENT_TEXT# - Comment text\n#COMMENT_DATE# - Comment date\n#COMMENT_PATH# - Comment URL\n#AUTHOR# - Comment author\n#EMAIL_FROM# - Sender email\n#EMAIL_TO# - Recipient email',100),(31,'en','NEW_BLOG_COMMENT_WITHOUT_TITLE','New comment in blog (without subject)','#BLOG_ID# - Blog ID\n#BLOG_NAME# - Blog title\n#BLOG_URL# - Blog url\n#MESSAGE_TITLE# - Message title\n#COMMENT_TEXT# - Comment text\n#COMMENT_DATE# - Comment date\n#COMMENT_PATH# - Comment URL\n#AUTHOR# - Comment author\n#EMAIL_FROM# - Sender email\n#EMAIL_TO# - Recipient email',100),(32,'en','NEW_BLOG_COMMENT2COMMENT_WITHOUT_TITLE','New comment for your in blog (without subject)','#BLOG_ID# - Blog ID\n#BLOG_NAME# - Blog title\n#BLOG_URL# - Blog url\n#MESSAGE_TITLE# - Message title\n#COMMENT_TEXT# - Comment text\n#COMMENT_DATE# - Comment date\n#COMMENT_PATH# - Comment URL\n#AUTHOR# - Comment author\n#EMAIL_FROM# - Sender email\n#EMAIL_TO# - Recipient email',100),(33,'en','BLOG_YOUR_BLOG_TO_USER','Your blog has been added to friends','#BLOG_ID# - Blog ID\n#BLOG_NAME# - Blog name\n#BLOG_URL# - Blog name, Latin letters only\n#BLOG_ADR# - Blog address\n#USER_ID# - User ID\n#USER# - User\n#USER_URL# - User URL\n#EMAIL_FROM# - Sender E-mail\n#EMAIL_TO# - Recipient E-mail',100),(34,'en','BLOG_YOU_TO_BLOG','You have been added to blog friends','#BLOG_ID# - Blog ID\n#BLOG_NAME# - Blog name\n#BLOG_URL# - Blog name, Latin letters only\n#BLOG_ADR# - Blog address\n#USER_ID# - User ID\n#USER# - User\n#USER_URL# - User URL\n#EMAIL_FROM# - Sender E-mail\n#EMAIL_TO# - Recipient E-mail',100),(35,'en','BLOG_BLOG_TO_YOU','A blog has been added to your friends','#BLOG_ID# - Blog ID\n#BLOG_NAME# - Blog name\n#BLOG_URL# - Blog name, Latin letters only\n#BLOG_ADR# - Blog address\n#USER_ID# - User ID\n#USER# - User\n#USER_URL# - User URL\n#EMAIL_FROM# - Sender E-mail\n#EMAIL_TO# - Recipient E-mail',100),(36,'en','BLOG_USER_TO_YOUR_BLOG','A friend has been added to your blog','#BLOG_ID# - Blog ID\n#BLOG_NAME# - Blog name\n#BLOG_URL# - Blog name, Latin letters only\n#BLOG_ADR# - Blog address\n#USER_ID# - User ID\n#USER# - User\n#USER_URL# - User URL\n#EMAIL_FROM# - Sender E-mail\n#EMAIL_TO# - Recipient E-mail',100),(37,'en','BLOG_SONET_NEW_POST','New post added','#EMAIL_TO# - Recipient email\n#POST_ID# - Post ID\n#URL_ID# - Post URL',100),(38,'en','BLOG_SONET_NEW_COMMENT','Comment added','#EMAIL_TO# - Recipient email\n#COMMENT_ID# - Comment ID\n#POST_ID# - Post ID\n#URL_ID# - Post URL',100),(39,'en','BLOG_SONET_POST_SHARE','New recipient added','#EMAIL_TO# - Recipient email\n#POST_ID# - Post ID\n#URL_ID# - Post URL',100),(40,'en','BLOG_POST_BROADCAST','New post added','\n#MESSAGE_TITLE# - Post subject\n#MESSAGE_TEXT# - Post text \n#MESSAGE_PATH# - Post URL\n#AUTHOR# - Post author\n#EMAIL_TO# - E-mail recipient',100),(41,'ru','NEW_FORUM_MESSAGE','   ','\n			#FORUM_ID# - ID \n			#FORUM_NAME# -  \n			#TOPIC_ID# - ID \n			#MESSAGE_ID# - ID \n			#TOPIC_TITLE# -  \n			#MESSAGE_TEXT# -  \n			#MESSAGE_DATE# -  \n			#AUTHOR# -  \n			#RECIPIENT# -  \n			#TAPPROVED# -   \n			#MAPPROVED# -   \n			#PATH2FORUM# -  \n			#FROM_EMAIL# - E-Mail   From ',100),(42,'ru','NEW_FORUM_PRIV','   ','\n			#FROM_NAME# -  \n			#FROM_EMAIL# - E-Mail  \n			#TO_NAME# -   \n			#TO_EMAIL# - E-Mail  \n			#SUBJECT# -  \n			#MESSAGE# -  \n			#MESSAGE_DATE# -  ',100),(43,'ru','NEW_FORUM_PRIVATE_MESSAGE',' ','\n			#FROM_NAME# -   \n			#FROM_USER_ID# - ID  \n			#FROM_EMAIL# - E-Mail  \n			#TO_NAME# -   \n			#TO_USER_ID# - ID  \n			#TO_EMAIL# - E-Mail  \n			#SUBJECT# -  \n			#MESSAGE# -  \n			#MESSAGE_DATE# -  \n			#MESSAGE_LINK# -   ',100),(44,'ru','EDIT_FORUM_MESSAGE','   ','\n			#FORUM_ID# - ID \n			#FORUM_NAME# -  \n			#TOPIC_ID# - ID \n			#MESSAGE_ID# - ID \n			#TOPIC_TITLE# -  \n			#MESSAGE_TEXT# -  \n			#MESSAGE_DATE# -  \n			#AUTHOR# -  \n			#RECIPIENT# -  \n			#TAPPROVED# -   \n			#MAPPROVED# -   \n			#PATH2FORUM# -  \n			#FROM_EMAIL# - E-Mail   From ',100),(45,'en','NEW_FORUM_MESSAGE','New forum message','\n			#FORUM_ID# - Forum ID\n			#FORUM_NAME# - Forum name\n			#TOPIC_ID# - Topic ID\n			#MESSAGE_ID# - Message ID\n			#TOPIC_TITLE# - Topic title\n			#MESSAGE_TEXT# - Message text\n			#MESSAGE_DATE# - Message date\n			#AUTHOR# - Message author\n			#RECIPIENT# - E-Mail recipient\n			#TAPPROVED# - Message topic is approved\n			#MAPPROVED# - Message is approved\n			#PATH2FORUM# - Message Url\n			#FROM_EMAIL# - E-Mail for From field of the EMail',100),(46,'en','NEW_FORUM_PRIV','Private message for forum user','\n			#FROM_NAME# - Name of the sender\n			#FROM_EMAIL# - E-Mail of the sender\n			#TO_NAME# - Name of recipient\n			#TO_EMAIL# - E-Mail of recipient\n			#SUBJECT# - Topic\n			#MESSAGE# - Message\n			#MESSAGE_DATE# - Date',100),(47,'en','NEW_FORUM_PRIVATE_MESSAGE','Private message for forum user','\n			#FROM_NAME# - Name of the sender\n			#FROM_USER_ID# - ID of the sender\n			#FROM_EMAIL# - E-Mail of the sender\n			#TO_NAME# - Name of recipient\n			#TO_USER_ID# - ID of recipient\n			#TO_EMAIL# - E-Mail of recipient\n			#SUBJECT# - Topic\n			#MESSAGE# - Message\n			#MESSAGE_DATE# - Date\n			#MESSAGE_LINK# - Link to message',100),(48,'en','EDIT_FORUM_MESSAGE','Changing forum message','\n			#FORUM_ID# - Forum ID\n			#FORUM_NAME# - Forum name\n			#TOPIC_ID# - Topic ID\n			#MESSAGE_ID# - Message ID\n			#TOPIC_TITLE# - Topic title\n			#MESSAGE_TEXT# - Message text\n			#MESSAGE_DATE# - Message date\n			#AUTHOR# - Message author\n			#RECIPIENT# - E-Mail recipient\n			#TAPPROVED# - Message topic is approved\n			#MAPPROVED# - Message is approved\n			#PATH2FORUM# - Message Url\n			#FROM_EMAIL# - E-Mail for From field of the EMail',100),(49,'ru','FORUM_NEW_MESSAGE_MAIL','        E-Mail','#FORUM_NAME# -  \n#AUTHOR# -  \n#FROM_EMAIL# - E-Mail   From \n#RECIPIENT# -  \n#TOPIC_TITLE# -  \n#MESSAGE_TEXT# -  \n#PATH2FORUM# -  \n#MESSAGE_DATE# -  \n#FORUM_EMAIL# - -Mail      \n#FORUM_ID# - ID \n#TOPIC_ID# - ID  \n#MESSAGE_ID# - ID \n#TAPPROVED# -  \n#MAPPROVED# -  \n',100),(50,'en','FORUM_NEW_MESSAGE_MAIL','New message at the forum (e-mail messaging mode)','#FORUM_NAME# - Forum name\n#AUTHOR# - Message author\n#FROM_EMAIL# - E-Mail in the &amp;From&amp; field\n#RECIPIENT# - Message recipient\n#TOPIC_TITLE# - Message subject\n#MESSAGE_TEXT# - Message text\n#PATH2FORUM# - Message URL\n#MESSAGE_DATE# - Message date\n#FORUM_EMAIL# - E-Mail to add messages to the forum \n#FORUM_ID# - Forum ID\n#TOPIC_ID# - Topic ID \n#MESSAGE_ID# - Message ID\n#TAPPROVED# - Topic approved and published\n#MAPPROVED# - Message approved and published\n',100),(51,'ru','VIRUS_DETECTED',' ','#EMAIL# - E-Mail   (   )',100),(52,'en','VIRUS_DETECTED','Virus detected','#EMAIL# - Site administrator\'s e-mail address (from the Kernel module settings)',100),(53,'ru','SUBSCRIBE_CONFIRM',' ','#ID# -  \n#EMAIL# -  \n#CONFIRM_CODE# -  \n#SUBSCR_SECTION# - ,      (  )\n#USER_NAME# -   ( )\n#DATE_SUBSCR# -  / \n',100),(54,'en','SUBSCRIBE_CONFIRM','Confirmation of subscription','#ID# - subscription ID\n#EMAIL# - subscription email\n#CONFIRM_CODE# - confirmation code\n#SUBSCR_SECTION# - section with subscription edit page (specifies in the settings)\n#USER_NAME# - subscriber\'s name (optional)\n#DATE_SUBSCR# - date of adding/change of address\n',100),(55,'ru','VOTE_FOR',' ','#ID# - ID  \n#TIME# -  \n#VOTE_TITLE# -  \n#VOTE_DESCRIPTION# -  \n#VOTE_ID# - ID \n#CHANNEL# -   \n#CHANNEL_ID# - ID  \n#VOTER_ID# - ID  \n#USER_NAME# -  \n#LOGIN# - \n#USER_ID# - ID \n#STAT_GUEST_ID# - ID   \n#SESSION_ID# - ID   \n#IP# - IP \n#VOTE_STATISTIC# -     ( -  -  )\n#URL# -   \n',100),(56,'en','VOTE_FOR','New vote','#ID# - Vote result ID\n#TIME# - Time of vote\n#VOTE_TITLE# - Poll name\n#VOTE_DESCRIPTION# - Poll description\n#VOTE_ID# - Poll ID\n#CHANNEL# - Poll group name\n#CHANNEL_ID# - Poll group ID\n#VOTER_ID# - Voter\'s user ID\n#USER_NAME# - User full name\n#LOGIN# - login\n#USER_ID# - User ID\n#STAT_GUEST_ID# - Visitor ID in web analytics module\n#SESSION_ID# - Session ID in web analytics module\n#IP# - IP address\n#VOTE_STATISTIC# - Summary statistics of this poll type ( - Question - Answer)\n#URL# - Poll URL',100);
/*!40000 ALTER TABLE `b_event_type` ENABLE KEYS */;
UNLOCK TABLES;

--
-- Table structure for table `b_favorite`
--

DROP TABLE IF EXISTS `b_favorite`;
/*!40101 SET @saved_cs_client     = @@character_set_client */;
/*!40101 SET character_set_client = utf8 */;
CREATE TABLE `b_favorite` (
  `ID` int(18) NOT NULL AUTO_INCREMENT,
  `TIMESTAMP_X` datetime DEFAULT NULL,
  `DATE_CREATE` datetime DEFAULT NULL,
  `C_SORT` int(18) NOT NULL DEFAULT '100',
  `MODIFIED_BY` int(18) DEFAULT NULL,
  `CREATED_BY` int(18) DEFAULT NULL,
  `MODULE_ID` varchar(50) COLLATE utf8_unicode_ci DEFAULT NULL,
  `NAME` varchar(255) COLLATE utf8_unicode_ci DEFAULT NULL,
  `URL` text COLLATE utf8_unicode_ci,
  `COMMENTS` text COLLATE utf8_unicode_ci,
  `LANGUAGE_ID` char(2) COLLATE utf8_unicode_ci DEFAULT NULL,
  `USER_ID` int(11) DEFAULT NULL,
  `CODE_ID` int(18) DEFAULT NULL,
  `COMMON` char(1) COLLATE utf8_unicode_ci NOT NULL DEFAULT 'Y',
  `MENU_ID` varchar(255) COLLATE utf8_unicode_ci DEFAULT NULL,
  PRIMARY KEY (`ID`)
) ENGINE=InnoDB DEFAULT CHARSET=utf8 COLLATE=utf8_unicode_ci;
/*!40101 SET character_set_client = @saved_cs_client */;

--
-- Dumping data for table `b_favorite`
--

LOCK TABLES `b_favorite` WRITE;
/*!40000 ALTER TABLE `b_favorite` DISABLE KEYS */;
/*!40000 ALTER TABLE `b_favorite` ENABLE KEYS */;
UNLOCK TABLES;

--
-- Table structure for table `b_file`
--

DROP TABLE IF EXISTS `b_file`;
/*!40101 SET @saved_cs_client     = @@character_set_client */;
/*!40101 SET character_set_client = utf8 */;
CREATE TABLE `b_file` (
  `ID` int(18) NOT NULL AUTO_INCREMENT,
  `TIMESTAMP_X` timestamp NOT NULL DEFAULT CURRENT_TIMESTAMP ON UPDATE CURRENT_TIMESTAMP,
  `MODULE_ID` varchar(50) COLLATE utf8_unicode_ci DEFAULT NULL,
  `HEIGHT` int(18) DEFAULT NULL,
  `WIDTH` int(18) DEFAULT NULL,
  `FILE_SIZE` bigint(20) DEFAULT NULL,
  `CONTENT_TYPE` varchar(255) COLLATE utf8_unicode_ci DEFAULT 'IMAGE',
  `SUBDIR` varchar(255) COLLATE utf8_unicode_ci DEFAULT NULL,
  `FILE_NAME` varchar(255) COLLATE utf8_unicode_ci NOT NULL,
  `ORIGINAL_NAME` varchar(255) COLLATE utf8_unicode_ci DEFAULT NULL,
  `DESCRIPTION` varchar(255) COLLATE utf8_unicode_ci DEFAULT NULL,
  `HANDLER_ID` varchar(50) COLLATE utf8_unicode_ci DEFAULT NULL,
  `EXTERNAL_ID` varchar(50) COLLATE utf8_unicode_ci DEFAULT NULL,
  PRIMARY KEY (`ID`),
  KEY `IX_B_FILE_EXTERNAL_ID` (`EXTERNAL_ID`)
) ENGINE=InnoDB AUTO_INCREMENT=55 DEFAULT CHARSET=utf8 COLLATE=utf8_unicode_ci;
/*!40101 SET character_set_client = @saved_cs_client */;

--
-- Dumping data for table `b_file`
--

LOCK TABLES `b_file` WRITE;
/*!40000 ALTER TABLE `b_file` DISABLE KEYS */;
INSERT INTO `b_file` VALUES (1,'2018-04-13 13:16:25','iblock',97,117,7208,'image/gif','iblock/5a0','5a06c22d6e1adfc981afb5252149bfb7.gif','9f643eecc497982747178145cc4736a4.gif','',NULL,'7d53fd6e5f9bdc2254bfd1b1fceb5cc4'),(2,'2018-04-13 13:16:25','iblock',97,118,6154,'image/gif','iblock/b55','b5534b5f3ae1d4eb245d562db68530e2.gif','9baa9f7a5c946e28647383d6d4a7fed2.gif','',NULL,'b6bc62034164da446f42407ddaf4b5fd'),(3,'2018-04-13 13:16:26','iblock',97,115,7024,'image/gif','iblock/812','8125e8b1556e80991d41df4a5b1e563e.gif','3583b1ad0ff085c4fc5cc3ef35c117f5.gif','',NULL,'5e4d3c6be2f76c8e57707cc3b98287bd'),(4,'2018-04-13 13:16:27','iblock',97,117,8177,'image/gif','iblock/41d','41d934fa2386c49da70f048f34c688bc.gif','e41c3f9d5834738bb4b1a8bda651989d.gif','',NULL,'d2052402cea29429468c1da2434056a8'),(5,'2018-04-13 13:16:28','iblock',75,82,6081,'image/jpeg','iblock/c35','c358e21545cf04c1ce0804c480bb0689.jpg','2e602c1c22ccb832df21ad28ad5edaad.jpg','',NULL,'3d6953d644741f5422d2587a593c2263'),(6,'2018-04-13 13:16:28','iblock',365,400,93204,'image/jpeg','iblock/5af','5af6ef3b070024ea4790bf4153cc30dc.jpg','09812c445d3ee5f5311bbe7e44ee7d6f.jpg','',NULL,'5283ee24cd05daf110e03ab43f4bac3f'),(7,'2018-04-13 13:16:30','iblock',62,75,4431,'image/jpeg','iblock/763','763646ef4d8335139365ccf15d2f75e7.jpg','bb30381459dbbbe12e882e632f6b1c53.jpg','',NULL,'18bda3d93fb4e324c88431f8fe55d0d1'),(8,'2018-04-13 13:16:30','iblock',331,400,82283,'image/jpeg','iblock/400','4002b19aaf12a8c10d42143a61917ba9.jpg','626ca8c573225d46d0b4d809cebb3dae.jpg','',NULL,'af7e00e83208f0d27fcfd0a586889b56'),(9,'2018-04-13 13:16:33','iblock',75,47,3075,'image/jpeg','iblock/44a','44af3b03e1e67d91b28db6a14650725a.jpg','1f5d4439c837ba415e78b9645ae0d73b.jpg','',NULL,'0c1b03f1f8124195da9ef3ac403ece35'),(10,'2018-04-13 13:16:33','iblock',400,250,29739,'image/jpeg','iblock/32d','32d4c33d991a74973fb938aa4b81ed6e.jpg','885f25305f6c920393bf447112730a32.jpg','',NULL,'e79d2e9452ccbd82571df4bf01852040'),(11,'2018-04-13 13:16:35','iblock',75,49,3038,'image/jpeg','iblock/95a','95a36f1fe7cc9a499d6e7accc9a51773.jpg','ab929afb73ab299a22e03cc039569505.jpg','',NULL,'96374bba59bf9d261b8a02f6b2d6e71d'),(12,'2018-04-13 13:16:35','iblock',400,260,36309,'image/jpeg','iblock/163','163b63550465e334c11b6a3d23181e23.jpg','f2bca316eede55098cab3bfda5b46697.jpg','',NULL,'0e1348b0e7b7e09d7f895c00090eeb96'),(13,'2018-04-13 13:16:37','iblock',75,46,2766,'image/jpeg','iblock/be3','be37d8dbda8e65bc53e47ca097b1f6ac.jpg','74a072234e4b35fc24ee618bfc7dc98b.jpg','',NULL,'7c2658a279bd637b08512f9defd16f98'),(14,'2018-04-13 13:16:37','iblock',400,247,26265,'image/jpeg','iblock/9e7','9e7e6cf329627b82d1541b1f4077664e.jpg','6237fa3331d46f6efe0409d7d24cdb25.jpg','',NULL,'273a4a3252059c2b9c58950688feb714'),(15,'2018-04-13 13:16:38','iblock',59,75,4604,'image/jpeg','iblock/9d1','9d1f53143d9fd402e45955bbd47e96fe.jpg','3392f27c38911965c60026ff9c0d3ef6.jpg','',NULL,'759ddcb28cfa28f4f738a771c5dea860'),(16,'2018-04-13 13:16:39','iblock',313,400,57378,'image/jpeg','iblock/76a','76ade451ca1059217cf3407e6e4556f1.jpg','baee3922cc3b782c479845cd9a51aa2b.jpg','',NULL,'69062352802a2fb70aaf922a1d0bb827'),(17,'2018-04-13 13:16:40','iblock',49,75,3877,'image/jpeg','iblock/a7d','a7d38f61dd839ff99f98e3a959792eac.jpg','2bdc35b67545840a286ee2ade1e53cf1.jpg','',NULL,'83e82da486d3aee8154ebe32013ee596'),(18,'2018-04-13 13:16:40','iblock',264,400,96792,'image/jpeg','iblock/458','458abe7f2153327a673c691796b2ceee.jpg','9444ca19815887874cfa5ccd2cf9b08e.jpg','',NULL,'7171e0094700d62bc27291c7b410b0d8'),(19,'2018-04-13 13:16:41','iblock',41,75,4223,'image/jpeg','iblock/6c4','6c4f951487a45dc399ad43c8dbd9ac30.jpg','9b1cf849b8732e25002db920755486e9.jpg','',NULL,'776636a0fe1dbc845ea9e0d40603e045'),(20,'2018-04-13 13:16:41','iblock',220,400,65934,'image/jpeg','iblock/68c','68c09f309ab5124f12feff711e3521c9.jpg','38f3bb38d0be153aa8233f8959141b8d.jpg','',NULL,'d5df0dc45acdde4cf226a92fac94045b'),(21,'2018-04-13 13:16:42','iblock',62,75,4454,'image/jpeg','iblock/f23','f235511a2baed2ff935db8b9f4ce4d99.jpg','d64f02c32d7aec7d187dfb4d6e89c56b.jpg','',NULL,'64d814c44c6d9745a83bfe53ca06bc87'),(22,'2018-04-13 13:16:42','iblock',329,400,78028,'image/jpeg','iblock/f5b','f5b017397fa5220a989d5a3df21b6daa.jpg','445fcbf65c020dbaebf811a58b7ef941.jpg','',NULL,'8fd2f4574d12f852da313d5c3a909546'),(23,'2018-04-13 13:16:44','iblock',50,75,4281,'image/jpeg','iblock/aef','aefb514a372ee2e03dfab142df6f8c03.jpg','4d4fcbcf706e07d5920751b96b2390a2.jpg','',NULL,'ca9a25c506a5bb072bfa2fb8f8f4f7b8'),(24,'2018-04-13 13:16:44','iblock',269,400,62994,'image/jpeg','iblock/239','239d3e8b18a120248df8fe3907302afd.jpg','7412d2f4d2b8e91187d39405c1c331c0.jpg','',NULL,'1c2f06b8a9d08dc2e2bb913296db7781'),(25,'2018-04-13 13:16:45','iblock',32,75,2529,'image/jpeg','iblock/f91','f9161d5a1f63ed579b317b21ddb9433c.jpg','a20a430640daab0d2e80587a991043dc.jpg','',NULL,'2827ed6555e2ad7d1ab9fa05178fd86a'),(26,'2018-04-13 13:16:45','iblock',171,400,43694,'image/jpeg','iblock/503','5035e64f51b4ac010a8ac33483503362.jpg','2b671b45113c251546674131e9681c89.jpg','',NULL,'297208428a1f9ac7e704dc2d038fffc5'),(27,'2018-04-13 13:16:47','iblock',52,75,3543,'image/jpeg','iblock/168','16891d378afb11f793952136e53b9d5d.jpg','35962bde726c3ffaf7ccdfd9bb607379.jpg','',NULL,'d26bf387d81e2aee9bd568a2fbf9e9cf'),(28,'2018-04-13 13:16:47','iblock',276,400,45830,'image/jpeg','iblock/594','5943dedeee068ca03e3fe1f061784de9.jpg','1421f08c8613b257c93f95ca3fd2826d.jpg','',NULL,'da0fbd7b44de760571741022ef770e56'),(29,'2018-04-13 13:16:49','iblock',69,75,4545,'image/jpeg','iblock/b1b','b1bb84cc552d67c2fdb4fd8d83ff6f69.jpg','331184f76e4aafea8728856ad06f4487.jpg','',NULL,'7b930d7182ff8df315ab518e35639b70'),(30,'2018-04-13 13:16:49','iblock',366,400,50389,'image/jpeg','iblock/725','72509bdbf67050e15755c4ec8ec72c42.jpg','e26a955a944250ca5980f143faaadfbb.jpg','',NULL,'eeb73a53c1dcf5b3e792efa2d615301b'),(31,'2018-04-13 13:16:52','iblock',52,75,4430,'image/jpeg','iblock/37a','37a1798e65d8f89ea893cf224fa99de3.jpg','3e84c9ae297f66002462ef2782524e1c.jpg','',NULL,'501bbf46014cb1d281b53ea7b83cd0c5'),(32,'2018-04-13 13:16:52','iblock',279,400,60160,'image/jpeg','iblock/52f','52f5d01df5d28f12b8f524ed87fbf782.jpg','16798358158a0c4e8e280370dad92e34.jpg','',NULL,'95830a915d346e71c4c149849c10afe1'),(33,'2018-04-13 13:16:54','iblock',75,74,5105,'image/jpeg','iblock/849','84984006b94345bee58f5bee11d44e1f.jpg','809194f5dcf2a15a37cdcaa8e3abbe3d.jpg','',NULL,'c650d99532bef755d0ffa9335f470802'),(34,'2018-04-13 13:16:54','iblock',400,394,67705,'image/jpeg','iblock/faa','faaae8c109b4d488580417a4476d7992.jpg','2883876e37fde7403e471cc9a24ea3e7.jpg','',NULL,'a98e999a2533a72f0e0cb3849a67138e'),(35,'2018-04-13 13:16:56','iblock',75,54,3651,'image/jpeg','iblock/6c0','6c074730c62ff4499a8c5792f8687c04.jpg','434f471a7920ed00e08fb3916569e1f7.jpg','',NULL,'35315885e9c2132a90402689d9d98228'),(36,'2018-04-13 13:16:56','iblock',400,286,40331,'image/jpeg','iblock/4f2','4f2de8005974f76c4e97c6a0f50fbd68.jpg','7fe0d47b409d9aa6097128b113e753b9.jpg','',NULL,'db91cd9c30e5b3cc674f7eddee9c5a1b'),(37,'2018-04-13 13:16:58','iblock',75,45,3564,'image/jpeg','iblock/365','365c5b302f3248857f2494915322c2d5.jpg','a7b9328dab5d8599953605e2d14da0b3.jpg','',NULL,'1f5ad9c2de69e183b83bad77cc962acf'),(38,'2018-04-13 13:16:58','iblock',400,238,42306,'image/jpeg','iblock/6f5','6f50b88907824be7e61a203430f65067.jpg','e4427787c59b56b70a9c0381453f88dc.jpg','',NULL,'6066afff6bef5b67dc850b1e250443c5'),(39,'2018-04-13 13:17:00','iblock',75,47,2666,'image/jpeg','iblock/8a3','8a322f04f9a28a15a9da0d14ea8408e8.jpg','3413e989dd3239527ed2144bdb285a2b.jpg','',NULL,'4b03f33675077b161fcd9838a1e46871'),(40,'2018-04-13 13:17:00','iblock',400,249,26842,'image/jpeg','iblock/6c3','6c306a5f61afcc64e54ae801f059966b.jpg','4f2b682c4cc7361e22e669e8faa4f344.jpg','',NULL,'22bc15f7d776a5791911747dc5f30f8d'),(41,'2018-04-13 13:17:02','iblock',75,45,3069,'image/jpeg','iblock/867','867efb1386eb1dd48b209f691c287855.jpg','26051473b5a68363a0882915e3e020e5.jpg','',NULL,'77546ef250c95307818c6ad777af92a9'),(42,'2018-04-13 13:17:02','iblock',400,239,36150,'image/jpeg','iblock/a92','a92c114a48e137c95adb6273386729b4.jpg','8c00778d633d1db6aaf29242c1602897.jpg','',NULL,'9a0e6191b30dfb9512873f84150f1b5b'),(43,'2018-04-13 13:17:03','iblock',75,47,3403,'image/jpeg','iblock/ee6','ee610d8c32f17607105e0443b41f7ec0.jpg','d1a244031379e20a9d7f9cf85227bb2e.jpg','',NULL,'d536cb262a775e7a33c59e741a65fb68'),(44,'2018-04-13 13:17:03','iblock',400,250,34322,'image/jpeg','iblock/101','101516a0ad79bcba3adebf6314c2e51f.jpg','8b88ada642f37df4236b4cd129b85292.jpg','',NULL,'07d3de993206ddb91a7c294628ee6f31'),(45,'2018-04-13 13:17:05','iblock',75,49,3941,'image/jpeg','iblock/33b','33bd39832f299bf8a3d5a0be8653f8ac.jpg','af64b255f19f75b080d5b934f156c590.jpg','',NULL,'61e525d263d7f8cb5ce1a186de828dd6'),(46,'2018-04-13 13:17:05','iblock',400,261,37746,'image/jpeg','iblock/b3a','b3a321b2f63ceeb7af734738b8f962cb.jpg','b6dabd5a96bb11b68a8d7d2dd9c9a4e0.jpg','',NULL,'f35118d226de5343ce4c15837d724593'),(47,'2018-04-13 13:17:07','iblock',75,59,3571,'image/jpeg','iblock/9ed','9ed2f617e893f206622d1ee2d65045dd.jpg','058550b5373b90e56aacb376028089f4.jpg','',NULL,'32c8acb82b20ed1f321579592ae36679'),(48,'2018-04-13 13:17:07','iblock',400,312,34110,'image/jpeg','iblock/c36','c36a74b650118367e8f352b2cda51a58.jpg','e2612b793f41a81309fcc54bcbf65783.jpg','',NULL,'63651af8b8f14ef256781e1c2eee6cd0'),(49,'2018-04-13 13:17:09','iblock',75,48,3030,'image/jpeg','iblock/963','963fc14afa8d8bf51b31787d6d1f9897.jpg','8065fe760829c4055200ea4831d72c17.jpg','',NULL,'26181ea78fc81ca40dbea1fe6f5d2119'),(50,'2018-04-13 13:17:09','iblock',400,258,29503,'image/jpeg','iblock/5fe','5fe49ef90621d24045c7a10a40d40728.jpg','8b6d3cc80b138843463e65ae7a97ffe1.jpg','',NULL,'dbc94ffb6443ec079d467d2fe450af3d'),(51,'2018-04-13 13:17:10','iblock',75,52,2250,'image/jpeg','iblock/5f8','5f8dfbf50a036863a0ab7f66a2597058.jpg','a89665621b4b083248a5a8016be4e380.jpg','',NULL,'f1f02ba5369942a2b5c58cf449602cbc'),(52,'2018-04-13 13:17:10','iblock',400,279,22919,'image/jpeg','iblock/6f3','6f38d220c5f00db30d2efdbec2ec9ba0.jpg','93de20bec81a906df174ababa31d856e.jpg','',NULL,'d38a65fd7e48941ed427c044e1028ced'),(53,'2018-04-13 13:17:25','iblock',97,115,5781,'image/gif','iblock/bad','badbce313c575648d3d9a922166b2196.gif','8b0b3bc52fec8070e3561af5d05cd3a8.gif','',NULL,'4a3d72dcce6a28ea9aa42a81e7c61665'),(54,'2018-04-13 13:17:28','iblock',97,116,7345,'image/gif','iblock/666','6660b3cafe110c5a1ae13a74e592d98f.gif','38bf3b317397e56d07fe06731ca3a441.gif','',NULL,'383d86d3cfb7a3513c84f410f09b59a6');
/*!40000 ALTER TABLE `b_file` ENABLE KEYS */;
UNLOCK TABLES;

--
-- Table structure for table `b_file_search`
--

DROP TABLE IF EXISTS `b_file_search`;
/*!40101 SET @saved_cs_client     = @@character_set_client */;
/*!40101 SET character_set_client = utf8 */;
CREATE TABLE `b_file_search` (
  `ID` int(11) NOT NULL AUTO_INCREMENT,
  `SESS_ID` varchar(255) COLLATE utf8_unicode_ci NOT NULL,
  `TIMESTAMP_X` timestamp NOT NULL DEFAULT CURRENT_TIMESTAMP ON UPDATE CURRENT_TIMESTAMP,
  `F_PATH` varchar(255) COLLATE utf8_unicode_ci DEFAULT NULL,
  `B_DIR` int(11) NOT NULL DEFAULT '0',
  `F_SIZE` int(11) NOT NULL DEFAULT '0',
  `F_TIME` int(11) NOT NULL DEFAULT '0',
  PRIMARY KEY (`ID`)
) ENGINE=InnoDB DEFAULT CHARSET=utf8 COLLATE=utf8_unicode_ci;
/*!40101 SET character_set_client = @saved_cs_client */;

--
-- Dumping data for table `b_file_search`
--

LOCK TABLES `b_file_search` WRITE;
/*!40000 ALTER TABLE `b_file_search` DISABLE KEYS */;
/*!40000 ALTER TABLE `b_file_search` ENABLE KEYS */;
UNLOCK TABLES;

--
-- Table structure for table `b_filters`
--

DROP TABLE IF EXISTS `b_filters`;
/*!40101 SET @saved_cs_client     = @@character_set_client */;
/*!40101 SET character_set_client = utf8 */;
CREATE TABLE `b_filters` (
  `ID` int(18) NOT NULL AUTO_INCREMENT,
  `USER_ID` int(18) DEFAULT NULL,
  `FILTER_ID` varchar(255) COLLATE utf8_unicode_ci NOT NULL,
  `NAME` varchar(255) COLLATE utf8_unicode_ci NOT NULL,
  `FIELDS` text COLLATE utf8_unicode_ci NOT NULL,
  `COMMON` char(1) COLLATE utf8_unicode_ci DEFAULT NULL,
  `PRESET` char(1) COLLATE utf8_unicode_ci DEFAULT NULL,
  `LANGUAGE_ID` char(2) COLLATE utf8_unicode_ci DEFAULT NULL,
  `PRESET_ID` varchar(255) COLLATE utf8_unicode_ci DEFAULT NULL,
  `SORT` int(18) DEFAULT NULL,
  `SORT_FIELD` varchar(255) COLLATE utf8_unicode_ci DEFAULT NULL,
  PRIMARY KEY (`ID`)
) ENGINE=InnoDB DEFAULT CHARSET=utf8 COLLATE=utf8_unicode_ci;
/*!40101 SET character_set_client = @saved_cs_client */;

--
-- Dumping data for table `b_filters`
--

LOCK TABLES `b_filters` WRITE;
/*!40000 ALTER TABLE `b_filters` DISABLE KEYS */;
/*!40000 ALTER TABLE `b_filters` ENABLE KEYS */;
UNLOCK TABLES;

--
-- Table structure for table `b_finder_dest`
--

DROP TABLE IF EXISTS `b_finder_dest`;
/*!40101 SET @saved_cs_client     = @@character_set_client */;
/*!40101 SET character_set_client = utf8 */;
CREATE TABLE `b_finder_dest` (
  `USER_ID` int(11) NOT NULL,
  `CODE` varchar(30) COLLATE utf8_unicode_ci NOT NULL,
  `CODE_USER_ID` int(11) DEFAULT NULL,
  `CODE_TYPE` varchar(10) COLLATE utf8_unicode_ci DEFAULT NULL,
  `CONTEXT` varchar(50) COLLATE utf8_unicode_ci NOT NULL,
  `LAST_USE_DATE` datetime DEFAULT NULL,
  PRIMARY KEY (`USER_ID`,`CODE`,`CONTEXT`),
  KEY `IX_FINDER_DEST` (`CODE_TYPE`)
) ENGINE=InnoDB DEFAULT CHARSET=utf8 COLLATE=utf8_unicode_ci;
/*!40101 SET character_set_client = @saved_cs_client */;

--
-- Dumping data for table `b_finder_dest`
--

LOCK TABLES `b_finder_dest` WRITE;
/*!40000 ALTER TABLE `b_finder_dest` DISABLE KEYS */;
/*!40000 ALTER TABLE `b_finder_dest` ENABLE KEYS */;
UNLOCK TABLES;

--
-- Table structure for table `b_form`
--

DROP TABLE IF EXISTS `b_form`;
/*!40101 SET @saved_cs_client     = @@character_set_client */;
/*!40101 SET character_set_client = utf8 */;
CREATE TABLE `b_form` (
  `ID` int(18) NOT NULL AUTO_INCREMENT,
  `TIMESTAMP_X` datetime DEFAULT NULL,
  `NAME` varchar(255) COLLATE utf8_unicode_ci NOT NULL,
  `SID` varchar(50) COLLATE utf8_unicode_ci NOT NULL,
  `BUTTON` varchar(255) COLLATE utf8_unicode_ci DEFAULT NULL,
  `C_SORT` int(18) DEFAULT '100',
  `FIRST_SITE_ID` char(2) COLLATE utf8_unicode_ci DEFAULT NULL,
  `IMAGE_ID` int(18) DEFAULT NULL,
  `USE_CAPTCHA` char(1) COLLATE utf8_unicode_ci DEFAULT 'N',
  `DESCRIPTION` text COLLATE utf8_unicode_ci,
  `DESCRIPTION_TYPE` varchar(4) COLLATE utf8_unicode_ci NOT NULL DEFAULT 'html',
  `FORM_TEMPLATE` text COLLATE utf8_unicode_ci,
  `USE_DEFAULT_TEMPLATE` char(1) COLLATE utf8_unicode_ci DEFAULT 'Y',
  `SHOW_TEMPLATE` varchar(255) COLLATE utf8_unicode_ci DEFAULT NULL,
  `MAIL_EVENT_TYPE` varchar(50) COLLATE utf8_unicode_ci DEFAULT NULL,
  `SHOW_RESULT_TEMPLATE` varchar(255) COLLATE utf8_unicode_ci DEFAULT NULL,
  `PRINT_RESULT_TEMPLATE` varchar(255) COLLATE utf8_unicode_ci DEFAULT NULL,
  `EDIT_RESULT_TEMPLATE` varchar(255) COLLATE utf8_unicode_ci DEFAULT NULL,
  `FILTER_RESULT_TEMPLATE` text COLLATE utf8_unicode_ci,
  `TABLE_RESULT_TEMPLATE` text COLLATE utf8_unicode_ci,
  `USE_RESTRICTIONS` char(1) COLLATE utf8_unicode_ci DEFAULT 'N',
  `RESTRICT_USER` int(5) DEFAULT '0',
  `RESTRICT_TIME` int(10) DEFAULT '0',
  `RESTRICT_STATUS` varchar(255) COLLATE utf8_unicode_ci DEFAULT NULL,
  `STAT_EVENT1` varchar(255) COLLATE utf8_unicode_ci DEFAULT NULL,
  `STAT_EVENT2` varchar(255) COLLATE utf8_unicode_ci DEFAULT NULL,
  `STAT_EVENT3` varchar(255) COLLATE utf8_unicode_ci DEFAULT NULL,
  PRIMARY KEY (`ID`),
  KEY `IX_SID` (`SID`)
) ENGINE=InnoDB DEFAULT CHARSET=utf8 COLLATE=utf8_unicode_ci;
/*!40101 SET character_set_client = @saved_cs_client */;

--
-- Dumping data for table `b_form`
--

LOCK TABLES `b_form` WRITE;
/*!40000 ALTER TABLE `b_form` DISABLE KEYS */;
/*!40000 ALTER TABLE `b_form` ENABLE KEYS */;
UNLOCK TABLES;

--
-- Table structure for table `b_form_2_group`
--

DROP TABLE IF EXISTS `b_form_2_group`;
/*!40101 SET @saved_cs_client     = @@character_set_client */;
/*!40101 SET character_set_client = utf8 */;
CREATE TABLE `b_form_2_group` (
  `ID` int(18) NOT NULL AUTO_INCREMENT,
  `FORM_ID` int(18) NOT NULL DEFAULT '0',
  `GROUP_ID` int(18) NOT NULL DEFAULT '0',
  `PERMISSION` int(5) NOT NULL DEFAULT '1',
  PRIMARY KEY (`ID`),
  KEY `IX_FORM_ID` (`FORM_ID`)
) ENGINE=InnoDB DEFAULT CHARSET=utf8 COLLATE=utf8_unicode_ci;
/*!40101 SET character_set_client = @saved_cs_client */;

--
-- Dumping data for table `b_form_2_group`
--

LOCK TABLES `b_form_2_group` WRITE;
/*!40000 ALTER TABLE `b_form_2_group` DISABLE KEYS */;
/*!40000 ALTER TABLE `b_form_2_group` ENABLE KEYS */;
UNLOCK TABLES;

--
-- Table structure for table `b_form_2_mail_template`
--

DROP TABLE IF EXISTS `b_form_2_mail_template`;
/*!40101 SET @saved_cs_client     = @@character_set_client */;
/*!40101 SET character_set_client = utf8 */;
CREATE TABLE `b_form_2_mail_template` (
  `FORM_ID` int(18) NOT NULL DEFAULT '0',
  `MAIL_TEMPLATE_ID` int(18) NOT NULL DEFAULT '0',
  PRIMARY KEY (`FORM_ID`,`MAIL_TEMPLATE_ID`)
) ENGINE=InnoDB DEFAULT CHARSET=utf8 COLLATE=utf8_unicode_ci;
/*!40101 SET character_set_client = @saved_cs_client */;

--
-- Dumping data for table `b_form_2_mail_template`
--

LOCK TABLES `b_form_2_mail_template` WRITE;
/*!40000 ALTER TABLE `b_form_2_mail_template` DISABLE KEYS */;
/*!40000 ALTER TABLE `b_form_2_mail_template` ENABLE KEYS */;
UNLOCK TABLES;

--
-- Table structure for table `b_form_2_site`
--

DROP TABLE IF EXISTS `b_form_2_site`;
/*!40101 SET @saved_cs_client     = @@character_set_client */;
/*!40101 SET character_set_client = utf8 */;
CREATE TABLE `b_form_2_site` (
  `FORM_ID` int(18) NOT NULL DEFAULT '0',
  `SITE_ID` char(2) COLLATE utf8_unicode_ci NOT NULL,
  PRIMARY KEY (`FORM_ID`,`SITE_ID`)
) ENGINE=InnoDB DEFAULT CHARSET=utf8 COLLATE=utf8_unicode_ci;
/*!40101 SET character_set_client = @saved_cs_client */;

--
-- Dumping data for table `b_form_2_site`
--

LOCK TABLES `b_form_2_site` WRITE;
/*!40000 ALTER TABLE `b_form_2_site` DISABLE KEYS */;
/*!40000 ALTER TABLE `b_form_2_site` ENABLE KEYS */;
UNLOCK TABLES;

--
-- Table structure for table `b_form_answer`
--

DROP TABLE IF EXISTS `b_form_answer`;
/*!40101 SET @saved_cs_client     = @@character_set_client */;
/*!40101 SET character_set_client = utf8 */;
CREATE TABLE `b_form_answer` (
  `ID` int(18) NOT NULL AUTO_INCREMENT,
  `FIELD_ID` int(18) NOT NULL DEFAULT '0',
  `TIMESTAMP_X` datetime DEFAULT NULL,
  `MESSAGE` text COLLATE utf8_unicode_ci,
  `C_SORT` int(18) NOT NULL DEFAULT '100',
  `ACTIVE` char(1) COLLATE utf8_unicode_ci NOT NULL DEFAULT 'Y',
  `VALUE` varchar(255) COLLATE utf8_unicode_ci DEFAULT NULL,
  `FIELD_TYPE` varchar(255) COLLATE utf8_unicode_ci NOT NULL DEFAULT 'text',
  `FIELD_WIDTH` int(18) DEFAULT NULL,
  `FIELD_HEIGHT` int(18) DEFAULT NULL,
  `FIELD_PARAM` text COLLATE utf8_unicode_ci,
  PRIMARY KEY (`ID`),
  KEY `IX_FIELD_ID` (`FIELD_ID`)
) ENGINE=InnoDB DEFAULT CHARSET=utf8 COLLATE=utf8_unicode_ci;
/*!40101 SET character_set_client = @saved_cs_client */;

--
-- Dumping data for table `b_form_answer`
--

LOCK TABLES `b_form_answer` WRITE;
/*!40000 ALTER TABLE `b_form_answer` DISABLE KEYS */;
/*!40000 ALTER TABLE `b_form_answer` ENABLE KEYS */;
UNLOCK TABLES;

--
-- Table structure for table `b_form_crm`
--

DROP TABLE IF EXISTS `b_form_crm`;
/*!40101 SET @saved_cs_client     = @@character_set_client */;
/*!40101 SET character_set_client = utf8 */;
CREATE TABLE `b_form_crm` (
  `ID` int(18) NOT NULL AUTO_INCREMENT,
  `NAME` varchar(255) COLLATE utf8_unicode_ci NOT NULL DEFAULT '',
  `ACTIVE` char(1) COLLATE utf8_unicode_ci DEFAULT 'Y',
  `URL` varchar(255) COLLATE utf8_unicode_ci NOT NULL DEFAULT '',
  `AUTH_HASH` varchar(32) COLLATE utf8_unicode_ci DEFAULT '',
  PRIMARY KEY (`ID`)
) ENGINE=InnoDB DEFAULT CHARSET=utf8 COLLATE=utf8_unicode_ci;
/*!40101 SET character_set_client = @saved_cs_client */;

--
-- Dumping data for table `b_form_crm`
--

LOCK TABLES `b_form_crm` WRITE;
/*!40000 ALTER TABLE `b_form_crm` DISABLE KEYS */;
/*!40000 ALTER TABLE `b_form_crm` ENABLE KEYS */;
UNLOCK TABLES;

--
-- Table structure for table `b_form_crm_field`
--

DROP TABLE IF EXISTS `b_form_crm_field`;
/*!40101 SET @saved_cs_client     = @@character_set_client */;
/*!40101 SET character_set_client = utf8 */;
CREATE TABLE `b_form_crm_field` (
  `ID` int(18) NOT NULL AUTO_INCREMENT,
  `LINK_ID` int(18) NOT NULL DEFAULT '0',
  `FIELD_ID` int(18) DEFAULT '0',
  `FIELD_ALT` varchar(100) COLLATE utf8_unicode_ci DEFAULT '',
  `CRM_FIELD` varchar(255) COLLATE utf8_unicode_ci NOT NULL DEFAULT '',
  PRIMARY KEY (`ID`),
  KEY `ix_b_form_crm_field_1` (`LINK_ID`)
) ENGINE=InnoDB DEFAULT CHARSET=utf8 COLLATE=utf8_unicode_ci;
/*!40101 SET character_set_client = @saved_cs_client */;

--
-- Dumping data for table `b_form_crm_field`
--

LOCK TABLES `b_form_crm_field` WRITE;
/*!40000 ALTER TABLE `b_form_crm_field` DISABLE KEYS */;
/*!40000 ALTER TABLE `b_form_crm_field` ENABLE KEYS */;
UNLOCK TABLES;

--
-- Table structure for table `b_form_crm_link`
--

DROP TABLE IF EXISTS `b_form_crm_link`;
/*!40101 SET @saved_cs_client     = @@character_set_client */;
/*!40101 SET character_set_client = utf8 */;
CREATE TABLE `b_form_crm_link` (
  `ID` int(18) NOT NULL AUTO_INCREMENT,
  `FORM_ID` int(18) NOT NULL DEFAULT '0',
  `CRM_ID` int(18) NOT NULL DEFAULT '0',
  `LINK_TYPE` char(1) COLLATE utf8_unicode_ci NOT NULL DEFAULT 'M',
  PRIMARY KEY (`ID`),
  UNIQUE KEY `ux_b_form_crm_link_1` (`FORM_ID`,`CRM_ID`)
) ENGINE=InnoDB DEFAULT CHARSET=utf8 COLLATE=utf8_unicode_ci;
/*!40101 SET character_set_client = @saved_cs_client */;

--
-- Dumping data for table `b_form_crm_link`
--

LOCK TABLES `b_form_crm_link` WRITE;
/*!40000 ALTER TABLE `b_form_crm_link` DISABLE KEYS */;
/*!40000 ALTER TABLE `b_form_crm_link` ENABLE KEYS */;
UNLOCK TABLES;

--
-- Table structure for table `b_form_field`
--

DROP TABLE IF EXISTS `b_form_field`;
/*!40101 SET @saved_cs_client     = @@character_set_client */;
/*!40101 SET character_set_client = utf8 */;
CREATE TABLE `b_form_field` (
  `ID` int(18) NOT NULL AUTO_INCREMENT,
  `FORM_ID` int(18) NOT NULL DEFAULT '0',
  `TIMESTAMP_X` datetime DEFAULT NULL,
  `ACTIVE` char(1) COLLATE utf8_unicode_ci NOT NULL DEFAULT 'Y',
  `TITLE` text COLLATE utf8_unicode_ci,
  `TITLE_TYPE` varchar(4) COLLATE utf8_unicode_ci NOT NULL DEFAULT 'text',
  `SID` varchar(50) COLLATE utf8_unicode_ci DEFAULT NULL,
  `C_SORT` int(18) NOT NULL DEFAULT '100',
  `ADDITIONAL` char(1) COLLATE utf8_unicode_ci NOT NULL DEFAULT 'N',
  `REQUIRED` char(1) COLLATE utf8_unicode_ci NOT NULL DEFAULT 'N',
  `IN_FILTER` char(1) COLLATE utf8_unicode_ci NOT NULL DEFAULT 'N',
  `IN_RESULTS_TABLE` char(1) COLLATE utf8_unicode_ci NOT NULL DEFAULT 'N',
  `IN_EXCEL_TABLE` char(1) COLLATE utf8_unicode_ci NOT NULL DEFAULT 'Y',
  `FIELD_TYPE` varchar(50) COLLATE utf8_unicode_ci DEFAULT NULL,
  `IMAGE_ID` int(18) DEFAULT NULL,
  `COMMENTS` text COLLATE utf8_unicode_ci,
  `FILTER_TITLE` text COLLATE utf8_unicode_ci,
  `RESULTS_TABLE_TITLE` text COLLATE utf8_unicode_ci,
  PRIMARY KEY (`ID`),
  KEY `IX_FORM_ID` (`FORM_ID`),
  KEY `IX_SID` (`SID`)
) ENGINE=InnoDB DEFAULT CHARSET=utf8 COLLATE=utf8_unicode_ci;
/*!40101 SET character_set_client = @saved_cs_client */;

--
-- Dumping data for table `b_form_field`
--

LOCK TABLES `b_form_field` WRITE;
/*!40000 ALTER TABLE `b_form_field` DISABLE KEYS */;
/*!40000 ALTER TABLE `b_form_field` ENABLE KEYS */;
UNLOCK TABLES;

--
-- Table structure for table `b_form_field_filter`
--

DROP TABLE IF EXISTS `b_form_field_filter`;
/*!40101 SET @saved_cs_client     = @@character_set_client */;
/*!40101 SET character_set_client = utf8 */;
CREATE TABLE `b_form_field_filter` (
  `ID` int(18) NOT NULL AUTO_INCREMENT,
  `FIELD_ID` int(18) NOT NULL DEFAULT '0',
  `PARAMETER_NAME` varchar(50) COLLATE utf8_unicode_ci NOT NULL,
  `FILTER_TYPE` varchar(50) COLLATE utf8_unicode_ci NOT NULL,
  PRIMARY KEY (`ID`),
  KEY `IX_FIELD_ID` (`FIELD_ID`)
) ENGINE=InnoDB DEFAULT CHARSET=utf8 COLLATE=utf8_unicode_ci;
/*!40101 SET character_set_client = @saved_cs_client */;

--
-- Dumping data for table `b_form_field_filter`
--

LOCK TABLES `b_form_field_filter` WRITE;
/*!40000 ALTER TABLE `b_form_field_filter` DISABLE KEYS */;
/*!40000 ALTER TABLE `b_form_field_filter` ENABLE KEYS */;
UNLOCK TABLES;

--
-- Table structure for table `b_form_field_validator`
--

DROP TABLE IF EXISTS `b_form_field_validator`;
/*!40101 SET @saved_cs_client     = @@character_set_client */;
/*!40101 SET character_set_client = utf8 */;
CREATE TABLE `b_form_field_validator` (
  `ID` int(18) NOT NULL AUTO_INCREMENT,
  `FORM_ID` int(18) NOT NULL DEFAULT '0',
  `FIELD_ID` int(18) NOT NULL DEFAULT '0',
  `TIMESTAMP_X` datetime DEFAULT NULL,
  `ACTIVE` char(1) COLLATE utf8_unicode_ci DEFAULT 'y',
  `C_SORT` int(18) DEFAULT '100',
  `VALIDATOR_SID` varchar(255) COLLATE utf8_unicode_ci NOT NULL DEFAULT '',
  `PARAMS` text COLLATE utf8_unicode_ci,
  PRIMARY KEY (`ID`),
  KEY `IX_FORM_ID` (`FORM_ID`),
  KEY `IX_FIELD_ID` (`FIELD_ID`)
) ENGINE=InnoDB DEFAULT CHARSET=utf8 COLLATE=utf8_unicode_ci;
/*!40101 SET character_set_client = @saved_cs_client */;

--
-- Dumping data for table `b_form_field_validator`
--

LOCK TABLES `b_form_field_validator` WRITE;
/*!40000 ALTER TABLE `b_form_field_validator` DISABLE KEYS */;
/*!40000 ALTER TABLE `b_form_field_validator` ENABLE KEYS */;
UNLOCK TABLES;

--
-- Table structure for table `b_form_menu`
--

DROP TABLE IF EXISTS `b_form_menu`;
/*!40101 SET @saved_cs_client     = @@character_set_client */;
/*!40101 SET character_set_client = utf8 */;
CREATE TABLE `b_form_menu` (
  `ID` int(18) NOT NULL AUTO_INCREMENT,
  `FORM_ID` int(18) NOT NULL DEFAULT '0',
  `LID` char(2) COLLATE utf8_unicode_ci NOT NULL,
  `MENU` varchar(50) COLLATE utf8_unicode_ci DEFAULT NULL,
  PRIMARY KEY (`ID`),
  KEY `IX_FORM_ID` (`FORM_ID`)
) ENGINE=InnoDB DEFAULT CHARSET=utf8 COLLATE=utf8_unicode_ci;
/*!40101 SET character_set_client = @saved_cs_client */;

--
-- Dumping data for table `b_form_menu`
--

LOCK TABLES `b_form_menu` WRITE;
/*!40000 ALTER TABLE `b_form_menu` DISABLE KEYS */;
/*!40000 ALTER TABLE `b_form_menu` ENABLE KEYS */;
UNLOCK TABLES;

--
-- Table structure for table `b_form_result`
--

DROP TABLE IF EXISTS `b_form_result`;
/*!40101 SET @saved_cs_client     = @@character_set_client */;
/*!40101 SET character_set_client = utf8 */;
CREATE TABLE `b_form_result` (
  `ID` int(18) NOT NULL AUTO_INCREMENT,
  `TIMESTAMP_X` datetime DEFAULT NULL,
  `DATE_CREATE` datetime DEFAULT NULL,
  `STATUS_ID` int(18) NOT NULL DEFAULT '0',
  `FORM_ID` int(18) NOT NULL DEFAULT '0',
  `USER_ID` int(18) DEFAULT NULL,
  `USER_AUTH` char(1) COLLATE utf8_unicode_ci NOT NULL DEFAULT 'N',
  `STAT_GUEST_ID` int(18) DEFAULT NULL,
  `STAT_SESSION_ID` int(18) DEFAULT NULL,
  `SENT_TO_CRM` char(1) COLLATE utf8_unicode_ci DEFAULT 'N',
  PRIMARY KEY (`ID`),
  KEY `IX_FORM_ID` (`FORM_ID`),
  KEY `IX_STATUS_ID` (`STATUS_ID`),
  KEY `IX_SENT_TO_CRM` (`SENT_TO_CRM`)
) ENGINE=InnoDB DEFAULT CHARSET=utf8 COLLATE=utf8_unicode_ci;
/*!40101 SET character_set_client = @saved_cs_client */;

--
-- Dumping data for table `b_form_result`
--

LOCK TABLES `b_form_result` WRITE;
/*!40000 ALTER TABLE `b_form_result` DISABLE KEYS */;
/*!40000 ALTER TABLE `b_form_result` ENABLE KEYS */;
UNLOCK TABLES;

--
-- Table structure for table `b_form_result_answer`
--

DROP TABLE IF EXISTS `b_form_result_answer`;
/*!40101 SET @saved_cs_client     = @@character_set_client */;
/*!40101 SET character_set_client = utf8 */;
CREATE TABLE `b_form_result_answer` (
  `ID` int(18) NOT NULL AUTO_INCREMENT,
  `RESULT_ID` int(18) NOT NULL DEFAULT '0',
  `FORM_ID` int(18) NOT NULL DEFAULT '0',
  `FIELD_ID` int(18) NOT NULL DEFAULT '0',
  `ANSWER_ID` int(18) DEFAULT NULL,
  `ANSWER_TEXT` text COLLATE utf8_unicode_ci,
  `ANSWER_TEXT_SEARCH` longtext COLLATE utf8_unicode_ci,
  `ANSWER_VALUE` varchar(255) COLLATE utf8_unicode_ci DEFAULT NULL,
  `ANSWER_VALUE_SEARCH` longtext COLLATE utf8_unicode_ci,
  `USER_TEXT` longtext COLLATE utf8_unicode_ci,
  `USER_TEXT_SEARCH` longtext COLLATE utf8_unicode_ci,
  `USER_DATE` datetime DEFAULT NULL,
  `USER_FILE_ID` int(18) DEFAULT NULL,
  `USER_FILE_NAME` varchar(255) COLLATE utf8_unicode_ci DEFAULT NULL,
  `USER_FILE_IS_IMAGE` char(1) COLLATE utf8_unicode_ci DEFAULT NULL,
  `USER_FILE_HASH` varchar(255) COLLATE utf8_unicode_ci DEFAULT NULL,
  `USER_FILE_SUFFIX` varchar(255) COLLATE utf8_unicode_ci DEFAULT NULL,
  `USER_FILE_SIZE` int(18) DEFAULT NULL,
  PRIMARY KEY (`ID`),
  KEY `IX_RESULT_ID` (`RESULT_ID`),
  KEY `IX_FIELD_ID` (`FIELD_ID`),
  KEY `IX_ANSWER_ID` (`ANSWER_ID`)
) ENGINE=InnoDB DEFAULT CHARSET=utf8 COLLATE=utf8_unicode_ci;
/*!40101 SET character_set_client = @saved_cs_client */;

--
-- Dumping data for table `b_form_result_answer`
--

LOCK TABLES `b_form_result_answer` WRITE;
/*!40000 ALTER TABLE `b_form_result_answer` DISABLE KEYS */;
/*!40000 ALTER TABLE `b_form_result_answer` ENABLE KEYS */;
UNLOCK TABLES;

--
-- Table structure for table `b_form_status`
--

DROP TABLE IF EXISTS `b_form_status`;
/*!40101 SET @saved_cs_client     = @@character_set_client */;
/*!40101 SET character_set_client = utf8 */;
CREATE TABLE `b_form_status` (
  `ID` int(18) NOT NULL AUTO_INCREMENT,
  `FORM_ID` int(18) NOT NULL DEFAULT '0',
  `TIMESTAMP_X` datetime DEFAULT NULL,
  `ACTIVE` char(1) COLLATE utf8_unicode_ci NOT NULL DEFAULT 'Y',
  `C_SORT` int(18) NOT NULL DEFAULT '100',
  `TITLE` varchar(255) COLLATE utf8_unicode_ci NOT NULL,
  `DESCRIPTION` text COLLATE utf8_unicode_ci,
  `DEFAULT_VALUE` char(1) COLLATE utf8_unicode_ci NOT NULL DEFAULT 'N',
  `CSS` varchar(255) COLLATE utf8_unicode_ci DEFAULT 'statusgreen',
  `HANDLER_OUT` varchar(255) COLLATE utf8_unicode_ci DEFAULT NULL,
  `HANDLER_IN` varchar(255) COLLATE utf8_unicode_ci DEFAULT NULL,
  `MAIL_EVENT_TYPE` varchar(255) COLLATE utf8_unicode_ci DEFAULT NULL,
  PRIMARY KEY (`ID`),
  KEY `IX_FORM_ID` (`FORM_ID`)
) ENGINE=InnoDB DEFAULT CHARSET=utf8 COLLATE=utf8_unicode_ci;
/*!40101 SET character_set_client = @saved_cs_client */;

--
-- Dumping data for table `b_form_status`
--

LOCK TABLES `b_form_status` WRITE;
/*!40000 ALTER TABLE `b_form_status` DISABLE KEYS */;
/*!40000 ALTER TABLE `b_form_status` ENABLE KEYS */;
UNLOCK TABLES;

--
-- Table structure for table `b_form_status_2_group`
--

DROP TABLE IF EXISTS `b_form_status_2_group`;
/*!40101 SET @saved_cs_client     = @@character_set_client */;
/*!40101 SET character_set_client = utf8 */;
CREATE TABLE `b_form_status_2_group` (
  `ID` int(18) NOT NULL AUTO_INCREMENT,
  `STATUS_ID` int(18) NOT NULL DEFAULT '0',
  `GROUP_ID` int(18) NOT NULL DEFAULT '0',
  `PERMISSION` varchar(50) COLLATE utf8_unicode_ci NOT NULL,
  PRIMARY KEY (`ID`),
  KEY `IX_FORM_STATUS_GROUP` (`STATUS_ID`,`GROUP_ID`)
) ENGINE=InnoDB DEFAULT CHARSET=utf8 COLLATE=utf8_unicode_ci;
/*!40101 SET character_set_client = @saved_cs_client */;

--
-- Dumping data for table `b_form_status_2_group`
--

LOCK TABLES `b_form_status_2_group` WRITE;
/*!40000 ALTER TABLE `b_form_status_2_group` DISABLE KEYS */;
/*!40000 ALTER TABLE `b_form_status_2_group` ENABLE KEYS */;
UNLOCK TABLES;

--
-- Table structure for table `b_form_status_2_mail_template`
--

DROP TABLE IF EXISTS `b_form_status_2_mail_template`;
/*!40101 SET @saved_cs_client     = @@character_set_client */;
/*!40101 SET character_set_client = utf8 */;
CREATE TABLE `b_form_status_2_mail_template` (
  `STATUS_ID` int(18) NOT NULL DEFAULT '0',
  `MAIL_TEMPLATE_ID` int(18) NOT NULL DEFAULT '0',
  PRIMARY KEY (`STATUS_ID`,`MAIL_TEMPLATE_ID`)
) ENGINE=InnoDB DEFAULT CHARSET=utf8 COLLATE=utf8_unicode_ci;
/*!40101 SET character_set_client = @saved_cs_client */;

--
-- Dumping data for table `b_form_status_2_mail_template`
--

LOCK TABLES `b_form_status_2_mail_template` WRITE;
/*!40000 ALTER TABLE `b_form_status_2_mail_template` DISABLE KEYS */;
/*!40000 ALTER TABLE `b_form_status_2_mail_template` ENABLE KEYS */;
UNLOCK TABLES;

--
-- Table structure for table `b_forum`
--

DROP TABLE IF EXISTS `b_forum`;
/*!40101 SET @saved_cs_client     = @@character_set_client */;
/*!40101 SET character_set_client = utf8 */;
CREATE TABLE `b_forum` (
  `ID` int(10) NOT NULL AUTO_INCREMENT,
  `FORUM_GROUP_ID` int(11) DEFAULT NULL,
  `NAME` varchar(255) COLLATE utf8_unicode_ci NOT NULL,
  `DESCRIPTION` text COLLATE utf8_unicode_ci,
  `SORT` int(10) NOT NULL DEFAULT '150',
  `ACTIVE` char(1) COLLATE utf8_unicode_ci NOT NULL DEFAULT 'Y',
  `ALLOW_HTML` char(1) COLLATE utf8_unicode_ci NOT NULL DEFAULT 'N',
  `ALLOW_ANCHOR` char(1) COLLATE utf8_unicode_ci NOT NULL DEFAULT 'Y',
  `ALLOW_BIU` char(1) COLLATE utf8_unicode_ci NOT NULL DEFAULT 'Y',
  `ALLOW_IMG` char(1) COLLATE utf8_unicode_ci NOT NULL DEFAULT 'Y',
  `ALLOW_VIDEO` char(1) COLLATE utf8_unicode_ci NOT NULL DEFAULT 'Y',
  `ALLOW_LIST` char(1) COLLATE utf8_unicode_ci NOT NULL DEFAULT 'Y',
  `ALLOW_QUOTE` char(1) COLLATE utf8_unicode_ci NOT NULL DEFAULT 'Y',
  `ALLOW_CODE` char(1) COLLATE utf8_unicode_ci NOT NULL DEFAULT 'Y',
  `ALLOW_FONT` char(1) COLLATE utf8_unicode_ci NOT NULL DEFAULT 'Y',
  `ALLOW_SMILES` char(1) COLLATE utf8_unicode_ci NOT NULL DEFAULT 'Y',
  `ALLOW_UPLOAD` char(1) COLLATE utf8_unicode_ci NOT NULL DEFAULT 'N',
  `ALLOW_TABLE` char(1) COLLATE utf8_unicode_ci NOT NULL DEFAULT 'N',
  `ALLOW_ALIGN` char(1) COLLATE utf8_unicode_ci NOT NULL DEFAULT 'Y',
  `ALLOW_UPLOAD_EXT` varchar(255) COLLATE utf8_unicode_ci DEFAULT NULL,
  `ALLOW_MOVE_TOPIC` char(1) COLLATE utf8_unicode_ci NOT NULL DEFAULT 'Y',
  `ALLOW_TOPIC_TITLED` char(1) COLLATE utf8_unicode_ci NOT NULL DEFAULT 'N',
  `ALLOW_NL2BR` char(1) COLLATE utf8_unicode_ci NOT NULL DEFAULT 'N',
  `ALLOW_SIGNATURE` char(1) COLLATE utf8_unicode_ci NOT NULL DEFAULT 'Y',
  `PATH2FORUM_MESSAGE` varchar(255) COLLATE utf8_unicode_ci DEFAULT NULL,
  `ASK_GUEST_EMAIL` char(1) COLLATE utf8_unicode_ci NOT NULL DEFAULT 'N',
  `USE_CAPTCHA` char(1) COLLATE utf8_unicode_ci NOT NULL DEFAULT 'N',
  `INDEXATION` char(1) COLLATE utf8_unicode_ci NOT NULL DEFAULT 'Y',
  `DEDUPLICATION` char(1) COLLATE utf8_unicode_ci NOT NULL DEFAULT 'Y',
  `MODERATION` char(1) COLLATE utf8_unicode_ci NOT NULL DEFAULT 'N',
  `ORDER_BY` char(1) COLLATE utf8_unicode_ci NOT NULL DEFAULT 'P',
  `ORDER_DIRECTION` varchar(4) COLLATE utf8_unicode_ci NOT NULL DEFAULT 'DESC',
  `LID` char(2) COLLATE utf8_unicode_ci NOT NULL DEFAULT 'ru',
  `TOPICS` int(11) NOT NULL DEFAULT '0',
  `POSTS` int(11) NOT NULL DEFAULT '0',
  `LAST_POSTER_ID` int(11) DEFAULT NULL,
  `LAST_POSTER_NAME` varchar(255) COLLATE utf8_unicode_ci DEFAULT NULL,
  `LAST_POST_DATE` datetime DEFAULT NULL,
  `LAST_MESSAGE_ID` bigint(20) DEFAULT NULL,
  `POSTS_UNAPPROVED` int(11) DEFAULT '0',
  `ABS_LAST_POSTER_ID` int(11) DEFAULT NULL,
  `ABS_LAST_POSTER_NAME` varchar(255) COLLATE utf8_unicode_ci DEFAULT NULL,
  `ABS_LAST_POST_DATE` datetime DEFAULT NULL,
  `ABS_LAST_MESSAGE_ID` bigint(20) DEFAULT NULL,
  `EVENT1` varchar(255) COLLATE utf8_unicode_ci DEFAULT 'forum',
  `EVENT2` varchar(255) COLLATE utf8_unicode_ci DEFAULT 'message',
  `EVENT3` varchar(255) COLLATE utf8_unicode_ci DEFAULT NULL,
  `HTML` varchar(255) COLLATE utf8_unicode_ci DEFAULT NULL,
  `XML_ID` varchar(255) COLLATE utf8_unicode_ci DEFAULT NULL,
  PRIMARY KEY (`ID`),
  KEY `IX_FORUM_SORT` (`SORT`),
  KEY `IX_FORUM_ACTIVE` (`ACTIVE`),
  KEY `IX_FORUM_GROUP_ID` (`FORUM_GROUP_ID`)
) ENGINE=InnoDB DEFAULT CHARSET=utf8 COLLATE=utf8_unicode_ci;
/*!40101 SET character_set_client = @saved_cs_client */;

--
-- Dumping data for table `b_forum`
--

LOCK TABLES `b_forum` WRITE;
/*!40000 ALTER TABLE `b_forum` DISABLE KEYS */;
/*!40000 ALTER TABLE `b_forum` ENABLE KEYS */;
UNLOCK TABLES;

--
-- Table structure for table `b_forum2site`
--

DROP TABLE IF EXISTS `b_forum2site`;
/*!40101 SET @saved_cs_client     = @@character_set_client */;
/*!40101 SET character_set_client = utf8 */;
CREATE TABLE `b_forum2site` (
  `FORUM_ID` int(11) NOT NULL,
  `SITE_ID` char(2) COLLATE utf8_unicode_ci NOT NULL,
  `PATH2FORUM_MESSAGE` varchar(250) COLLATE utf8_unicode_ci DEFAULT NULL,
  PRIMARY KEY (`FORUM_ID`,`SITE_ID`)
) ENGINE=InnoDB DEFAULT CHARSET=utf8 COLLATE=utf8_unicode_ci;
/*!40101 SET character_set_client = @saved_cs_client */;

--
-- Dumping data for table `b_forum2site`
--

LOCK TABLES `b_forum2site` WRITE;
/*!40000 ALTER TABLE `b_forum2site` DISABLE KEYS */;
/*!40000 ALTER TABLE `b_forum2site` ENABLE KEYS */;
UNLOCK TABLES;

--
-- Table structure for table `b_forum_dictionary`
--

DROP TABLE IF EXISTS `b_forum_dictionary`;
/*!40101 SET @saved_cs_client     = @@character_set_client */;
/*!40101 SET character_set_client = utf8 */;
CREATE TABLE `b_forum_dictionary` (
  `ID` int(11) NOT NULL AUTO_INCREMENT,
  `TITLE` varchar(50) COLLATE utf8_unicode_ci DEFAULT NULL,
  `TYPE` char(1) COLLATE utf8_unicode_ci DEFAULT NULL,
  PRIMARY KEY (`ID`)
) ENGINE=InnoDB AUTO_INCREMENT=5 DEFAULT CHARSET=utf8 COLLATE=utf8_unicode_ci;
/*!40101 SET character_set_client = @saved_cs_client */;

--
-- Dumping data for table `b_forum_dictionary`
--

LOCK TABLES `b_forum_dictionary` WRITE;
/*!40000 ALTER TABLE `b_forum_dictionary` DISABLE KEYS */;
INSERT INTO `b_forum_dictionary` VALUES (1,'[ru]  ','W'),(2,'[ru]  ','T'),(3,'[en] Bad words','W'),(4,'[en] Transliteration','T');
/*!40000 ALTER TABLE `b_forum_dictionary` ENABLE KEYS */;
UNLOCK TABLES;

--
-- Table structure for table `b_forum_email`
--

DROP TABLE IF EXISTS `b_forum_email`;
/*!40101 SET @saved_cs_client     = @@character_set_client */;
/*!40101 SET character_set_client = utf8 */;
CREATE TABLE `b_forum_email` (
  `ID` int(11) NOT NULL AUTO_INCREMENT,
  `EMAIL_FORUM_ACTIVE` char(1) COLLATE utf8_unicode_ci NOT NULL DEFAULT 'Y',
  `FORUM_ID` int(11) NOT NULL,
  `SOCNET_GROUP_ID` int(11) DEFAULT NULL,
  `MAIL_FILTER_ID` int(11) NOT NULL,
  `EMAIL` varchar(255) COLLATE utf8_unicode_ci NOT NULL,
  `USE_EMAIL` char(1) COLLATE utf8_unicode_ci DEFAULT NULL,
  `EMAIL_GROUP` varchar(255) COLLATE utf8_unicode_ci DEFAULT NULL,
  `SUBJECT_SUF` varchar(50) COLLATE utf8_unicode_ci DEFAULT NULL,
  `USE_SUBJECT` char(1) COLLATE utf8_unicode_ci DEFAULT NULL,
  `URL_TEMPLATES_MESSAGE` varchar(255) COLLATE utf8_unicode_ci DEFAULT NULL,
  `NOT_MEMBER_POST` char(1) COLLATE utf8_unicode_ci DEFAULT NULL,
  PRIMARY KEY (`ID`),
  KEY `IX_B_FORUM_EMAIL_FORUM_SOC` (`FORUM_ID`,`SOCNET_GROUP_ID`),
  KEY `IX_B_FORUM_EMAIL_FILTER_ID` (`MAIL_FILTER_ID`)
) ENGINE=InnoDB DEFAULT CHARSET=utf8 COLLATE=utf8_unicode_ci;
/*!40101 SET character_set_client = @saved_cs_client */;

--
-- Dumping data for table `b_forum_email`
--

LOCK TABLES `b_forum_email` WRITE;
/*!40000 ALTER TABLE `b_forum_email` DISABLE KEYS */;
/*!40000 ALTER TABLE `b_forum_email` ENABLE KEYS */;
UNLOCK TABLES;

--
-- Table structure for table `b_forum_file`
--

DROP TABLE IF EXISTS `b_forum_file`;
/*!40101 SET @saved_cs_client     = @@character_set_client */;
/*!40101 SET character_set_client = utf8 */;
CREATE TABLE `b_forum_file` (
  `ID` int(18) NOT NULL AUTO_INCREMENT,
  `FORUM_ID` int(18) DEFAULT NULL,
  `TOPIC_ID` int(20) DEFAULT NULL,
  `MESSAGE_ID` int(20) DEFAULT NULL,
  `FILE_ID` int(18) NOT NULL,
  `USER_ID` int(18) DEFAULT NULL,
  `TIMESTAMP_X` timestamp NOT NULL DEFAULT CURRENT_TIMESTAMP ON UPDATE CURRENT_TIMESTAMP,
  `HITS` int(18) DEFAULT NULL,
  PRIMARY KEY (`ID`),
  KEY `IX_FORUM_FILE_FILE` (`FILE_ID`),
  KEY `IX_FORUM_FILE_FORUM` (`FORUM_ID`),
  KEY `IX_FORUM_FILE_TOPIC` (`TOPIC_ID`),
  KEY `IX_FORUM_FILE_MESSAGE` (`MESSAGE_ID`)
) ENGINE=InnoDB DEFAULT CHARSET=utf8 COLLATE=utf8_unicode_ci;
/*!40101 SET character_set_client = @saved_cs_client */;

--
-- Dumping data for table `b_forum_file`
--

LOCK TABLES `b_forum_file` WRITE;
/*!40000 ALTER TABLE `b_forum_file` DISABLE KEYS */;
/*!40000 ALTER TABLE `b_forum_file` ENABLE KEYS */;
UNLOCK TABLES;

--
-- Table structure for table `b_forum_filter`
--

DROP TABLE IF EXISTS `b_forum_filter`;
/*!40101 SET @saved_cs_client     = @@character_set_client */;
/*!40101 SET character_set_client = utf8 */;
CREATE TABLE `b_forum_filter` (
  `ID` int(11) NOT NULL AUTO_INCREMENT,
  `DICTIONARY_ID` int(11) DEFAULT NULL,
  `WORDS` varchar(255) COLLATE utf8_unicode_ci DEFAULT NULL,
  `PATTERN` text COLLATE utf8_unicode_ci,
  `REPLACEMENT` varchar(255) COLLATE utf8_unicode_ci DEFAULT NULL,
  `DESCRIPTION` text COLLATE utf8_unicode_ci,
  `USE_IT` varchar(50) COLLATE utf8_unicode_ci DEFAULT NULL,
  `PATTERN_CREATE` varchar(5) COLLATE utf8_unicode_ci DEFAULT NULL,
  PRIMARY KEY (`ID`),
  KEY `IX_B_FORUM_FILTER_2` (`USE_IT`),
  KEY `IX_B_FORUM_FILTER_3` (`PATTERN_CREATE`)
) ENGINE=InnoDB AUTO_INCREMENT=152 DEFAULT CHARSET=utf8 COLLATE=utf8_unicode_ci;
/*!40101 SET character_set_client = @saved_cs_client */;

--
-- Dumping data for table `b_forum_filter`
--

LOCK TABLES `b_forum_filter` WRITE;
/*!40000 ALTER TABLE `b_forum_filter` DISABLE KEYS */;
INSERT INTO `b_forum_filter` VALUES (1,1,'**','/(?<=[\\s.,;:!?\\#\\-\\*\\|\\[\\]\\(\\)])([^\\s.,;:!?\\#\\-\\*\\|\\[\\]\\(\\)]*([Pp]+)([Ii]+)([Zz3]+)([Dd]+)[^\\s.,;:!?\\#\\-\\*\\|\\[\\]\\(\\)]*)(?=[\\s.,;:!?\\#\\-\\*\\|\\[\\]\\(\\)])/isu','','','Y','TRNSL'),(2,1,'**','/(?<=[\\s.,;:!?\\#\\-\\*\\|\\[\\]\\(\\)])([^\\s.,;:!?\\#\\-\\*\\|\\[\\]\\(\\)]*([Pp]+)([Ii]+)([Zz3]+)([Gg]+)[^\\s.,;:!?\\#\\-\\*\\|\\[\\]\\(\\)]*)(?=[\\s.,;:!?\\#\\-\\*\\|\\[\\]\\(\\)])/isu','','','Y','TRNSL'),(3,1,'*%','/(?<=[\\s.,;:!?\\#\\-\\*\\|\\[\\]\\(\\)])([^\\s.,;:!?\\#\\-\\*\\|\\[\\]\\(\\)]*([Cc]+)([PpRr]+)([Aa]+)([[]+([]+|[]+)]+|[[]+([]+|)[]+[]+]+))(?=[\\s.,;:!?\\#\\-\\*\\|\\[\\]\\(\\)])/isu','','','Y','TRNSL'),(4,1,'*','/(?<=[\\s.,;:!?\\#\\-\\*\\|\\[\\]\\(\\)])(([Aa]+)([Nn]+)([Oo]+)([Bb]+)([Ll]+)([]+)([Dd]+)[^\\s.,;:!?\\#\\-\\*\\|\\[\\]\\(\\)]*)(?=[\\s.,;:!?\\#\\-\\*\\|\\[\\]\\(\\)])/isu','','','Y','TRNSL'),(5,1,'*','/(?<=[\\s.,;:!?\\#\\-\\*\\|\\[\\]\\(\\)])(([Vv]+)([Zz3]+)([\"\']+|)([Ee]+)([Bb]+)[^\\s.,;:!?\\#\\-\\*\\|\\[\\]\\(\\)]*)(?=[\\s.,;:!?\\#\\-\\*\\|\\[\\]\\(\\)])/isu','','','Y','TRNSL'),(6,1,'','/(?<=[\\s.,;:!?\\#\\-\\*\\|\\[\\]\\(\\)])(([Bb]+)([Ll]+)([]+))(?=[\\s.,;:!?\\#\\-\\*\\|\\[\\]\\(\\)])/isu','','','Y','TRNSL'),(7,1,'*','/(?<=[\\s.,;:!?\\#\\-\\*\\|\\[\\]\\(\\)])(([Dd]+)([Oo]+)([Ll]+)([Bb]+)([Oo]+)([Ee]+)([Bb]+)[^\\s.,;:!?\\#\\-\\*\\|\\[\\]\\(\\)]*)(?=[\\s.,;:!?\\#\\-\\*\\|\\[\\]\\(\\)])/isu','','','Y','TRNSL'),(8,1,'*','/(?<=[\\s.,;:!?\\#\\-\\*\\|\\[\\]\\(\\)])(([Dd]+)([Uu]+)([PpRr]+)([Oo]+)([Ee]+)([Bb]+)[^\\s.,;:!?\\#\\-\\*\\|\\[\\]\\(\\)]*)(?=[\\s.,;:!?\\#\\-\\*\\|\\[\\]\\(\\)])/isu','','','Y','TRNSL'),(9,1,'','/(?<=[\\s.,;:!?\\#\\-\\*\\|\\[\\]\\(\\)])(([Ee]+)([Bb]+)([Ii]+))(?=[\\s.,;:!?\\#\\-\\*\\|\\[\\]\\(\\)])/isu','','','Y','TRNSL'),(10,1,'*','/(?<=[\\s.,;:!?\\#\\-\\*\\|\\[\\]\\(\\)])(([Ee]+)([Bb]+)([Ii]+)([Cc]+)([Tt]+)([Ii]+)[^\\s.,;:!?\\#\\-\\*\\|\\[\\]\\(\\)]*)(?=[\\s.,;:!?\\#\\-\\*\\|\\[\\]\\(\\)])/isu','','','Y','TRNSL'),(11,1,'*','/(?<=[\\s.,;:!?\\#\\-\\*\\|\\[\\]\\(\\)])(([Ee]+)([Bb]+)([Ii]+)([]+)([Ee]+)([Cc]+)([Kk]+)[^\\s.,;:!?\\#\\-\\*\\|\\[\\]\\(\\)]*)(?=[\\s.,;:!?\\#\\-\\*\\|\\[\\]\\(\\)])/isu','','','Y','TRNSL'),(12,1,'*','/(?<=[\\s.,;:!?\\#\\-\\*\\|\\[\\]\\(\\)])(([Ee]+)([Bb]+)([Ll]+)([Ii]+)([Vv]+)[^\\s.,;:!?\\#\\-\\*\\|\\[\\]\\(\\)]*)(?=[\\s.,;:!?\\#\\-\\*\\|\\[\\]\\(\\)])/isu','','','Y','TRNSL'),(13,1,'*','/(?<=[\\s.,;:!?\\#\\-\\*\\|\\[\\]\\(\\)])(([Ee]+)([Bb]+)([Ll]+)([Oo]+)[^\\s.,;:!?\\#\\-\\*\\|\\[\\]\\(\\)]*)(?=[\\s.,;:!?\\#\\-\\*\\|\\[\\]\\(\\)])/isu','','','Y','TRNSL'),(14,1,'*','/(?<=[\\s.,;:!?\\#\\-\\*\\|\\[\\]\\(\\)])(([Ee]+)([Bb]+)([Ll]+)([]+)([Cc]+)[^\\s.,;:!?\\#\\-\\*\\|\\[\\]\\(\\)]*)(?=[\\s.,;:!?\\#\\-\\*\\|\\[\\]\\(\\)])/isu','','','Y','TRNSL'),(15,1,'','/(?<=[\\s.,;:!?\\#\\-\\*\\|\\[\\]\\(\\)])(([Ee]+)([Bb]+)([Ll]+)([]+))(?=[\\s.,;:!?\\#\\-\\*\\|\\[\\]\\(\\)])/isu','','','Y','TRNSL'),(16,1,'','/(?<=[\\s.,;:!?\\#\\-\\*\\|\\[\\]\\(\\)])(([Ee]+)([Bb]+)([Cc]+))(?=[\\s.,;:!?\\#\\-\\*\\|\\[\\]\\(\\)])/isu','','','Y','TRNSL'),(17,1,'*','/(?<=[\\s.,;:!?\\#\\-\\*\\|\\[\\]\\(\\)])(([Ee]+)([Bb]+)([Uu]+)([Kk]+)([Ee]+)([Nn]+)([Tt]+)[^\\s.,;:!?\\#\\-\\*\\|\\[\\]\\(\\)]*)(?=[\\s.,;:!?\\#\\-\\*\\|\\[\\]\\(\\)])/isu','','','Y','TRNSL'),(18,1,'*','/(?<=[\\s.,;:!?\\#\\-\\*\\|\\[\\]\\(\\)])(([Ee]+)([Bb]+)([Uu]+)([PpRr]+)([]+)([Ee]+)([Nn]+)[^\\s.,;:!?\\#\\-\\*\\|\\[\\]\\(\\)]*)(?=[\\s.,;:!?\\#\\-\\*\\|\\[\\]\\(\\)])/isu','','','Y','TRNSL'),(19,1,'*','/(?<=[\\s.,;:!?\\#\\-\\*\\|\\[\\]\\(\\)])(([Kk]+)([Oo]+)([Nn]+)([Oo]+)([Ee]+)([Bb]+)([Ii]+)([Tt]+)[^\\s.,;:!?\\#\\-\\*\\|\\[\\]\\(\\)]*)(?=[\\s.,;:!?\\#\\-\\*\\|\\[\\]\\(\\)])/isu','','','Y','TRNSL'),(20,1,'*','/(?<=[\\s.,;:!?\\#\\-\\*\\|\\[\\]\\(\\)])(([Mm]+)([Oo]+)([Zz3]+)([]+)([Oo]+)([Ee]+)([Bb]+)[^\\s.,;:!?\\#\\-\\*\\|\\[\\]\\(\\)]*)(?=[\\s.,;:!?\\#\\-\\*\\|\\[\\]\\(\\)])/isu','','','Y','TRNSL'),(21,1,'*','/(?<=[\\s.,;:!?\\#\\-\\*\\|\\[\\]\\(\\)])(([Mm]+)([Uu]+)([Dd]+)([Oo]+)([Ee]+)([Bb]+)[^\\s.,;:!?\\#\\-\\*\\|\\[\\]\\(\\)]*)(?=[\\s.,;:!?\\#\\-\\*\\|\\[\\]\\(\\)])/isu','','','Y','TRNSL'),(22,1,'*','/(?<=[\\s.,;:!?\\#\\-\\*\\|\\[\\]\\(\\)])(([Oo]+)([Dd]+)([Nn]+)([Oo]+)([Xx]+)([Uu]+)([Yy]+)([Cc]+)([Tt]+)([Vv]+)([Ee]+)([Nn]+)[^\\s.,;:!?\\#\\-\\*\\|\\[\\]\\(\\)]*)(?=[\\s.,;:!?\\#\\-\\*\\|\\[\\]\\(\\)])/isu','','','Y','TRNSL'),(23,1,'*','/(?<=[\\s.,;:!?\\#\\-\\*\\|\\[\\]\\(\\)])(([Oo]+)([Xx]+)([Uu]+)([Ee]+)[^\\s.,;:!?\\#\\-\\*\\|\\[\\]\\(\\)]*)(?=[\\s.,;:!?\\#\\-\\*\\|\\[\\]\\(\\)])/isu','','','Y','TRNSL'),(24,1,'*','/(?<=[\\s.,;:!?\\#\\-\\*\\|\\[\\]\\(\\)])(([Oo]+)([Xx]+)([Uu]+)([Ii]+)[^\\s.,;:!?\\#\\-\\*\\|\\[\\]\\(\\)]*)(?=[\\s.,;:!?\\#\\-\\*\\|\\[\\]\\(\\)])/isu','','','Y','TRNSL'),(25,1,'*','/(?<=[\\s.,;:!?\\#\\-\\*\\|\\[\\]\\(\\)])(([Oo]+)([Xx]+)([Uu]+)([]+)[^\\s.,;:!?\\#\\-\\*\\|\\[\\]\\(\\)]*)(?=[\\s.,;:!?\\#\\-\\*\\|\\[\\]\\(\\)])/isu','','','Y','TRNSL'),(26,1,'*','/(?<=[\\s.,;:!?\\#\\-\\*\\|\\[\\]\\(\\)])(([PpRr]+)([Aa]+)([Zz3]+)([\"\']+|)([Ee]+)([Bb]+)([Aa]+)[^\\s.,;:!?\\#\\-\\*\\|\\[\\]\\(\\)]*)(?=[\\s.,;:!?\\#\\-\\*\\|\\[\\]\\(\\)])/isu','','','Y','TRNSL'),(27,1,'*','/(?<=[\\s.,;:!?\\#\\-\\*\\|\\[\\]\\(\\)])(([PpRr]+)([Aa]+)([Cc]+)([Pp]+)([Ii]+)([Zz3]+)([Dd]+)([Oo]+)([Nn]+)[^\\s.,;:!?\\#\\-\\*\\|\\[\\]\\(\\)]*)(?=[\\s.,;:!?\\#\\-\\*\\|\\[\\]\\(\\)])/isu','','','Y','TRNSL'),(28,1,'*','/(?<=[\\s.,;:!?\\#\\-\\*\\|\\[\\]\\(\\)])(([PpRr]+)([Aa]+)([Cc]+)([Xx]+)([Uu]+)([]+|[[]+[]+]+)([Gg]+)[^\\s.,;:!?\\#\\-\\*\\|\\[\\]\\(\\)]*)(?=[\\s.,;:!?\\#\\-\\*\\|\\[\\]\\(\\)])/isu','','','Y','TRNSL'),(29,1,'*','/(?<=[\\s.,;:!?\\#\\-\\*\\|\\[\\]\\(\\)])(([Xx]+)([Uu]+)([Dd]+)([Oo]+)([Ee]+)([Bb]+)([Ii]+)([Nn]+)[^\\s.,;:!?\\#\\-\\*\\|\\[\\]\\(\\)]*)(?=[\\s.,;:!?\\#\\-\\*\\|\\[\\]\\(\\)])/isu','','','Y','TRNSL'),(30,1,'','/(?<=[\\s.,;:!?\\#\\-\\*\\|\\[\\]\\(\\)])(([Xx]+)([Uu]+)([Ee]+))(?=[\\s.,;:!?\\#\\-\\*\\|\\[\\]\\(\\)])/isu','','','Y','TRNSL'),(31,1,'*','/(?<=[\\s.,;:!?\\#\\-\\*\\|\\[\\]\\(\\)])(([Xx]+)([Uu]+)([Ee]+)([Bb]+)([PpRr]+)([Aa]+)([Tt]+)[^\\s.,;:!?\\#\\-\\*\\|\\[\\]\\(\\)]*)(?=[\\s.,;:!?\\#\\-\\*\\|\\[\\]\\(\\)])/isu','','','Y','TRNSL'),(32,1,'*','/(?<=[\\s.,;:!?\\#\\-\\*\\|\\[\\]\\(\\)])(([Xx]+)([Uu]+)([Ee]+)([]+)([Ll]+)([Oo]+)([Tt]+)[^\\s.,;:!?\\#\\-\\*\\|\\[\\]\\(\\)]*)(?=[\\s.,;:!?\\#\\-\\*\\|\\[\\]\\(\\)])/isu','','','Y','TRNSL'),(33,1,'*','/(?<=[\\s.,;:!?\\#\\-\\*\\|\\[\\]\\(\\)])(([Xx]+)([Uu]+)([Ee]+)([Pp]+)([Ll]+)([Ee]+|[[]+[]+]+)([Tt]+)[^\\s.,;:!?\\#\\-\\*\\|\\[\\]\\(\\)]*)(?=[\\s.,;:!?\\#\\-\\*\\|\\[\\]\\(\\)])/isu','','','Y','TRNSL'),(34,1,'*','/(?<=[\\s.,;:!?\\#\\-\\*\\|\\[\\]\\(\\)])(([Xx]+)([Uu]+)([Ee]+)([Tt]+)[^\\s.,;:!?\\#\\-\\*\\|\\[\\]\\(\\)]*)(?=[\\s.,;:!?\\#\\-\\*\\|\\[\\]\\(\\)])/isu','','','Y','TRNSL'),(35,1,'','/(?<=[\\s.,;:!?\\#\\-\\*\\|\\[\\]\\(\\)])(([Xx]+)([Uu]+)([Ii]+)([Ll]+)([Aa]+))(?=[\\s.,;:!?\\#\\-\\*\\|\\[\\]\\(\\)])/isu','','','Y','TRNSL'),(36,1,'?','/(?<=[\\s.,;:!?\\#\\-\\*\\|\\[\\]\\(\\)])(([Xx]+)([Uu]+)([Ll]+).?)(?=[\\s.,;:!?\\#\\-\\*\\|\\[\\]\\(\\)])/isu','','','Y','TRNSL'),(37,1,'','/(?<=[\\s.,;:!?\\#\\-\\*\\|\\[\\]\\(\\)])(([Xx]+)([Uu]+)([]+))(?=[\\s.,;:!?\\#\\-\\*\\|\\[\\]\\(\\)])/isu','','','Y','TRNSL'),(38,1,'^*','/(?<=[\\s.,;:!?\\#\\-\\*\\|\\[\\]\\(\\)])(([]+|[]+|[]+|[]+|[]+|[]+|[]+|[]+|([]*[]+[]+[]+)+|)([Bb]+)([Ll]+)([]+)([Dd]+)[^\\s.,;:!?\\#\\-\\*\\|\\[\\]\\(\\)]*)(?=[\\s.,;:!?\\#\\-\\*\\|\\[\\]\\(\\)])/isu','','','Y','TRNSL'),(39,1,'^*','/(?<=[\\s.,;:!?\\#\\-\\*\\|\\[\\]\\(\\)])(([]+|[]+|[]+|[]+|[]+|[]+|[]+|[]+|([]*[]+[]+[]+)+|)([Pp]+)([Ii]+)([Dd]+)([Oo]+)([PpRr]+)[^\\s.,;:!?\\#\\-\\*\\|\\[\\]\\(\\)]*)(?=[\\s.,;:!?\\#\\-\\*\\|\\[\\]\\(\\)])/isu','','','Y','TRNSL'),(40,1,'^*','/(?<=[\\s.,;:!?\\#\\-\\*\\|\\[\\]\\(\\)])(([]+|[]+|[]+|[]+|[]+|[]+|[]+|[]+|([]*[]+[]+[]+)+|)([Xx]+)([Uu]+)([Ee]+)([Vv]+)[^\\s.,;:!?\\#\\-\\*\\|\\[\\]\\(\\)]*)(?=[\\s.,;:!?\\#\\-\\*\\|\\[\\]\\(\\)])/isu','','','Y','TRNSL'),(41,1,'^*','/(?<=[\\s.,;:!?\\#\\-\\*\\|\\[\\]\\(\\)])(([]+|[]+|[]+|[]+|[]+|[]+|[]+|[]+|([]*[]+[]+[]+)+|)([Xx]+)([Uu]+)([Ee]+)([Mm]+)[^\\s.,;:!?\\#\\-\\*\\|\\[\\]\\(\\)]*)(?=[\\s.,;:!?\\#\\-\\*\\|\\[\\]\\(\\)])/isu','','','Y','TRNSL'),(42,1,'^*','/(?<=[\\s.,;:!?\\#\\-\\*\\|\\[\\]\\(\\)])(([]+|[]+|[]+|[]+|[]+|[]+|[]+|[]+|([]*[]+[]+[]+)+|)([Xx]+)([Uu]+)([Yy]+)[^\\s.,;:!?\\#\\-\\*\\|\\[\\]\\(\\)]*)(?=[\\s.,;:!?\\#\\-\\*\\|\\[\\]\\(\\)])/isu','','','Y','TRNSL'),(43,1,'^*','/(?<=[\\s.,;:!?\\#\\-\\*\\|\\[\\]\\(\\)])(([]+|[]+|[]+|[]+|[]+|[]+|[]+|[]+|([]*[]+[]+[]+)+|)([Xx]+)([Uu]+)([]+)([Kk]+)[^\\s.,;:!?\\#\\-\\*\\|\\[\\]\\(\\)]*)(?=[\\s.,;:!?\\#\\-\\*\\|\\[\\]\\(\\)])/isu','','','Y','TRNSL'),(44,1,'^*','/(?<=[\\s.,;:!?\\#\\-\\*\\|\\[\\]\\(\\)])(([]+|[]+|[]+|[]+|[]+|[]+|[]+|[]+|([]*[]+[]+[]+)+|)([Xx]+)([Uu]+)([]+)([Mm]+)[^\\s.,;:!?\\#\\-\\*\\|\\[\\]\\(\\)]*)(?=[\\s.,;:!?\\#\\-\\*\\|\\[\\]\\(\\)])/isu','','','Y','TRNSL'),(45,1,'^*','/(?<=[\\s.,;:!?\\#\\-\\*\\|\\[\\]\\(\\)])(([]+|[]+|[]+|[]+|[]+|[]+|[]+|[]+|([]*[]+[]+[]+)+|)([Xx]+)([Uu]+)([]+)([PpRr]+)[^\\s.,;:!?\\#\\-\\*\\|\\[\\]\\(\\)]*)(?=[\\s.,;:!?\\#\\-\\*\\|\\[\\]\\(\\)])/isu','','','Y','TRNSL'),(46,1,'^*','/(?<=[\\s.,;:!?\\#\\-\\*\\|\\[\\]\\(\\)])(([]+|[]+|[]+|[]+|[]+|[]+|[]+|[]+|([]*[]+[]+[]+)+|)([Xx]+)([Uu]+)([]+)([]+)[^\\s.,;:!?\\#\\-\\*\\|\\[\\]\\(\\)]*)(?=[\\s.,;:!?\\#\\-\\*\\|\\[\\]\\(\\)])/isu','','','Y','TRNSL'),(47,1,'^*','/(?<=[\\s.,;:!?\\#\\-\\*\\|\\[\\]\\(\\)])(([]+|[]+|[]+|[]+|[]+|[]+|[]+|[]+|([]*[]+[]+[]+)+|)([\"\']+|)([Ee]+)([Bb]+)([Aa]+)([Ll]+)[^\\s.,;:!?\\#\\-\\*\\|\\[\\]\\(\\)]*)(?=[\\s.,;:!?\\#\\-\\*\\|\\[\\]\\(\\)])/isu','','','Y','TRNSL'),(48,1,'^*','/(?<=[\\s.,;:!?\\#\\-\\*\\|\\[\\]\\(\\)])(([]+|[]+|[]+|[]+|[]+|[]+|[]+|[]+|([]*[]+[]+[]+)+|)([\"\']+|)([Ee]+)([Bb]+)([Aa]+)([Nn]+)[^\\s.,;:!?\\#\\-\\*\\|\\[\\]\\(\\)]*)(?=[\\s.,;:!?\\#\\-\\*\\|\\[\\]\\(\\)])/isu','','','Y','TRNSL'),(49,1,'^*','/(?<=[\\s.,;:!?\\#\\-\\*\\|\\[\\]\\(\\)])(([]+|[]+|[]+|[]+|[]+|[]+|[]+|[]+|([]*[]+[]+[]+)+|)([\"\']+|)([Ee]+)([Bb]+)([Aa]+)([PpRr]+)[^\\s.,;:!?\\#\\-\\*\\|\\[\\]\\(\\)]*)(?=[\\s.,;:!?\\#\\-\\*\\|\\[\\]\\(\\)])/isu','','','Y','TRNSL'),(50,1,'^*','/(?<=[\\s.,;:!?\\#\\-\\*\\|\\[\\]\\(\\)])(([]+|[]+|[]+|[]+|[]+|[]+|[]+|[]+|([]*[]+[]+[]+)+|)([\"\']+|)([Ee]+)([Bb]+)([Aa]+)([Tt]+)[^\\s.,;:!?\\#\\-\\*\\|\\[\\]\\(\\)]*)(?=[\\s.,;:!?\\#\\-\\*\\|\\[\\]\\(\\)])/isu','','','Y','TRNSL'),(51,1,'^*','/(?<=[\\s.,;:!?\\#\\-\\*\\|\\[\\]\\(\\)])(([]+|[]+|[]+|[]+|[]+|[]+|[]+|[]+|([]*[]+[]+[]+)+|)([\"\']+|)([Ee]+)([Bb]+)([Ee]+)([Nn]+)[^\\s.,;:!?\\#\\-\\*\\|\\[\\]\\(\\)]*)(?=[\\s.,;:!?\\#\\-\\*\\|\\[\\]\\(\\)])/isu','','','Y','TRNSL'),(52,1,'^','/(?<=[\\s.,;:!?\\#\\-\\*\\|\\[\\]\\(\\)])(([]+|[]+|[]+|[]+|[]+|[]+|[]+|[]+|([]*[]+[]+[]+)+|)([\"\']+|)([Ee]+)([Bb]+)([Ii]+))(?=[\\s.,;:!?\\#\\-\\*\\|\\[\\]\\(\\)])/isu','','','Y','TRNSL'),(53,1,'^*','/(?<=[\\s.,;:!?\\#\\-\\*\\|\\[\\]\\(\\)])(([]+|[]+|[]+|[]+|[]+|[]+|[]+|[]+|([]*[]+[]+[]+)+|)([\"\']+|)([Ee]+)([Bb]+)([Ii]+)([Cc]+)[^\\s.,;:!?\\#\\-\\*\\|\\[\\]\\(\\)]*)(?=[\\s.,;:!?\\#\\-\\*\\|\\[\\]\\(\\)])/isu','','','Y','TRNSL'),(54,1,'^*','/(?<=[\\s.,;:!?\\#\\-\\*\\|\\[\\]\\(\\)])(([]+|[]+|[]+|[]+|[]+|[]+|[]+|[]+|([]*[]+[]+[]+)+|)([\"\']+|)([Ee]+)([Bb]+)([Ii]+)([Tt]+)[^\\s.,;:!?\\#\\-\\*\\|\\[\\]\\(\\)]*)(?=[\\s.,;:!?\\#\\-\\*\\|\\[\\]\\(\\)])/isu','','','Y','TRNSL'),(55,1,'^*','/(?<=[\\s.,;:!?\\#\\-\\*\\|\\[\\]\\(\\)])(([]+|[]+|[]+|[]+|[]+|[]+|[]+|[]+|([]*[]+[]+[]+)+|)([\"\']+|)([Ee]+|[[]+[]+]+)([Bb]+)([Ll]+)([]+)[^\\s.,;:!?\\#\\-\\*\\|\\[\\]\\(\\)]*)(?=[\\s.,;:!?\\#\\-\\*\\|\\[\\]\\(\\)])/isu','','','Y','TRNSL'),(56,1,'^*','/(?<=[\\s.,;:!?\\#\\-\\*\\|\\[\\]\\(\\)])(([]+|[]+|[]+|[]+|[]+|[]+|[]+|[]+|([]*[]+[]+[]+)+|)([\"\']+|)([Ee]+|[[]+[]+]+)([Bb]+)([Nn]+)([Uu]+)[^\\s.,;:!?\\#\\-\\*\\|\\[\\]\\(\\)]*)(?=[\\s.,;:!?\\#\\-\\*\\|\\[\\]\\(\\)])/isu','','','Y','TRNSL'),(57,1,'^','/(?<=[\\s.,;:!?\\#\\-\\*\\|\\[\\]\\(\\)])(([]+|[]+|[]+|[]+|[]+|[]+|[]+|[]+|([]*[]+[]+[]+)+|)([\"\']+|)([Ee]+)([Bb]+)([Uu]+))(?=[\\s.,;:!?\\#\\-\\*\\|\\[\\]\\(\\)])/isu','','','Y','TRNSL'),(58,1,'^*','/(?<=[\\s.,;:!?\\#\\-\\*\\|\\[\\]\\(\\)])(([]+|[]+|[]+|[]+|[]+|[]+|[]+|[]+|([]*[]+[]+[]+)+|)([\"\']+|)([Ee]+)([Bb]+)([Uu]+)([]+)[^\\s.,;:!?\\#\\-\\*\\|\\[\\]\\(\\)]*)(?=[\\s.,;:!?\\#\\-\\*\\|\\[\\]\\(\\)])/isu','','','Y','TRNSL'),(59,1,'^*','/(?<=[\\s.,;:!?\\#\\-\\*\\|\\[\\]\\(\\)])(([]+|[]+|[]+|[]+|[]+|[]+|[]+|[]+|([]*[]+[]+[]+)+|)([\"\']+|)([Ee]+)([Bb]+)([]+)([Vv]+)[^\\s.,;:!?\\#\\-\\*\\|\\[\\]\\(\\)]*)(?=[\\s.,;:!?\\#\\-\\*\\|\\[\\]\\(\\)])/isu','','','Y','TRNSL'),(60,1,'/(?<=[s.,;:!?-#*|[]()])(?![][][])(([]+|[]+|[]+|[]+|[]+|[]+|[]+|[]+|([]*[]+[]+[]+)|)([]+|)([Ee]+|[]+[]+|[Yy]+[Oo]+)([Bb]+))(?=[s.,;:!?-#*|[]()])/is','','','','Y','PTTRN'),(61,3,'angry','/(?<=[\\s.,;:!?\\#\\-\\*\\|\\[\\]\\(\\)])(a+n+g+r+y+)(?=[\\s.,;:!?\\#\\-\\*\\|\\[\\]\\(\\)])/isu','','','Y','TRNSL'),(62,3,'ass','/(?<=[\\s.,;:!?\\#\\-\\*\\|\\[\\]\\(\\)])(a+s+s+)(?=[\\s.,;:!?\\#\\-\\*\\|\\[\\]\\(\\)])/isu','','','Y','TRNSL'),(63,3,'asshole','/(?<=[\\s.,;:!?\\#\\-\\*\\|\\[\\]\\(\\)])(a+s+s+h+o+l+e+)(?=[\\s.,;:!?\\#\\-\\*\\|\\[\\]\\(\\)])/isu','','','Y','TRNSL'),(64,3,'banger','/(?<=[\\s.,;:!?\\#\\-\\*\\|\\[\\]\\(\\)])(b+a+n+g+e+r+)(?=[\\s.,;:!?\\#\\-\\*\\|\\[\\]\\(\\)])/isu','','','Y','TRNSL'),(65,3,'bastard','/(?<=[\\s.,;:!?\\#\\-\\*\\|\\[\\]\\(\\)])(b+a+s+t+a+r+d+)(?=[\\s.,;:!?\\#\\-\\*\\|\\[\\]\\(\\)])/isu','','','Y','TRNSL'),(66,3,'batter','/(?<=[\\s.,;:!?\\#\\-\\*\\|\\[\\]\\(\\)])(b+a+t+t+e+r+)(?=[\\s.,;:!?\\#\\-\\*\\|\\[\\]\\(\\)])/isu','','','Y','TRNSL'),(67,3,'bicho','/(?<=[\\s.,;:!?\\#\\-\\*\\|\\[\\]\\(\\)])(b+i+c+h+o+)(?=[\\s.,;:!?\\#\\-\\*\\|\\[\\]\\(\\)])/isu','','','Y','TRNSL'),(68,3,'bisexual','/(?<=[\\s.,;:!?\\#\\-\\*\\|\\[\\]\\(\\)])(b+i+s+e+x+u+a+l+)(?=[\\s.,;:!?\\#\\-\\*\\|\\[\\]\\(\\)])/isu','','','Y','TRNSL'),(69,3,'bitch','/(?<=[\\s.,;:!?\\#\\-\\*\\|\\[\\]\\(\\)])(b+i+t+c+h+)(?=[\\s.,;:!?\\#\\-\\*\\|\\[\\]\\(\\)])/isu','','','Y','TRNSL'),(70,3,'blumpkin','/(?<=[\\s.,;:!?\\#\\-\\*\\|\\[\\]\\(\\)])(b+l+u+m+p+k+i+n+)(?=[\\s.,;:!?\\#\\-\\*\\|\\[\\]\\(\\)])/isu','','','Y','TRNSL'),(71,3,'booger','/(?<=[\\s.,;:!?\\#\\-\\*\\|\\[\\]\\(\\)])(b+o+o+g+e+r+)(?=[\\s.,;:!?\\#\\-\\*\\|\\[\\]\\(\\)])/isu','','','Y','TRNSL'),(72,3,'bugger*','/(?<=[\\s.,;:!?\\#\\-\\*\\|\\[\\]\\(\\)])(b+u+g+g+e+r+[^\\s.,;:!?\\#\\-\\*\\|\\[\\]\\(\\)]*)(?=[\\s.,;:!?\\#\\-\\*\\|\\[\\]\\(\\)])/isu','','','Y','TRNSL'),(73,3,'bukakke','/(?<=[\\s.,;:!?\\#\\-\\*\\|\\[\\]\\(\\)])(b+u+k+a+k+k+e+)(?=[\\s.,;:!?\\#\\-\\*\\|\\[\\]\\(\\)])/isu','','','Y','TRNSL'),(74,3,'bull','/(?<=[\\s.,;:!?\\#\\-\\*\\|\\[\\]\\(\\)])(b+u+l+l+)(?=[\\s.,;:!?\\#\\-\\*\\|\\[\\]\\(\\)])/isu','','','Y','TRNSL'),(75,3,'bulldyke','/(?<=[\\s.,;:!?\\#\\-\\*\\|\\[\\]\\(\\)])(b+u+l+l+d+y+k+e+)(?=[\\s.,;:!?\\#\\-\\*\\|\\[\\]\\(\\)])/isu','','','Y','TRNSL'),(76,3,'bullshit','/(?<=[\\s.,;:!?\\#\\-\\*\\|\\[\\]\\(\\)])(b+u+l+l+s+h+i+t+)(?=[\\s.,;:!?\\#\\-\\*\\|\\[\\]\\(\\)])/isu','','','Y','TRNSL'),(77,3,'bunny','/(?<=[\\s.,;:!?\\#\\-\\*\\|\\[\\]\\(\\)])(b+u+n+n+y+)(?=[\\s.,;:!?\\#\\-\\*\\|\\[\\]\\(\\)])/isu','','','Y','TRNSL'),(78,3,'bunnyfuck','/(?<=[\\s.,;:!?\\#\\-\\*\\|\\[\\]\\(\\)])(b+u+n+n+y+f+u+c+k+)(?=[\\s.,;:!?\\#\\-\\*\\|\\[\\]\\(\\)])/isu','','','Y','TRNSL'),(79,3,'chocha','/(?<=[\\s.,;:!?\\#\\-\\*\\|\\[\\]\\(\\)])(c+h+o+c+h+a+)(?=[\\s.,;:!?\\#\\-\\*\\|\\[\\]\\(\\)])/isu','','','Y','TRNSL'),(80,3,'chode','/(?<=[\\s.,;:!?\\#\\-\\*\\|\\[\\]\\(\\)])(c+h+o+d+e+)(?=[\\s.,;:!?\\#\\-\\*\\|\\[\\]\\(\\)])/isu','','','Y','TRNSL'),(81,3,'clap','/(?<=[\\s.,;:!?\\#\\-\\*\\|\\[\\]\\(\\)])(c+l+a+p+)(?=[\\s.,;:!?\\#\\-\\*\\|\\[\\]\\(\\)])/isu','','','Y','TRNSL'),(82,3,'coconuts','/(?<=[\\s.,;:!?\\#\\-\\*\\|\\[\\]\\(\\)])(c+o+c+o+n+u+t+s+)(?=[\\s.,;:!?\\#\\-\\*\\|\\[\\]\\(\\)])/isu','','','Y','TRNSL'),(83,3,'cohones','/(?<=[\\s.,;:!?\\#\\-\\*\\|\\[\\]\\(\\)])(c+o+h+o+n+e+s+)(?=[\\s.,;:!?\\#\\-\\*\\|\\[\\]\\(\\)])/isu','','','Y','TRNSL'),(84,3,'cojones','/(?<=[\\s.,;:!?\\#\\-\\*\\|\\[\\]\\(\\)])(c+o+j+o+n+e+s+)(?=[\\s.,;:!?\\#\\-\\*\\|\\[\\]\\(\\)])/isu','','','Y','TRNSL'),(85,3,'coon','/(?<=[\\s.,;:!?\\#\\-\\*\\|\\[\\]\\(\\)])(c+o+o+n+)(?=[\\s.,;:!?\\#\\-\\*\\|\\[\\]\\(\\)])/isu','','','Y','TRNSL'),(86,3,'cootch','/(?<=[\\s.,;:!?\\#\\-\\*\\|\\[\\]\\(\\)])(c+o+o+t+c+h+)(?=[\\s.,;:!?\\#\\-\\*\\|\\[\\]\\(\\)])/isu','','','Y','TRNSL'),(87,3,'cooter','/(?<=[\\s.,;:!?\\#\\-\\*\\|\\[\\]\\(\\)])(c+o+o+t+e+r+)(?=[\\s.,;:!?\\#\\-\\*\\|\\[\\]\\(\\)])/isu','','','Y','TRNSL'),(88,3,'cornhole','/(?<=[\\s.,;:!?\\#\\-\\*\\|\\[\\]\\(\\)])(c+o+r+n+h+o+l+e+)(?=[\\s.,;:!?\\#\\-\\*\\|\\[\\]\\(\\)])/isu','','','Y','TRNSL'),(89,3,'cracka','/(?<=[\\s.,;:!?\\#\\-\\*\\|\\[\\]\\(\\)])(c+r+a+c+k+a+)(?=[\\s.,;:!?\\#\\-\\*\\|\\[\\]\\(\\)])/isu','','','Y','TRNSL'),(90,3,'crap','/(?<=[\\s.,;:!?\\#\\-\\*\\|\\[\\]\\(\\)])(c+r+a+p+)(?=[\\s.,;:!?\\#\\-\\*\\|\\[\\]\\(\\)])/isu','','','Y','TRNSL'),(91,3,'cum','/(?<=[\\s.,;:!?\\#\\-\\*\\|\\[\\]\\(\\)])(c+u+m+)(?=[\\s.,;:!?\\#\\-\\*\\|\\[\\]\\(\\)])/isu','','','Y','TRNSL'),(92,3,'cunnilingus','/(?<=[\\s.,;:!?\\#\\-\\*\\|\\[\\]\\(\\)])(c+u+n+n+i+l+i+n+g+u+s+)(?=[\\s.,;:!?\\#\\-\\*\\|\\[\\]\\(\\)])/isu','','','Y','TRNSL'),(93,3,'cunt*','/(?<=[\\s.,;:!?\\#\\-\\*\\|\\[\\]\\(\\)])(c+u+n+t+[^\\s.,;:!?\\#\\-\\*\\|\\[\\]\\(\\)]*)(?=[\\s.,;:!?\\#\\-\\*\\|\\[\\]\\(\\)])/isu','','','Y','TRNSL'),(94,3,'damn*','/(?<=[\\s.,;:!?\\#\\-\\*\\|\\[\\]\\(\\)])(d+a+m+n+[^\\s.,;:!?\\#\\-\\*\\|\\[\\]\\(\\)]*)(?=[\\s.,;:!?\\#\\-\\*\\|\\[\\]\\(\\)])/isu','','','Y','TRNSL'),(95,3,'dark*','/(?<=[\\s.,;:!?\\#\\-\\*\\|\\[\\]\\(\\)])(d+a+r+k+[^\\s.,;:!?\\#\\-\\*\\|\\[\\]\\(\\)]*)(?=[\\s.,;:!?\\#\\-\\*\\|\\[\\]\\(\\)])/isu','','','Y','TRNSL'),(96,3,'dick','/(?<=[\\s.,;:!?\\#\\-\\*\\|\\[\\]\\(\\)])(d+i+c+k+)(?=[\\s.,;:!?\\#\\-\\*\\|\\[\\]\\(\\)])/isu','','','Y','TRNSL'),(97,3,'dickhead','/(?<=[\\s.,;:!?\\#\\-\\*\\|\\[\\]\\(\\)])(d+i+c+k+h+e+a+d+)(?=[\\s.,;:!?\\#\\-\\*\\|\\[\\]\\(\\)])/isu','','','Y','TRNSL'),(98,3,'diddle','/(?<=[\\s.,;:!?\\#\\-\\*\\|\\[\\]\\(\\)])(d+i+d+d+l+e+)(?=[\\s.,;:!?\\#\\-\\*\\|\\[\\]\\(\\)])/isu','','','Y','TRNSL'),(99,3,'dildo','/(?<=[\\s.,;:!?\\#\\-\\*\\|\\[\\]\\(\\)])(d+i+l+d+o+)(?=[\\s.,;:!?\\#\\-\\*\\|\\[\\]\\(\\)])/isu','','','Y','TRNSL'),(100,3,'dilhole','/(?<=[\\s.,;:!?\\#\\-\\*\\|\\[\\]\\(\\)])(d+i+l+h+o+l+e+)(?=[\\s.,;:!?\\#\\-\\*\\|\\[\\]\\(\\)])/isu','','','Y','TRNSL'),(101,3,'dingleberry','/(?<=[\\s.,;:!?\\#\\-\\*\\|\\[\\]\\(\\)])(d+i+n+g+l+e+b+e+r+r+y+)(?=[\\s.,;:!?\\#\\-\\*\\|\\[\\]\\(\\)])/isu','','','Y','TRNSL'),(102,3,'doodle','/(?<=[\\s.,;:!?\\#\\-\\*\\|\\[\\]\\(\\)])(d+o+o+d+l+e+)(?=[\\s.,;:!?\\#\\-\\*\\|\\[\\]\\(\\)])/isu','','','Y','TRNSL'),(103,3,'dork','/(?<=[\\s.,;:!?\\#\\-\\*\\|\\[\\]\\(\\)])(d+o+r+k+)(?=[\\s.,;:!?\\#\\-\\*\\|\\[\\]\\(\\)])/isu','','','Y','TRNSL'),(104,3,'dumpster','/(?<=[\\s.,;:!?\\#\\-\\*\\|\\[\\]\\(\\)])(d+u+m+p+s+t+e+r+)(?=[\\s.,;:!?\\#\\-\\*\\|\\[\\]\\(\\)])/isu','','','Y','TRNSL'),(105,3,'faggot','/(?<=[\\s.,;:!?\\#\\-\\*\\|\\[\\]\\(\\)])(f+a+g+g+o+t+)(?=[\\s.,;:!?\\#\\-\\*\\|\\[\\]\\(\\)])/isu','','','Y','TRNSL'),(106,3,'fart','/(?<=[\\s.,;:!?\\#\\-\\*\\|\\[\\]\\(\\)])(f+a+r+t+)(?=[\\s.,;:!?\\#\\-\\*\\|\\[\\]\\(\\)])/isu','','','Y','TRNSL'),(107,3,'frig','/(?<=[\\s.,;:!?\\#\\-\\*\\|\\[\\]\\(\\)])(f+r+i+g+)(?=[\\s.,;:!?\\#\\-\\*\\|\\[\\]\\(\\)])/isu','','','Y','TRNSL'),(108,3,'fuck*','/(?<=[\\s.,;:!?\\#\\-\\*\\|\\[\\]\\(\\)])(f+u+c+k+[^\\s.,;:!?\\#\\-\\*\\|\\[\\]\\(\\)]*)(?=[\\s.,;:!?\\#\\-\\*\\|\\[\\]\\(\\)])/isu','','','Y','TRNSL'),(109,3,'fucker','/(?<=[\\s.,;:!?\\#\\-\\*\\|\\[\\]\\(\\)])(f+u+c+k+e+r+)(?=[\\s.,;:!?\\#\\-\\*\\|\\[\\]\\(\\)])/isu','','','Y','TRNSL'),(110,3,'giz','/(?<=[\\s.,;:!?\\#\\-\\*\\|\\[\\]\\(\\)])(g+i+z+)(?=[\\s.,;:!?\\#\\-\\*\\|\\[\\]\\(\\)])/isu','','','Y','TRNSL'),(111,3,'goatse','/(?<=[\\s.,;:!?\\#\\-\\*\\|\\[\\]\\(\\)])(g+o+a+t+s+e+)(?=[\\s.,;:!?\\#\\-\\*\\|\\[\\]\\(\\)])/isu','','','Y','TRNSL'),(112,3,'gook','/(?<=[\\s.,;:!?\\#\\-\\*\\|\\[\\]\\(\\)])(g+o+o+k+)(?=[\\s.,;:!?\\#\\-\\*\\|\\[\\]\\(\\)])/isu','','','Y','TRNSL'),(113,3,'gringo','/(?<=[\\s.,;:!?\\#\\-\\*\\|\\[\\]\\(\\)])(g+r+i+n+g+o+)(?=[\\s.,;:!?\\#\\-\\*\\|\\[\\]\\(\\)])/isu','','','Y','TRNSL'),(114,3,'hobo','/(?<=[\\s.,;:!?\\#\\-\\*\\|\\[\\]\\(\\)])(h+o+b+o+)(?=[\\s.,;:!?\\#\\-\\*\\|\\[\\]\\(\\)])/isu','','','Y','TRNSL'),(115,3,'honky','/(?<=[\\s.,;:!?\\#\\-\\*\\|\\[\\]\\(\\)])(h+o+n+k+y+)(?=[\\s.,;:!?\\#\\-\\*\\|\\[\\]\\(\\)])/isu','','','Y','TRNSL'),(116,3,'jackass','/(?<=[\\s.,;:!?\\#\\-\\*\\|\\[\\]\\(\\)])(j+a+c+k+a+s+s+)(?=[\\s.,;:!?\\#\\-\\*\\|\\[\\]\\(\\)])/isu','','','Y','TRNSL'),(117,3,'jackoff','/(?<=[\\s.,;:!?\\#\\-\\*\\|\\[\\]\\(\\)])(j+a+c+k+o+f+f+)(?=[\\s.,;:!?\\#\\-\\*\\|\\[\\]\\(\\)])/isu','','','Y','TRNSL'),(118,3,'jerkoff','/(?<=[\\s.,;:!?\\#\\-\\*\\|\\[\\]\\(\\)])(j+e+r+k+o+f+f+)(?=[\\s.,;:!?\\#\\-\\*\\|\\[\\]\\(\\)])/isu','','','Y','TRNSL'),(119,3,'jiggaboo','/(?<=[\\s.,;:!?\\#\\-\\*\\|\\[\\]\\(\\)])(j+i+g+g+a+b+o+o+)(?=[\\s.,;:!?\\#\\-\\*\\|\\[\\]\\(\\)])/isu','','','Y','TRNSL'),(120,3,'jizz','/(?<=[\\s.,;:!?\\#\\-\\*\\|\\[\\]\\(\\)])(j+i+z+z+)(?=[\\s.,;:!?\\#\\-\\*\\|\\[\\]\\(\\)])/isu','','','Y','TRNSL'),(121,3,'kike','/(?<=[\\s.,;:!?\\#\\-\\*\\|\\[\\]\\(\\)])(k+i+k+e+)(?=[\\s.,;:!?\\#\\-\\*\\|\\[\\]\\(\\)])/isu','','','Y','TRNSL'),(122,3,'mayo','/(?<=[\\s.,;:!?\\#\\-\\*\\|\\[\\]\\(\\)])(m+a+y+o+)(?=[\\s.,;:!?\\#\\-\\*\\|\\[\\]\\(\\)])/isu','','','Y','TRNSL'),(123,3,'moose','/(?<=[\\s.,;:!?\\#\\-\\*\\|\\[\\]\\(\\)])(m+o+o+s+e+)(?=[\\s.,;:!?\\#\\-\\*\\|\\[\\]\\(\\)])/isu','','','Y','TRNSL'),(124,3,'nigg*','/(?<=[\\s.,;:!?\\#\\-\\*\\|\\[\\]\\(\\)])(n+i+g+g+[^\\s.,;:!?\\#\\-\\*\\|\\[\\]\\(\\)]*)(?=[\\s.,;:!?\\#\\-\\*\\|\\[\\]\\(\\)])/isu','','','Y','TRNSL'),(125,3,'paki','/(?<=[\\s.,;:!?\\#\\-\\*\\|\\[\\]\\(\\)])(p+a+k+i+)(?=[\\s.,;:!?\\#\\-\\*\\|\\[\\]\\(\\)])/isu','','','Y','TRNSL'),(126,3,'pecker','/(?<=[\\s.,;:!?\\#\\-\\*\\|\\[\\]\\(\\)])(p+e+c+k+e+r+)(?=[\\s.,;:!?\\#\\-\\*\\|\\[\\]\\(\\)])/isu','','','Y','TRNSL'),(127,3,'piss','/(?<=[\\s.,;:!?\\#\\-\\*\\|\\[\\]\\(\\)])(p+i+s+s+)(?=[\\s.,;:!?\\#\\-\\*\\|\\[\\]\\(\\)])/isu','','','Y','TRNSL'),(128,3,'poonanni','/(?<=[\\s.,;:!?\\#\\-\\*\\|\\[\\]\\(\\)])(p+o+o+n+a+n+n+i+)(?=[\\s.,;:!?\\#\\-\\*\\|\\[\\]\\(\\)])/isu','','','Y','TRNSL'),(129,3,'poontang','/(?<=[\\s.,;:!?\\#\\-\\*\\|\\[\\]\\(\\)])(p+o+o+n+t+a+n+g+)(?=[\\s.,;:!?\\#\\-\\*\\|\\[\\]\\(\\)])/isu','','','Y','TRNSL'),(130,3,'prick','/(?<=[\\s.,;:!?\\#\\-\\*\\|\\[\\]\\(\\)])(p+r+i+c+k+)(?=[\\s.,;:!?\\#\\-\\*\\|\\[\\]\\(\\)])/isu','','','Y','TRNSL'),(131,3,'punch','/(?<=[\\s.,;:!?\\#\\-\\*\\|\\[\\]\\(\\)])(p+u+n+c+h+)(?=[\\s.,;:!?\\#\\-\\*\\|\\[\\]\\(\\)])/isu','','','Y','TRNSL'),(132,3,'queef','/(?<=[\\s.,;:!?\\#\\-\\*\\|\\[\\]\\(\\)])(q+u+e+e+f+)(?=[\\s.,;:!?\\#\\-\\*\\|\\[\\]\\(\\)])/isu','','','Y','TRNSL'),(133,3,'rogue','/(?<=[\\s.,;:!?\\#\\-\\*\\|\\[\\]\\(\\)])(r+o+g+u+e+)(?=[\\s.,;:!?\\#\\-\\*\\|\\[\\]\\(\\)])/isu','','','Y','TRNSL'),(134,3,'sanchez','/(?<=[\\s.,;:!?\\#\\-\\*\\|\\[\\]\\(\\)])(s+a+n+c+h+e+z+)(?=[\\s.,;:!?\\#\\-\\*\\|\\[\\]\\(\\)])/isu','','','Y','TRNSL'),(135,3,'schlong','/(?<=[\\s.,;:!?\\#\\-\\*\\|\\[\\]\\(\\)])(s+c+h+l+o+n+g+)(?=[\\s.,;:!?\\#\\-\\*\\|\\[\\]\\(\\)])/isu','','','Y','TRNSL'),(136,3,'shit','/(?<=[\\s.,;:!?\\#\\-\\*\\|\\[\\]\\(\\)])(s+h+i+t+)(?=[\\s.,;:!?\\#\\-\\*\\|\\[\\]\\(\\)])/isu','','','Y','TRNSL'),(137,3,'skank','/(?<=[\\s.,;:!?\\#\\-\\*\\|\\[\\]\\(\\)])(s+k+a+n+k+)(?=[\\s.,;:!?\\#\\-\\*\\|\\[\\]\\(\\)])/isu','','','Y','TRNSL'),(138,3,'spaz','/(?<=[\\s.,;:!?\\#\\-\\*\\|\\[\\]\\(\\)])(s+p+a+z+)(?=[\\s.,;:!?\\#\\-\\*\\|\\[\\]\\(\\)])/isu','','','Y','TRNSL'),(139,3,'spic','/(?<=[\\s.,;:!?\\#\\-\\*\\|\\[\\]\\(\\)])(s+p+i+c+)(?=[\\s.,;:!?\\#\\-\\*\\|\\[\\]\\(\\)])/isu','','','Y','TRNSL'),(140,3,'teabag*','/(?<=[\\s.,;:!?\\#\\-\\*\\|\\[\\]\\(\\)])(t+e+a+b+a+g+[^\\s.,;:!?\\#\\-\\*\\|\\[\\]\\(\\)]*)(?=[\\s.,;:!?\\#\\-\\*\\|\\[\\]\\(\\)])/isu','','','Y','TRNSL'),(141,3,'tits','/(?<=[\\s.,;:!?\\#\\-\\*\\|\\[\\]\\(\\)])(t+i+t+s+)(?=[\\s.,;:!?\\#\\-\\*\\|\\[\\]\\(\\)])/isu','','','Y','TRNSL'),(142,3,'twat','/(?<=[\\s.,;:!?\\#\\-\\*\\|\\[\\]\\(\\)])(t+w+a+t+)(?=[\\s.,;:!?\\#\\-\\*\\|\\[\\]\\(\\)])/isu','','','Y','TRNSL'),(143,3,'twot','/(?<=[\\s.,;:!?\\#\\-\\*\\|\\[\\]\\(\\)])(t+w+o+t+)(?=[\\s.,;:!?\\#\\-\\*\\|\\[\\]\\(\\)])/isu','','','Y','TRNSL'),(144,3,'vart','/(?<=[\\s.,;:!?\\#\\-\\*\\|\\[\\]\\(\\)])(v+a+r+t+)(?=[\\s.,;:!?\\#\\-\\*\\|\\[\\]\\(\\)])/isu','','','Y','TRNSL'),(145,3,'wanker','/(?<=[\\s.,;:!?\\#\\-\\*\\|\\[\\]\\(\\)])(w+a+n+k+e+r+)(?=[\\s.,;:!?\\#\\-\\*\\|\\[\\]\\(\\)])/isu','','','Y','TRNSL'),(146,3,'waste','/(?<=[\\s.,;:!?\\#\\-\\*\\|\\[\\]\\(\\)])(w+a+s+t+e+)(?=[\\s.,;:!?\\#\\-\\*\\|\\[\\]\\(\\)])/isu','','','Y','TRNSL'),(147,3,'wetback','/(?<=[\\s.,;:!?\\#\\-\\*\\|\\[\\]\\(\\)])(w+e+t+b+a+c+k+)(?=[\\s.,;:!?\\#\\-\\*\\|\\[\\]\\(\\)])/isu','','','Y','TRNSL'),(148,3,'whore','/(?<=[\\s.,;:!?\\#\\-\\*\\|\\[\\]\\(\\)])(w+h+o+r+e+)(?=[\\s.,;:!?\\#\\-\\*\\|\\[\\]\\(\\)])/isu','','','Y','TRNSL'),(149,3,'wigger','/(?<=[\\s.,;:!?\\#\\-\\*\\|\\[\\]\\(\\)])(w+i+g+g+e+r+)(?=[\\s.,;:!?\\#\\-\\*\\|\\[\\]\\(\\)])/isu','','','Y','TRNSL'),(150,3,'wog','/(?<=[\\s.,;:!?\\#\\-\\*\\|\\[\\]\\(\\)])(w+o+g+)(?=[\\s.,;:!?\\#\\-\\*\\|\\[\\]\\(\\)])/isu','','','Y','TRNSL'),(151,3,'wop','/(?<=[\\s.,;:!?\\#\\-\\*\\|\\[\\]\\(\\)])(w+o+p+)(?=[\\s.,;:!?\\#\\-\\*\\|\\[\\]\\(\\)])/isu','','','Y','TRNSL');
/*!40000 ALTER TABLE `b_forum_filter` ENABLE KEYS */;
UNLOCK TABLES;

--
-- Table structure for table `b_forum_group`
--

DROP TABLE IF EXISTS `b_forum_group`;
/*!40101 SET @saved_cs_client     = @@character_set_client */;
/*!40101 SET character_set_client = utf8 */;
CREATE TABLE `b_forum_group` (
  `ID` int(11) NOT NULL AUTO_INCREMENT,
  `SORT` int(11) NOT NULL DEFAULT '150',
  `PARENT_ID` int(11) DEFAULT NULL,
  `LEFT_MARGIN` int(11) DEFAULT NULL,
  `RIGHT_MARGIN` int(11) DEFAULT NULL,
  `DEPTH_LEVEL` int(11) DEFAULT NULL,
  `XML_ID` varchar(255) COLLATE utf8_unicode_ci DEFAULT NULL,
  PRIMARY KEY (`ID`)
) ENGINE=InnoDB DEFAULT CHARSET=utf8 COLLATE=utf8_unicode_ci;
/*!40101 SET character_set_client = @saved_cs_client */;

--
-- Dumping data for table `b_forum_group`
--

LOCK TABLES `b_forum_group` WRITE;
/*!40000 ALTER TABLE `b_forum_group` DISABLE KEYS */;
/*!40000 ALTER TABLE `b_forum_group` ENABLE KEYS */;
UNLOCK TABLES;

--
-- Table structure for table `b_forum_group_lang`
--

DROP TABLE IF EXISTS `b_forum_group_lang`;
/*!40101 SET @saved_cs_client     = @@character_set_client */;
/*!40101 SET character_set_client = utf8 */;
CREATE TABLE `b_forum_group_lang` (
  `ID` int(11) NOT NULL AUTO_INCREMENT,
  `FORUM_GROUP_ID` int(11) NOT NULL,
  `LID` char(2) COLLATE utf8_unicode_ci NOT NULL,
  `NAME` varchar(255) COLLATE utf8_unicode_ci NOT NULL,
  `DESCRIPTION` varchar(255) COLLATE utf8_unicode_ci DEFAULT NULL,
  PRIMARY KEY (`ID`),
  UNIQUE KEY `UX_FORUM_GROUP` (`FORUM_GROUP_ID`,`LID`)
) ENGINE=InnoDB DEFAULT CHARSET=utf8 COLLATE=utf8_unicode_ci;
/*!40101 SET character_set_client = @saved_cs_client */;

--
-- Dumping data for table `b_forum_group_lang`
--

LOCK TABLES `b_forum_group_lang` WRITE;
/*!40000 ALTER TABLE `b_forum_group_lang` DISABLE KEYS */;
/*!40000 ALTER TABLE `b_forum_group_lang` ENABLE KEYS */;
UNLOCK TABLES;

--
-- Table structure for table `b_forum_letter`
--

DROP TABLE IF EXISTS `b_forum_letter`;
/*!40101 SET @saved_cs_client     = @@character_set_client */;
/*!40101 SET character_set_client = utf8 */;
CREATE TABLE `b_forum_letter` (
  `ID` int(11) NOT NULL AUTO_INCREMENT,
  `DICTIONARY_ID` int(11) DEFAULT '0',
  `LETTER` varchar(50) COLLATE utf8_unicode_ci DEFAULT NULL,
  `REPLACEMENT` varchar(255) COLLATE utf8_unicode_ci DEFAULT NULL,
  PRIMARY KEY (`ID`)
) ENGINE=InnoDB AUTO_INCREMENT=38 DEFAULT CHARSET=utf8 COLLATE=utf8_unicode_ci;
/*!40101 SET character_set_client = @saved_cs_client */;

--
-- Dumping data for table `b_forum_letter`
--

LOCK TABLES `b_forum_letter` WRITE;
/*!40000 ALTER TABLE `b_forum_letter` DISABLE KEYS */;
INSERT INTO `b_forum_letter` VALUES (1,2,'','Aa'),(2,2,'','Bb'),(3,2,'','Vv'),(4,2,'',''),(5,2,'','Dd'),(6,2,'','Ee'),(7,2,'','Ee, []+[]+'),(8,2,'','Gg'),(9,2,'','Zz3'),(10,2,'','Ii'),(11,2,'','Yy'),(12,2,'','Kk'),(13,2,'','Ll'),(14,2,'','Mm'),(15,2,'','Nn'),(16,2,'','Oo'),(17,2,'','Pp'),(18,2,'','PpRr'),(19,2,'','Cc'),(20,2,'','Tt'),(21,2,'','Uu'),(22,2,'','Ff'),(23,2,'','Xx'),(24,2,'','Cc'),(25,2,'',''),(26,2,'',''),(27,2,'',''),(28,2,'','\"\','),(29,2,'',''),(30,2,'','\"\','),(31,2,'',''),(32,2,'',', []+[]+'),(33,2,'',''),(34,2,'%','[]+([]+|[]+), []+([]+|)[]+[]+'),(35,2,'^',',,,,,,,,,([]*[]+[]+[]+)'),(36,2,'','%'),(37,2,'','%');
/*!40000 ALTER TABLE `b_forum_letter` ENABLE KEYS */;
UNLOCK TABLES;

--
-- Table structure for table `b_forum_message`
--

DROP TABLE IF EXISTS `b_forum_message`;
/*!40101 SET @saved_cs_client     = @@character_set_client */;
/*!40101 SET character_set_client = utf8 */;
CREATE TABLE `b_forum_message` (
  `ID` bigint(20) NOT NULL AUTO_INCREMENT,
  `FORUM_ID` int(10) NOT NULL,
  `TOPIC_ID` bigint(20) NOT NULL,
  `USE_SMILES` char(1) COLLATE utf8_unicode_ci NOT NULL DEFAULT 'Y',
  `NEW_TOPIC` char(1) COLLATE utf8_unicode_ci NOT NULL DEFAULT 'N',
  `APPROVED` char(1) COLLATE utf8_unicode_ci NOT NULL DEFAULT 'Y',
  `SOURCE_ID` varchar(255) COLLATE utf8_unicode_ci NOT NULL DEFAULT 'WEB',
  `POST_DATE` datetime NOT NULL,
  `POST_MESSAGE` text COLLATE utf8_unicode_ci,
  `POST_MESSAGE_HTML` text COLLATE utf8_unicode_ci,
  `POST_MESSAGE_FILTER` text COLLATE utf8_unicode_ci,
  `POST_MESSAGE_CHECK` char(32) COLLATE utf8_unicode_ci DEFAULT NULL,
  `ATTACH_IMG` int(11) DEFAULT NULL,
  `PARAM1` varchar(2) COLLATE utf8_unicode_ci DEFAULT NULL,
  `PARAM2` int(11) DEFAULT NULL,
  `AUTHOR_ID` int(10) DEFAULT NULL,
  `AUTHOR_NAME` varchar(255) COLLATE utf8_unicode_ci DEFAULT NULL,
  `AUTHOR_EMAIL` varchar(255) COLLATE utf8_unicode_ci DEFAULT NULL,
  `AUTHOR_IP` varchar(255) COLLATE utf8_unicode_ci DEFAULT NULL,
  `AUTHOR_REAL_IP` varchar(128) COLLATE utf8_unicode_ci DEFAULT NULL,
  `GUEST_ID` int(10) DEFAULT NULL,
  `EDITOR_ID` int(10) DEFAULT NULL,
  `EDITOR_NAME` varchar(255) COLLATE utf8_unicode_ci DEFAULT NULL,
  `EDITOR_EMAIL` varchar(255) COLLATE utf8_unicode_ci DEFAULT NULL,
  `EDIT_REASON` text COLLATE utf8_unicode_ci,
  `EDIT_DATE` datetime DEFAULT NULL,
  `XML_ID` varchar(255) COLLATE utf8_unicode_ci DEFAULT NULL,
  `HTML` text COLLATE utf8_unicode_ci,
  `MAIL_HEADER` text COLLATE utf8_unicode_ci,
  PRIMARY KEY (`ID`),
  KEY `IX_FORUM_MESSAGE_FORUM` (`FORUM_ID`,`APPROVED`),
  KEY `IX_FORUM_MESSAGE_TOPIC` (`TOPIC_ID`,`APPROVED`,`ID`),
  KEY `IX_FORUM_MESSAGE_AUTHOR` (`AUTHOR_ID`,`APPROVED`,`FORUM_ID`,`ID`),
  KEY `IX_FORUM_MESSAGE_APPROVED` (`APPROVED`),
  KEY `IX_FORUM_MESSAGE_PARAM2` (`PARAM2`),
  KEY `IX_FORUM_MESSAGE_XML_ID` (`XML_ID`),
  KEY `IX_FORUM_MESSAGE_DATE_AUTHOR_ID` (`POST_DATE`,`AUTHOR_ID`),
  KEY `IX_FORUM_MESSAGE_AUTHOR_TOPIC_ID` (`AUTHOR_ID`,`TOPIC_ID`,`ID`),
  KEY `IX_FORUM_MESSAGE_AUTHOR_FORUM_ID` (`AUTHOR_ID`,`FORUM_ID`,`ID`,`APPROVED`,`TOPIC_ID`)
) ENGINE=InnoDB DEFAULT CHARSET=utf8 COLLATE=utf8_unicode_ci;
/*!40101 SET character_set_client = @saved_cs_client */;

--
-- Dumping data for table `b_forum_message`
--

LOCK TABLES `b_forum_message` WRITE;
/*!40000 ALTER TABLE `b_forum_message` DISABLE KEYS */;
/*!40000 ALTER TABLE `b_forum_message` ENABLE KEYS */;
UNLOCK TABLES;

--
-- Table structure for table `b_forum_perms`
--

DROP TABLE IF EXISTS `b_forum_perms`;
/*!40101 SET @saved_cs_client     = @@character_set_client */;
/*!40101 SET character_set_client = utf8 */;
CREATE TABLE `b_forum_perms` (
  `ID` int(11) NOT NULL AUTO_INCREMENT,
  `FORUM_ID` int(11) NOT NULL,
  `GROUP_ID` int(11) NOT NULL,
  `PERMISSION` char(1) COLLATE utf8_unicode_ci NOT NULL DEFAULT 'M',
  PRIMARY KEY (`ID`),
  KEY `IX_FORUM_PERMS_FORUM` (`FORUM_ID`,`GROUP_ID`),
  KEY `IX_FORUM_PERMS_GROUP` (`GROUP_ID`)
) ENGINE=InnoDB DEFAULT CHARSET=utf8 COLLATE=utf8_unicode_ci;
/*!40101 SET character_set_client = @saved_cs_client */;

--
-- Dumping data for table `b_forum_perms`
--

LOCK TABLES `b_forum_perms` WRITE;
/*!40000 ALTER TABLE `b_forum_perms` DISABLE KEYS */;
/*!40000 ALTER TABLE `b_forum_perms` ENABLE KEYS */;
UNLOCK TABLES;

--
-- Table structure for table `b_forum_pm_folder`
--

DROP TABLE IF EXISTS `b_forum_pm_folder`;
/*!40101 SET @saved_cs_client     = @@character_set_client */;
/*!40101 SET character_set_client = utf8 */;
CREATE TABLE `b_forum_pm_folder` (
  `ID` int(11) NOT NULL AUTO_INCREMENT,
  `TITLE` varchar(255) COLLATE utf8_unicode_ci NOT NULL,
  `USER_ID` int(11) NOT NULL,
  `SORT` int(11) NOT NULL,
  PRIMARY KEY (`ID`),
  KEY `IX_B_FORUM_PM_FOLDER_USER_IST` (`USER_ID`,`ID`,`SORT`,`TITLE`)
) ENGINE=InnoDB AUTO_INCREMENT=5 DEFAULT CHARSET=utf8 COLLATE=utf8_unicode_ci;
/*!40101 SET character_set_client = @saved_cs_client */;

--
-- Dumping data for table `b_forum_pm_folder`
--

LOCK TABLES `b_forum_pm_folder` WRITE;
/*!40000 ALTER TABLE `b_forum_pm_folder` DISABLE KEYS */;
INSERT INTO `b_forum_pm_folder` VALUES (1,'SYSTEM_FOLDER_1',0,0),(2,'SYSTEM_FOLDER_2',0,0),(3,'SYSTEM_FOLDER_3',0,0),(4,'SYSTEM_FOLDER_4',0,0);
/*!40000 ALTER TABLE `b_forum_pm_folder` ENABLE KEYS */;
UNLOCK TABLES;

--
-- Table structure for table `b_forum_points`
--

DROP TABLE IF EXISTS `b_forum_points`;
/*!40101 SET @saved_cs_client     = @@character_set_client */;
/*!40101 SET character_set_client = utf8 */;
CREATE TABLE `b_forum_points` (
  `ID` int(11) NOT NULL AUTO_INCREMENT,
  `MIN_POINTS` int(11) NOT NULL,
  `CODE` varchar(100) COLLATE utf8_unicode_ci DEFAULT NULL,
  `VOTES` int(11) NOT NULL,
  PRIMARY KEY (`ID`),
  UNIQUE KEY `UX_FORUM_P_MP` (`MIN_POINTS`)
) ENGINE=InnoDB DEFAULT CHARSET=utf8 COLLATE=utf8_unicode_ci;
/*!40101 SET character_set_client = @saved_cs_client */;

--
-- Dumping data for table `b_forum_points`
--

LOCK TABLES `b_forum_points` WRITE;
/*!40000 ALTER TABLE `b_forum_points` DISABLE KEYS */;
/*!40000 ALTER TABLE `b_forum_points` ENABLE KEYS */;
UNLOCK TABLES;

--
-- Table structure for table `b_forum_points2post`
--

DROP TABLE IF EXISTS `b_forum_points2post`;
/*!40101 SET @saved_cs_client     = @@character_set_client */;
/*!40101 SET character_set_client = utf8 */;
CREATE TABLE `b_forum_points2post` (
  `ID` int(11) NOT NULL AUTO_INCREMENT,
  `MIN_NUM_POSTS` int(11) NOT NULL,
  `POINTS_PER_POST` decimal(18,4) NOT NULL DEFAULT '0.0000',
  PRIMARY KEY (`ID`),
  UNIQUE KEY `UX_FORUM_P2P_MNP` (`MIN_NUM_POSTS`)
) ENGINE=InnoDB DEFAULT CHARSET=utf8 COLLATE=utf8_unicode_ci;
/*!40101 SET character_set_client = @saved_cs_client */;

--
-- Dumping data for table `b_forum_points2post`
--

LOCK TABLES `b_forum_points2post` WRITE;
/*!40000 ALTER TABLE `b_forum_points2post` DISABLE KEYS */;
/*!40000 ALTER TABLE `b_forum_points2post` ENABLE KEYS */;
UNLOCK TABLES;

--
-- Table structure for table `b_forum_points_lang`
--

DROP TABLE IF EXISTS `b_forum_points_lang`;
/*!40101 SET @saved_cs_client     = @@character_set_client */;
/*!40101 SET character_set_client = utf8 */;
CREATE TABLE `b_forum_points_lang` (
  `POINTS_ID` int(11) NOT NULL,
  `LID` char(2) COLLATE utf8_unicode_ci NOT NULL,
  `NAME` varchar(250) COLLATE utf8_unicode_ci DEFAULT NULL,
  PRIMARY KEY (`POINTS_ID`,`LID`)
) ENGINE=InnoDB DEFAULT CHARSET=utf8 COLLATE=utf8_unicode_ci;
/*!40101 SET character_set_client = @saved_cs_client */;

--
-- Dumping data for table `b_forum_points_lang`
--

LOCK TABLES `b_forum_points_lang` WRITE;
/*!40000 ALTER TABLE `b_forum_points_lang` DISABLE KEYS */;
/*!40000 ALTER TABLE `b_forum_points_lang` ENABLE KEYS */;
UNLOCK TABLES;

--
-- Table structure for table `b_forum_private_message`
--

DROP TABLE IF EXISTS `b_forum_private_message`;
/*!40101 SET @saved_cs_client     = @@character_set_client */;
/*!40101 SET character_set_client = utf8 */;
CREATE TABLE `b_forum_private_message` (
  `ID` bigint(10) NOT NULL AUTO_INCREMENT,
  `AUTHOR_ID` int(11) DEFAULT '0',
  `RECIPIENT_ID` int(11) DEFAULT '0',
  `POST_DATE` datetime DEFAULT NULL,
  `POST_SUBJ` varchar(255) COLLATE utf8_unicode_ci DEFAULT NULL,
  `POST_MESSAGE` text COLLATE utf8_unicode_ci NOT NULL,
  `USER_ID` int(11) NOT NULL,
  `FOLDER_ID` int(11) NOT NULL,
  `IS_READ` char(1) COLLATE utf8_unicode_ci DEFAULT NULL,
  `REQUEST_IS_READ` char(1) COLLATE utf8_unicode_ci DEFAULT NULL,
  `USE_SMILES` char(1) COLLATE utf8_unicode_ci DEFAULT NULL,
  PRIMARY KEY (`ID`),
  KEY `IX_B_FORUM_PM_USER` (`USER_ID`),
  KEY `IX_B_FORUM_PM_AFR` (`AUTHOR_ID`,`FOLDER_ID`,`IS_READ`),
  KEY `IX_B_FORUM_PM_UFP` (`USER_ID`,`FOLDER_ID`,`POST_DATE`),
  KEY `IX_B_FORUM_PM_POST_DATE` (`POST_DATE`)
) ENGINE=InnoDB DEFAULT CHARSET=utf8 COLLATE=utf8_unicode_ci;
/*!40101 SET character_set_client = @saved_cs_client */;

--
-- Dumping data for table `b_forum_private_message`
--

LOCK TABLES `b_forum_private_message` WRITE;
/*!40000 ALTER TABLE `b_forum_private_message` DISABLE KEYS */;
/*!40000 ALTER TABLE `b_forum_private_message` ENABLE KEYS */;
UNLOCK TABLES;

--
-- Table structure for table `b_forum_rank`
--

DROP TABLE IF EXISTS `b_forum_rank`;
/*!40101 SET @saved_cs_client     = @@character_set_client */;
/*!40101 SET character_set_client = utf8 */;
CREATE TABLE `b_forum_rank` (
  `ID` int(11) NOT NULL AUTO_INCREMENT,
  `CODE` varchar(100) COLLATE utf8_unicode_ci DEFAULT NULL,
  `MIN_NUM_POSTS` int(11) NOT NULL DEFAULT '0',
  PRIMARY KEY (`ID`)
) ENGINE=InnoDB DEFAULT CHARSET=utf8 COLLATE=utf8_unicode_ci;
/*!40101 SET character_set_client = @saved_cs_client */;

--
-- Dumping data for table `b_forum_rank`
--

LOCK TABLES `b_forum_rank` WRITE;
/*!40000 ALTER TABLE `b_forum_rank` DISABLE KEYS */;
/*!40000 ALTER TABLE `b_forum_rank` ENABLE KEYS */;
UNLOCK TABLES;

--
-- Table structure for table `b_forum_rank_lang`
--

DROP TABLE IF EXISTS `b_forum_rank_lang`;
/*!40101 SET @saved_cs_client     = @@character_set_client */;
/*!40101 SET character_set_client = utf8 */;
CREATE TABLE `b_forum_rank_lang` (
  `ID` int(11) NOT NULL AUTO_INCREMENT,
  `RANK_ID` int(11) NOT NULL,
  `LID` char(2) COLLATE utf8_unicode_ci NOT NULL,
  `NAME` varchar(100) COLLATE utf8_unicode_ci NOT NULL,
  PRIMARY KEY (`ID`),
  UNIQUE KEY `UX_FORUM_RANK` (`RANK_ID`,`LID`)
) ENGINE=InnoDB DEFAULT CHARSET=utf8 COLLATE=utf8_unicode_ci;
/*!40101 SET character_set_client = @saved_cs_client */;

--
-- Dumping data for table `b_forum_rank_lang`
--

LOCK TABLES `b_forum_rank_lang` WRITE;
/*!40000 ALTER TABLE `b_forum_rank_lang` DISABLE KEYS */;
/*!40000 ALTER TABLE `b_forum_rank_lang` ENABLE KEYS */;
UNLOCK TABLES;

--
-- Table structure for table `b_forum_stat`
--

DROP TABLE IF EXISTS `b_forum_stat`;
/*!40101 SET @saved_cs_client     = @@character_set_client */;
/*!40101 SET character_set_client = utf8 */;
CREATE TABLE `b_forum_stat` (
  `ID` bigint(20) NOT NULL AUTO_INCREMENT,
  `USER_ID` int(10) DEFAULT NULL,
  `IP_ADDRESS` varchar(128) COLLATE utf8_unicode_ci DEFAULT NULL,
  `PHPSESSID` varchar(255) COLLATE utf8_unicode_ci DEFAULT NULL,
  `LAST_VISIT` datetime DEFAULT NULL,
  `SITE_ID` char(2) COLLATE utf8_unicode_ci DEFAULT NULL,
  `FORUM_ID` smallint(5) NOT NULL DEFAULT '0',
  `TOPIC_ID` int(10) DEFAULT NULL,
  `SHOW_NAME` varchar(101) COLLATE utf8_unicode_ci DEFAULT NULL,
  PRIMARY KEY (`ID`),
  KEY `IX_B_FORUM_STAT_SITE_ID` (`SITE_ID`,`LAST_VISIT`),
  KEY `IX_B_FORUM_STAT_TOPIC_ID` (`TOPIC_ID`,`LAST_VISIT`),
  KEY `IX_B_FORUM_STAT_FORUM_ID` (`FORUM_ID`,`LAST_VISIT`),
  KEY `IX_B_FORUM_STAT_PHPSESSID` (`PHPSESSID`)
) ENGINE=InnoDB DEFAULT CHARSET=utf8 COLLATE=utf8_unicode_ci;
/*!40101 SET character_set_client = @saved_cs_client */;

--
-- Dumping data for table `b_forum_stat`
--

LOCK TABLES `b_forum_stat` WRITE;
/*!40000 ALTER TABLE `b_forum_stat` DISABLE KEYS */;
/*!40000 ALTER TABLE `b_forum_stat` ENABLE KEYS */;
UNLOCK TABLES;

--
-- Table structure for table `b_forum_subscribe`
--

DROP TABLE IF EXISTS `b_forum_subscribe`;
/*!40101 SET @saved_cs_client     = @@character_set_client */;
/*!40101 SET character_set_client = utf8 */;
CREATE TABLE `b_forum_subscribe` (
  `ID` int(10) NOT NULL AUTO_INCREMENT,
  `USER_ID` int(10) NOT NULL,
  `FORUM_ID` int(10) NOT NULL,
  `TOPIC_ID` int(10) DEFAULT NULL,
  `START_DATE` datetime NOT NULL,
  `LAST_SEND` int(10) DEFAULT NULL,
  `NEW_TOPIC_ONLY` char(50) COLLATE utf8_unicode_ci NOT NULL DEFAULT 'N',
  `SITE_ID` char(2) COLLATE utf8_unicode_ci NOT NULL DEFAULT 'ru',
  `SOCNET_GROUP_ID` int(11) DEFAULT NULL,
  PRIMARY KEY (`ID`),
  UNIQUE KEY `UX_FORUM_SUBSCRIBE_USER` (`USER_ID`,`FORUM_ID`,`TOPIC_ID`,`SOCNET_GROUP_ID`)
) ENGINE=InnoDB DEFAULT CHARSET=utf8 COLLATE=utf8_unicode_ci;
/*!40101 SET character_set_client = @saved_cs_client */;

--
-- Dumping data for table `b_forum_subscribe`
--

LOCK TABLES `b_forum_subscribe` WRITE;
/*!40000 ALTER TABLE `b_forum_subscribe` DISABLE KEYS */;
/*!40000 ALTER TABLE `b_forum_subscribe` ENABLE KEYS */;
UNLOCK TABLES;

--
-- Table structure for table `b_forum_topic`
--

DROP TABLE IF EXISTS `b_forum_topic`;
/*!40101 SET @saved_cs_client     = @@character_set_client */;
/*!40101 SET character_set_client = utf8 */;
CREATE TABLE `b_forum_topic` (
  `ID` bigint(20) NOT NULL AUTO_INCREMENT,
  `FORUM_ID` int(10) NOT NULL,
  `TOPIC_ID` bigint(20) DEFAULT NULL,
  `TITLE` varchar(255) COLLATE utf8_unicode_ci NOT NULL,
  `TITLE_SEO` varchar(255) COLLATE utf8_unicode_ci DEFAULT NULL,
  `TAGS` varchar(255) COLLATE utf8_unicode_ci DEFAULT NULL,
  `DESCRIPTION` varchar(255) COLLATE utf8_unicode_ci DEFAULT NULL,
  `ICON` varchar(255) COLLATE utf8_unicode_ci DEFAULT NULL,
  `STATE` char(1) COLLATE utf8_unicode_ci NOT NULL DEFAULT 'Y',
  `APPROVED` char(1) COLLATE utf8_unicode_ci NOT NULL DEFAULT 'Y',
  `SORT` int(10) NOT NULL DEFAULT '150',
  `VIEWS` int(10) NOT NULL DEFAULT '0',
  `USER_START_ID` int(10) DEFAULT NULL,
  `USER_START_NAME` varchar(255) COLLATE utf8_unicode_ci DEFAULT NULL,
  `START_DATE` datetime NOT NULL,
  `POSTS` int(10) NOT NULL DEFAULT '0',
  `LAST_POSTER_ID` int(10) DEFAULT NULL,
  `LAST_POSTER_NAME` varchar(255) COLLATE utf8_unicode_ci NOT NULL,
  `LAST_POST_DATE` datetime NOT NULL,
  `LAST_MESSAGE_ID` bigint(20) DEFAULT NULL,
  `POSTS_UNAPPROVED` int(11) DEFAULT '0',
  `ABS_LAST_POSTER_ID` int(10) DEFAULT NULL,
  `ABS_LAST_POSTER_NAME` varchar(255) COLLATE utf8_unicode_ci DEFAULT NULL,
  `ABS_LAST_POST_DATE` datetime DEFAULT NULL,
  `ABS_LAST_MESSAGE_ID` bigint(20) DEFAULT NULL,
  `XML_ID` varchar(255) COLLATE utf8_unicode_ci DEFAULT NULL,
  `HTML` text COLLATE utf8_unicode_ci,
  `SOCNET_GROUP_ID` int(10) DEFAULT NULL,
  `OWNER_ID` int(10) DEFAULT NULL,
  PRIMARY KEY (`ID`),
  KEY `IX_FORUM_TOPIC_FORUM` (`FORUM_ID`,`APPROVED`),
  KEY `IX_FORUM_TOPIC_APPROVED` (`APPROVED`),
  KEY `IX_FORUM_TOPIC_ABS_L_POST_DATE` (`ABS_LAST_POST_DATE`),
  KEY `IX_FORUM_TOPIC_LAST_POST_DATE` (`LAST_POST_DATE`),
  KEY `IX_FORUM_TOPIC_USER_START_ID` (`USER_START_ID`),
  KEY `IX_FORUM_TOPIC_DATE_USER_START_ID` (`START_DATE`,`USER_START_ID`),
  KEY `IX_FORUM_TOPIC_XML_ID` (`XML_ID`),
  KEY `IX_FORUM_TOPIC_TITLE_SEO` (`FORUM_ID`,`TITLE_SEO`),
  KEY `IX_FORUM_TOPIC_TITLE_SEO2` (`TITLE_SEO`)
) ENGINE=InnoDB DEFAULT CHARSET=utf8 COLLATE=utf8_unicode_ci;
/*!40101 SET character_set_client = @saved_cs_client */;

--
-- Dumping data for table `b_forum_topic`
--

LOCK TABLES `b_forum_topic` WRITE;
/*!40000 ALTER TABLE `b_forum_topic` DISABLE KEYS */;
/*!40000 ALTER TABLE `b_forum_topic` ENABLE KEYS */;
UNLOCK TABLES;

--
-- Table structure for table `b_forum_user`
--

DROP TABLE IF EXISTS `b_forum_user`;
/*!40101 SET @saved_cs_client     = @@character_set_client */;
/*!40101 SET character_set_client = utf8 */;
CREATE TABLE `b_forum_user` (
  `ID` bigint(10) NOT NULL AUTO_INCREMENT,
  `USER_ID` int(10) NOT NULL,
  `ALIAS` varchar(64) COLLATE utf8_unicode_ci DEFAULT NULL,
  `DESCRIPTION` varchar(255) COLLATE utf8_unicode_ci DEFAULT NULL,
  `IP_ADDRESS` varchar(128) COLLATE utf8_unicode_ci DEFAULT NULL,
  `AVATAR` int(10) DEFAULT NULL,
  `NUM_POSTS` int(10) DEFAULT '0',
  `INTERESTS` text COLLATE utf8_unicode_ci,
  `LAST_POST` int(10) DEFAULT NULL,
  `ALLOW_POST` char(1) COLLATE utf8_unicode_ci NOT NULL DEFAULT 'Y',
  `LAST_VISIT` datetime NOT NULL,
  `DATE_REG` date NOT NULL,
  `REAL_IP_ADDRESS` varchar(128) COLLATE utf8_unicode_ci DEFAULT NULL,
  `SIGNATURE` varchar(255) COLLATE utf8_unicode_ci DEFAULT NULL,
  `SHOW_NAME` char(1) COLLATE utf8_unicode_ci NOT NULL DEFAULT 'Y',
  `RANK_ID` int(11) DEFAULT NULL,
  `POINTS` int(11) NOT NULL DEFAULT '0',
  `HIDE_FROM_ONLINE` char(1) COLLATE utf8_unicode_ci NOT NULL DEFAULT 'N',
  `SUBSC_GROUP_MESSAGE` char(1) COLLATE utf8_unicode_ci NOT NULL DEFAULT 'N',
  `SUBSC_GET_MY_MESSAGE` char(1) COLLATE utf8_unicode_ci NOT NULL DEFAULT 'Y',
  PRIMARY KEY (`ID`),
  UNIQUE KEY `IX_FORUM_USER_USER6` (`USER_ID`)
) ENGINE=InnoDB AUTO_INCREMENT=6 DEFAULT CHARSET=utf8 COLLATE=utf8_unicode_ci;
/*!40101 SET character_set_client = @saved_cs_client */;

--
-- Dumping data for table `b_forum_user`
--

LOCK TABLES `b_forum_user` WRITE;
/*!40000 ALTER TABLE `b_forum_user` DISABLE KEYS */;
INSERT INTO `b_forum_user` VALUES (1,2,NULL,'',NULL,NULL,0,'',NULL,'Y','2018-04-16 09:26:21','2018-04-16',NULL,'','Y',NULL,0,'N','N','N'),(2,3,NULL,'',NULL,NULL,0,'',NULL,'Y','2018-04-16 10:20:36','2018-04-16',NULL,'','Y',NULL,0,'N','N','N'),(3,4,NULL,'',NULL,NULL,0,'',NULL,'Y','2018-04-16 10:21:00','2018-04-16',NULL,'','Y',NULL,0,'N','N','N'),(4,5,NULL,'',NULL,NULL,0,'',NULL,'Y','2018-04-16 10:21:21','2018-04-16',NULL,'','Y',NULL,0,'N','N','N'),(5,1,NULL,'',NULL,NULL,0,'',NULL,'Y','2018-04-16 10:24:32','2018-04-16',NULL,'','Y',NULL,0,'N','N','N');
/*!40000 ALTER TABLE `b_forum_user` ENABLE KEYS */;
UNLOCK TABLES;

--
-- Table structure for table `b_forum_user_forum`
--

DROP TABLE IF EXISTS `b_forum_user_forum`;
/*!40101 SET @saved_cs_client     = @@character_set_client */;
/*!40101 SET character_set_client = utf8 */;
CREATE TABLE `b_forum_user_forum` (
  `ID` int(11) NOT NULL AUTO_INCREMENT,
  `USER_ID` int(11) DEFAULT NULL,
  `FORUM_ID` int(11) DEFAULT NULL,
  `LAST_VISIT` datetime DEFAULT NULL,
  `MAIN_LAST_VISIT` datetime DEFAULT NULL,
  PRIMARY KEY (`ID`),
  KEY `IX_B_FORUM_USER_FORUM_ID1` (`USER_ID`,`FORUM_ID`)
) ENGINE=InnoDB DEFAULT CHARSET=utf8 COLLATE=utf8_unicode_ci;
/*!40101 SET character_set_client = @saved_cs_client */;

--
-- Dumping data for table `b_forum_user_forum`
--

LOCK TABLES `b_forum_user_forum` WRITE;
/*!40000 ALTER TABLE `b_forum_user_forum` DISABLE KEYS */;
/*!40000 ALTER TABLE `b_forum_user_forum` ENABLE KEYS */;
UNLOCK TABLES;

--
-- Table structure for table `b_forum_user_points`
--

DROP TABLE IF EXISTS `b_forum_user_points`;
/*!40101 SET @saved_cs_client     = @@character_set_client */;
/*!40101 SET character_set_client = utf8 */;
CREATE TABLE `b_forum_user_points` (
  `FROM_USER_ID` int(11) NOT NULL,
  `TO_USER_ID` int(11) NOT NULL,
  `POINTS` int(11) NOT NULL DEFAULT '0',
  `DATE_UPDATE` datetime DEFAULT NULL,
  PRIMARY KEY (`FROM_USER_ID`,`TO_USER_ID`),
  KEY `IX_B_FORUM_USER_POINTS_TO_USER` (`TO_USER_ID`)
) ENGINE=InnoDB DEFAULT CHARSET=utf8 COLLATE=utf8_unicode_ci;
/*!40101 SET character_set_client = @saved_cs_client */;

--
-- Dumping data for table `b_forum_user_points`
--

LOCK TABLES `b_forum_user_points` WRITE;
/*!40000 ALTER TABLE `b_forum_user_points` DISABLE KEYS */;
/*!40000 ALTER TABLE `b_forum_user_points` ENABLE KEYS */;
UNLOCK TABLES;

--
-- Table structure for table `b_forum_user_topic`
--

DROP TABLE IF EXISTS `b_forum_user_topic`;
/*!40101 SET @saved_cs_client     = @@character_set_client */;
/*!40101 SET character_set_client = utf8 */;
CREATE TABLE `b_forum_user_topic` (
  `ID` bigint(20) NOT NULL AUTO_INCREMENT,
  `TOPIC_ID` int(11) NOT NULL,
  `USER_ID` int(11) NOT NULL,
  `FORUM_ID` int(11) DEFAULT NULL,
  `LAST_VISIT` datetime DEFAULT NULL,
  PRIMARY KEY (`TOPIC_ID`,`USER_ID`),
  KEY `ID` (`ID`),
  KEY `IX_B_FORUM_USER_FORUM_ID2` (`USER_ID`,`FORUM_ID`,`TOPIC_ID`)
) ENGINE=InnoDB DEFAULT CHARSET=utf8 COLLATE=utf8_unicode_ci;
/*!40101 SET character_set_client = @saved_cs_client */;

--
-- Dumping data for table `b_forum_user_topic`
--

LOCK TABLES `b_forum_user_topic` WRITE;
/*!40000 ALTER TABLE `b_forum_user_topic` DISABLE KEYS */;
/*!40000 ALTER TABLE `b_forum_user_topic` ENABLE KEYS */;
UNLOCK TABLES;

--
-- Table structure for table `b_geoip_handlers`
--

DROP TABLE IF EXISTS `b_geoip_handlers`;
/*!40101 SET @saved_cs_client     = @@character_set_client */;
/*!40101 SET character_set_client = utf8 */;
CREATE TABLE `b_geoip_handlers` (
  `ID` int(11) NOT NULL AUTO_INCREMENT,
  `SORT` int(10) NOT NULL DEFAULT '100',
  `ACTIVE` char(1) COLLATE utf8_unicode_ci NOT NULL DEFAULT 'Y',
  `CLASS_NAME` varchar(255) COLLATE utf8_unicode_ci NOT NULL,
  `CONFIG` text COLLATE utf8_unicode_ci,
  PRIMARY KEY (`ID`)
) ENGINE=InnoDB AUTO_INCREMENT=3 DEFAULT CHARSET=utf8 COLLATE=utf8_unicode_ci;
/*!40101 SET character_set_client = @saved_cs_client */;

--
-- Dumping data for table `b_geoip_handlers`
--

LOCK TABLES `b_geoip_handlers` WRITE;
/*!40000 ALTER TABLE `b_geoip_handlers` DISABLE KEYS */;
INSERT INTO `b_geoip_handlers` VALUES (1,100,'N','\\Bitrix\\Main\\Service\\GeoIp\\MaxMind',NULL),(2,110,'Y','\\Bitrix\\Main\\Service\\GeoIp\\SypexGeo',NULL);
/*!40000 ALTER TABLE `b_geoip_handlers` ENABLE KEYS */;
UNLOCK TABLES;

--
-- Table structure for table `b_group`
--

DROP TABLE IF EXISTS `b_group`;
/*!40101 SET @saved_cs_client     = @@character_set_client */;
/*!40101 SET character_set_client = utf8 */;
CREATE TABLE `b_group` (
  `ID` int(18) NOT NULL AUTO_INCREMENT,
  `TIMESTAMP_X` timestamp NOT NULL DEFAULT CURRENT_TIMESTAMP ON UPDATE CURRENT_TIMESTAMP,
  `ACTIVE` char(1) COLLATE utf8_unicode_ci NOT NULL DEFAULT 'Y',
  `C_SORT` int(18) NOT NULL DEFAULT '100',
  `ANONYMOUS` char(1) COLLATE utf8_unicode_ci NOT NULL DEFAULT 'N',
  `NAME` varchar(255) COLLATE utf8_unicode_ci NOT NULL,
  `DESCRIPTION` varchar(255) COLLATE utf8_unicode_ci DEFAULT NULL,
  `SECURITY_POLICY` text COLLATE utf8_unicode_ci,
  `STRING_ID` varchar(255) COLLATE utf8_unicode_ci DEFAULT NULL,
  PRIMARY KEY (`ID`)
) ENGINE=InnoDB AUTO_INCREMENT=6 DEFAULT CHARSET=utf8 COLLATE=utf8_unicode_ci;
/*!40101 SET character_set_client = @saved_cs_client */;

--
-- Dumping data for table `b_group`
--

LOCK TABLES `b_group` WRITE;
/*!40000 ALTER TABLE `b_group` DISABLE KEYS */;
INSERT INTO `b_group` VALUES (1,'2018-04-13 13:07:49','Y',1,'N','','    .',NULL,NULL),(2,'2018-04-13 13:07:50','Y',2,'Y','  (   )',' ,  .',NULL,NULL),(3,'2018-04-13 13:07:50','Y',3,'N',',     ','     .',NULL,'RATING_VOTE'),(4,'2018-04-13 13:07:50','Y',4,'N','     ','     .',NULL,'RATING_VOTE_AUTHORITY'),(5,'2018-04-13 13:12:24','Y',300,'N','-',NULL,NULL,'content_editor');
/*!40000 ALTER TABLE `b_group` ENABLE KEYS */;
UNLOCK TABLES;

--
-- Table structure for table `b_group_collection_task`
--

DROP TABLE IF EXISTS `b_group_collection_task`;
/*!40101 SET @saved_cs_client     = @@character_set_client */;
/*!40101 SET character_set_client = utf8 */;
CREATE TABLE `b_group_collection_task` (
  `GROUP_ID` int(11) NOT NULL,
  `TASK_ID` int(11) NOT NULL,
  `COLLECTION_ID` int(11) NOT NULL,
  PRIMARY KEY (`GROUP_ID`,`TASK_ID`,`COLLECTION_ID`)
) ENGINE=InnoDB DEFAULT CHARSET=utf8 COLLATE=utf8_unicode_ci;
/*!40101 SET character_set_client = @saved_cs_client */;

--
-- Dumping data for table `b_group_collection_task`
--

LOCK TABLES `b_group_collection_task` WRITE;
/*!40000 ALTER TABLE `b_group_collection_task` DISABLE KEYS */;
/*!40000 ALTER TABLE `b_group_collection_task` ENABLE KEYS */;
UNLOCK TABLES;

--
-- Table structure for table `b_group_subordinate`
--

DROP TABLE IF EXISTS `b_group_subordinate`;
/*!40101 SET @saved_cs_client     = @@character_set_client */;
/*!40101 SET character_set_client = utf8 */;
CREATE TABLE `b_group_subordinate` (
  `ID` int(18) NOT NULL,
  `AR_SUBGROUP_ID` text COLLATE utf8_unicode_ci NOT NULL,
  PRIMARY KEY (`ID`)
) ENGINE=InnoDB DEFAULT CHARSET=utf8 COLLATE=utf8_unicode_ci;
/*!40101 SET character_set_client = @saved_cs_client */;

--
-- Dumping data for table `b_group_subordinate`
--

LOCK TABLES `b_group_subordinate` WRITE;
/*!40000 ALTER TABLE `b_group_subordinate` DISABLE KEYS */;
/*!40000 ALTER TABLE `b_group_subordinate` ENABLE KEYS */;
UNLOCK TABLES;

--
-- Table structure for table `b_group_task`
--

DROP TABLE IF EXISTS `b_group_task`;
/*!40101 SET @saved_cs_client     = @@character_set_client */;
/*!40101 SET character_set_client = utf8 */;
CREATE TABLE `b_group_task` (
  `GROUP_ID` int(18) NOT NULL,
  `TASK_ID` int(18) NOT NULL,
  `EXTERNAL_ID` varchar(50) COLLATE utf8_unicode_ci DEFAULT '',
  PRIMARY KEY (`GROUP_ID`,`TASK_ID`)
) ENGINE=InnoDB DEFAULT CHARSET=utf8 COLLATE=utf8_unicode_ci;
/*!40101 SET character_set_client = @saved_cs_client */;

--
-- Dumping data for table `b_group_task`
--

LOCK TABLES `b_group_task` WRITE;
/*!40000 ALTER TABLE `b_group_task` DISABLE KEYS */;
INSERT INTO `b_group_task` VALUES (5,22,''),(5,49,'');
/*!40000 ALTER TABLE `b_group_task` ENABLE KEYS */;
UNLOCK TABLES;

--
-- Table structure for table `b_hlblock_entity`
--

DROP TABLE IF EXISTS `b_hlblock_entity`;
/*!40101 SET @saved_cs_client     = @@character_set_client */;
/*!40101 SET character_set_client = utf8 */;
CREATE TABLE `b_hlblock_entity` (
  `ID` int(11) unsigned NOT NULL AUTO_INCREMENT,
  `NAME` varchar(100) COLLATE utf8_unicode_ci NOT NULL,
  `TABLE_NAME` varchar(64) COLLATE utf8_unicode_ci NOT NULL,
  PRIMARY KEY (`ID`)
) ENGINE=InnoDB DEFAULT CHARSET=utf8 COLLATE=utf8_unicode_ci;
/*!40101 SET character_set_client = @saved_cs_client */;

--
-- Dumping data for table `b_hlblock_entity`
--

LOCK TABLES `b_hlblock_entity` WRITE;
/*!40000 ALTER TABLE `b_hlblock_entity` DISABLE KEYS */;
/*!40000 ALTER TABLE `b_hlblock_entity` ENABLE KEYS */;
UNLOCK TABLES;

--
-- Table structure for table `b_hlblock_entity_lang`
--

DROP TABLE IF EXISTS `b_hlblock_entity_lang`;
/*!40101 SET @saved_cs_client     = @@character_set_client */;
/*!40101 SET character_set_client = utf8 */;
CREATE TABLE `b_hlblock_entity_lang` (
  `ID` int(11) unsigned NOT NULL,
  `LID` char(2) COLLATE utf8_unicode_ci NOT NULL,
  `NAME` varchar(100) COLLATE utf8_unicode_ci NOT NULL
) ENGINE=InnoDB DEFAULT CHARSET=utf8 COLLATE=utf8_unicode_ci;
/*!40101 SET character_set_client = @saved_cs_client */;

--
-- Dumping data for table `b_hlblock_entity_lang`
--

LOCK TABLES `b_hlblock_entity_lang` WRITE;
/*!40000 ALTER TABLE `b_hlblock_entity_lang` DISABLE KEYS */;
/*!40000 ALTER TABLE `b_hlblock_entity_lang` ENABLE KEYS */;
UNLOCK TABLES;

--
-- Table structure for table `b_hlblock_entity_rights`
--

DROP TABLE IF EXISTS `b_hlblock_entity_rights`;
/*!40101 SET @saved_cs_client     = @@character_set_client */;
/*!40101 SET character_set_client = utf8 */;
CREATE TABLE `b_hlblock_entity_rights` (
  `ID` int(11) unsigned NOT NULL AUTO_INCREMENT,
  `HL_ID` int(11) unsigned NOT NULL,
  `TASK_ID` int(11) unsigned NOT NULL,
  `ACCESS_CODE` varchar(50) COLLATE utf8_unicode_ci NOT NULL,
  PRIMARY KEY (`ID`)
) ENGINE=InnoDB DEFAULT CHARSET=utf8 COLLATE=utf8_unicode_ci;
/*!40101 SET character_set_client = @saved_cs_client */;

--
-- Dumping data for table `b_hlblock_entity_rights`
--

LOCK TABLES `b_hlblock_entity_rights` WRITE;
/*!40000 ALTER TABLE `b_hlblock_entity_rights` DISABLE KEYS */;
/*!40000 ALTER TABLE `b_hlblock_entity_rights` ENABLE KEYS */;
UNLOCK TABLES;

--
-- Table structure for table `b_hot_keys`
--

DROP TABLE IF EXISTS `b_hot_keys`;
/*!40101 SET @saved_cs_client     = @@character_set_client */;
/*!40101 SET character_set_client = utf8 */;
CREATE TABLE `b_hot_keys` (
  `ID` int(18) NOT NULL AUTO_INCREMENT,
  `KEYS_STRING` varchar(20) COLLATE utf8_unicode_ci NOT NULL,
  `CODE_ID` int(18) NOT NULL,
  `USER_ID` int(18) NOT NULL,
  PRIMARY KEY (`ID`),
  UNIQUE KEY `ix_b_hot_keys_co_u` (`CODE_ID`,`USER_ID`),
  KEY `ix_hot_keys_code` (`CODE_ID`),
  KEY `ix_hot_keys_user` (`USER_ID`)
) ENGINE=InnoDB AUTO_INCREMENT=37 DEFAULT CHARSET=utf8 COLLATE=utf8_unicode_ci;
/*!40101 SET character_set_client = @saved_cs_client */;

--
-- Dumping data for table `b_hot_keys`
--

LOCK TABLES `b_hot_keys` WRITE;
/*!40000 ALTER TABLE `b_hot_keys` DISABLE KEYS */;
INSERT INTO `b_hot_keys` VALUES (1,'Ctrl+Alt+85',139,0),(2,'Ctrl+Alt+80',17,0),(3,'Ctrl+Alt+70',120,0),(4,'Ctrl+Alt+68',117,0),(5,'Ctrl+Alt+81',3,0),(6,'Ctrl+Alt+75',106,0),(7,'Ctrl+Alt+79',133,0),(8,'Ctrl+Alt+70',121,0),(9,'Ctrl+Alt+69',118,0),(10,'Ctrl+Shift+83',87,0),(11,'Ctrl+Shift+88',88,0),(12,'Ctrl+Shift+76',89,0),(13,'Ctrl+Alt+85',139,1),(14,'Ctrl+Alt+80',17,1),(15,'Ctrl+Alt+70',120,1),(16,'Ctrl+Alt+68',117,1),(17,'Ctrl+Alt+81',3,1),(18,'Ctrl+Alt+75',106,1),(19,'Ctrl+Alt+79',133,1),(20,'Ctrl+Alt+70',121,1),(21,'Ctrl+Alt+69',118,1),(22,'Ctrl+Shift+83',87,1),(23,'Ctrl+Shift+88',88,1),(24,'Ctrl+Shift+76',89,1),(25,'Ctrl+Alt+85',139,2),(26,'Ctrl+Alt+80',17,2),(27,'Ctrl+Alt+70',120,2),(28,'Ctrl+Alt+68',117,2),(29,'Ctrl+Alt+81',3,2),(30,'Ctrl+Alt+75',106,2),(31,'Ctrl+Alt+79',133,2),(32,'Ctrl+Alt+70',121,2),(33,'Ctrl+Alt+69',118,2),(34,'Ctrl+Shift+83',87,2),(35,'Ctrl+Shift+88',88,2),(36,'Ctrl+Shift+76',89,2);
/*!40000 ALTER TABLE `b_hot_keys` ENABLE KEYS */;
UNLOCK TABLES;

--
-- Table structure for table `b_hot_keys_code`
--

DROP TABLE IF EXISTS `b_hot_keys_code`;
/*!40101 SET @saved_cs_client     = @@character_set_client */;
/*!40101 SET character_set_client = utf8 */;
CREATE TABLE `b_hot_keys_code` (
  `ID` int(18) NOT NULL AUTO_INCREMENT,
  `CLASS_NAME` varchar(50) COLLATE utf8_unicode_ci DEFAULT NULL,
  `CODE` varchar(255) COLLATE utf8_unicode_ci DEFAULT NULL,
  `NAME` varchar(255) COLLATE utf8_unicode_ci DEFAULT NULL,
  `COMMENTS` varchar(255) COLLATE utf8_unicode_ci DEFAULT NULL,
  `TITLE_OBJ` varchar(50) COLLATE utf8_unicode_ci DEFAULT NULL,
  `URL` varchar(255) COLLATE utf8_unicode_ci DEFAULT NULL,
  `IS_CUSTOM` tinyint(1) NOT NULL DEFAULT '1',
  PRIMARY KEY (`ID`),
  KEY `ix_hot_keys_code_cn` (`CLASS_NAME`),
  KEY `ix_hot_keys_code_url` (`URL`)
) ENGINE=InnoDB AUTO_INCREMENT=140 DEFAULT CHARSET=utf8 COLLATE=utf8_unicode_ci;
/*!40101 SET character_set_client = @saved_cs_client */;

--
-- Dumping data for table `b_hot_keys_code`
--

LOCK TABLES `b_hot_keys_code` WRITE;
/*!40000 ALTER TABLE `b_hot_keys_code` DISABLE KEYS */;
INSERT INTO `b_hot_keys_code` VALUES (3,'CAdminTabControl','NextTab();','HK_DB_CADMINTC','HK_DB_CADMINTC_C','tab-container','',0),(5,'btn_new','var d=BX (\'btn_new\'); if (d) location.href = d.href;','HK_DB_BUT_ADD','HK_DB_BUT_ADD_C','btn_new','',0),(6,'btn_excel','var d=BX(\'btn_excel\'); if (d) location.href = d.href;','HK_DB_BUT_EXL','HK_DB_BUT_EXL_C','btn_excel','',0),(7,'btn_settings','var d=BX(\'btn_settings\'); if (d) location.href = d.href;','HK_DB_BUT_OPT','HK_DB_BUT_OPT_C','btn_settings','',0),(8,'btn_list','var d=BX(\'btn_list\'); if (d) location.href = d.href;','HK_DB_BUT_LST','HK_DB_BUT_LST_C','btn_list','',0),(9,'Edit_Save_Button','var d=BX .findChild(document, {attribute: {\'name\': \'save\'}}, true );  if (d) d.click();','HK_DB_BUT_SAVE','HK_DB_BUT_SAVE_C','Edit_Save_Button','',0),(10,'btn_delete','var d=BX(\'btn_delete\'); if (d) location.href = d.href;','HK_DB_BUT_DEL','HK_DB_BUT_DEL_C','btn_delete','',0),(12,'CAdminFilter','var d=BX .findChild(document, {attribute: {\'name\': \'find\'}}, true ); if (d) d.focus();','HK_DB_FLT_FND','HK_DB_FLT_FND_C','find','',0),(13,'CAdminFilter','var d=BX .findChild(document, {attribute: {\'name\': \'set_filter\'}}, true );  if (d) d.click();','HK_DB_FLT_BUT_F','HK_DB_FLT_BUT_F_C','set_filter','',0),(14,'CAdminFilter','var d=BX .findChild(document, {attribute: {\'name\': \'del_filter\'}}, true );  if (d) d.click();','HK_DB_FLT_BUT_CNL','HK_DB_FLT_BUT_CNL_C','del_filter','',0),(15,'bx-panel-admin-button-help-icon-id','var d=BX(\'bx-panel-admin-button-help-icon-id\'); if (d) location.href = d.href;','HK_DB_BUT_HLP','HK_DB_BUT_HLP_C','bx-panel-admin-button-help-icon-id','',0),(17,'Global','BXHotKeys.ShowSettings();','HK_DB_SHW_L','HK_DB_SHW_L_C','bx-panel-hotkeys','',0),(19,'Edit_Apply_Button','var d=BX .findChild(document, {attribute: {\'name\': \'apply\'}}, true );  if (d) d.click();','HK_DB_BUT_APPL','HK_DB_BUT_APPL_C','Edit_Apply_Button','',0),(20,'Edit_Cancel_Button','var d=BX .findChild(document, {attribute: {\'name\': \'cancel\'}}, true );  if (d) d.click();','HK_DB_BUT_CANCEL','HK_DB_BUT_CANCEL_C','Edit_Cancel_Button','',0),(54,'top_panel_org_fav','','-=AUTONAME=-',NULL,'top_panel_org_fav',NULL,0),(55,'top_panel_module_settings','','-=AUTONAME=-',NULL,'top_panel_module_settings','',0),(56,'top_panel_interface_settings','','-=AUTONAME=-',NULL,'top_panel_interface_settings','',0),(57,'top_panel_help','','-=AUTONAME=-',NULL,'top_panel_help','',0),(58,'top_panel_bizproc_tasks','','-=AUTONAME=-',NULL,'top_panel_bizproc_tasks','',0),(59,'top_panel_add_fav','','-=AUTONAME=-',NULL,'top_panel_add_fav',NULL,0),(60,'top_panel_create_page','','-=AUTONAME=-',NULL,'top_panel_create_page','',0),(62,'top_panel_create_folder','','-=AUTONAME=-',NULL,'top_panel_create_folder','',0),(63,'top_panel_edit_page','','-=AUTONAME=-',NULL,'top_panel_edit_page','',0),(64,'top_panel_page_prop','','-=AUTONAME=-',NULL,'top_panel_page_prop','',0),(65,'top_panel_edit_page_html','','-=AUTONAME=-',NULL,'top_panel_edit_page_html','',0),(67,'top_panel_edit_page_php','','-=AUTONAME=-',NULL,'top_panel_edit_page_php','',0),(68,'top_panel_del_page','','-=AUTONAME=-',NULL,'top_panel_del_page','',0),(69,'top_panel_folder_prop','','-=AUTONAME=-',NULL,'top_panel_folder_prop','',0),(70,'top_panel_access_folder_new','','-=AUTONAME=-',NULL,'top_panel_access_folder_new','',0),(71,'main_top_panel_struct_panel','','-=AUTONAME=-',NULL,'main_top_panel_struct_panel','',0),(72,'top_panel_cache_page','','-=AUTONAME=-',NULL,'top_panel_cache_page','',0),(73,'top_panel_cache_comp','','-=AUTONAME=-',NULL,'top_panel_cache_comp','',0),(74,'top_panel_cache_not','','-=AUTONAME=-',NULL,'top_panel_cache_not','',0),(75,'top_panel_edit_mode','','-=AUTONAME=-',NULL,'top_panel_edit_mode','',0),(76,'top_panel_templ_site_css','','-=AUTONAME=-',NULL,'top_panel_templ_site_css','',0),(77,'top_panel_templ_templ_css','','-=AUTONAME=-',NULL,'top_panel_templ_templ_css','',0),(78,'top_panel_templ_site','','-=AUTONAME=-',NULL,'top_panel_templ_site','',0),(81,'top_panel_debug_time','','-=AUTONAME=-',NULL,'top_panel_debug_time','',0),(82,'top_panel_debug_incl','','-=AUTONAME=-',NULL,'top_panel_debug_incl','',0),(83,'top_panel_debug_sql','','-=AUTONAME=-',NULL,'top_panel_debug_sql',NULL,0),(84,'top_panel_debug_compr','','-=AUTONAME=-',NULL,'top_panel_debug_compr','',0),(85,'MTP_SHORT_URI1','','-=AUTONAME=-',NULL,'MTP_SHORT_URI1','',0),(86,'MTP_SHORT_URI_LIST','','-=AUTONAME=-',NULL,'MTP_SHORT_URI_LIST','',0),(87,'FMST_PANEL_STICKER_ADD','','-=AUTONAME=-',NULL,'FMST_PANEL_STICKER_ADD','',0),(88,'FMST_PANEL_STICKERS_SHOW','','-=AUTONAME=-',NULL,'FMST_PANEL_STICKERS_SHOW','',0),(89,'FMST_PANEL_CUR_STICKER_LIST','','-=AUTONAME=-',NULL,'FMST_PANEL_CUR_STICKER_LIST','',0),(90,'FMST_PANEL_ALL_STICKER_LIST','','-=AUTONAME=-',NULL,'FMST_PANEL_ALL_STICKER_LIST','',0),(91,'top_panel_menu','var d=BX(\"bx-panel-menu\"); if (d) d.click();','-=AUTONAME=-',NULL,'bx-panel-menu','',0),(92,'top_panel_admin','var d=BX(\'bx-panel-admin-tab\'); if (d) location.href = d.href;','-=AUTONAME=-',NULL,'bx-panel-admin-tab','',0),(93,'admin_panel_site','var d=BX(\'bx-panel-view-tab\'); if (d) location.href = d.href;','-=AUTONAME=-',NULL,'bx-panel-view-tab','',0),(94,'admin_panel_admin','var d=BX(\'bx-panel-admin-tab\'); if (d) location.href = d.href;','-=AUTONAME=-',NULL,'bx-panel-admin-tab','',0),(96,'top_panel_folder_prop_new','','-=AUTONAME=-',NULL,'top_panel_folder_prop_new','',0),(97,'main_top_panel_structure','','-=AUTONAME=-',NULL,'main_top_panel_structure','',0),(98,'top_panel_clear_cache','','-=AUTONAME=-',NULL,'top_panel_clear_cache','',0),(99,'top_panel_templ','','-=AUTONAME=-',NULL,'top_panel_templ','',0),(100,'top_panel_debug','','-=AUTONAME=-',NULL,'top_panel_debug','',0),(101,'MTP_SHORT_URI','','-=AUTONAME=-',NULL,'MTP_SHORT_URI','',0),(102,'FMST_PANEL_STICKERS','','-=AUTONAME=-',NULL,'FMST_PANEL_STICKERS','',0),(103,'top_panel_settings','','-=AUTONAME=-',NULL,'top_panel_settings','',0),(104,'top_panel_fav','','-=AUTONAME=-',NULL,'top_panel_fav','',0),(106,'Global','location.href=\'/bitrix/admin/hot_keys_list.php?lang=ru\';','HK_DB_SHW_HK','','','',0),(107,'top_panel_edit_new','','-=AUTONAME=-',NULL,'top_panel_edit_new','',0),(108,'FLOW_PANEL_CREATE_WITH_WF','','-=AUTONAME=-',NULL,'FLOW_PANEL_CREATE_WITH_WF','',0),(109,'FLOW_PANEL_EDIT_WITH_WF','','-=AUTONAME=-',NULL,'FLOW_PANEL_EDIT_WITH_WF','',0),(110,'FLOW_PANEL_HISTORY','','-=AUTONAME=-',NULL,'FLOW_PANEL_HISTORY','',0),(111,'top_panel_create_new','','-=AUTONAME=-',NULL,'top_panel_create_new','',0),(112,'top_panel_create_folder_new','','-=AUTONAME=-',NULL,'top_panel_create_folder_new','',0),(116,'bx-panel-toggle','','-=AUTONAME=-',NULL,'bx-panel-toggle','',0),(117,'bx-panel-small-toggle','','-=AUTONAME=-',NULL,'bx-panel-small-toggle','',0),(118,'bx-panel-expander','var d=BX(\'bx-panel-expander\'); if (d) BX.fireEvent(d, \'click\');','-=AUTONAME=-',NULL,'bx-panel-expander','',0),(119,'bx-panel-hider','var d=BX(\'bx-panel-hider\'); if (d) d.click();','-=AUTONAME=-',NULL,'bx-panel-hider','',0),(120,'search-textbox-input','var d=BX(\'search-textbox-input\'); if (d) { d.click(); d.focus();}','-=AUTONAME=-','','search','',0),(121,'bx-search-input','var d=BX(\'bx-search-input\'); if (d) { d.click(); d.focus(); }','-=AUTONAME=-','','bx-search-input','',0),(133,'bx-panel-logout','var d=BX(\'bx-panel-logout\'); if (d) location.href = d.href;','-=AUTONAME=-','','bx-panel-logout','',0),(135,'CDialog','var d=BX(\'cancel\'); if (d) d.click();','HK_DB_D_CANCEL','','cancel','',0),(136,'CDialog','var d=BX(\'close\'); if (d) d.click();','HK_DB_D_CLOSE','','close','',0),(137,'CDialog','var d=BX(\'savebtn\'); if (d) d.click();','HK_DB_D_SAVE','','savebtn','',0),(138,'CDialog','var d=BX(\'btn_popup_save\'); if (d) d.click();','HK_DB_D_EDIT_SAVE','','btn_popup_save','',0),(139,'Global','location.href=\'/bitrix/admin/user_admin.php?lang=\'+phpVars.LANGUAGE_ID;','HK_DB_SHW_U','','','',0);
/*!40000 ALTER TABLE `b_hot_keys_code` ENABLE KEYS */;
UNLOCK TABLES;

--
-- Table structure for table `b_iblock`
--

DROP TABLE IF EXISTS `b_iblock`;
/*!40101 SET @saved_cs_client     = @@character_set_client */;
/*!40101 SET character_set_client = utf8 */;
CREATE TABLE `b_iblock` (
  `ID` int(11) NOT NULL AUTO_INCREMENT,
  `TIMESTAMP_X` timestamp NOT NULL DEFAULT CURRENT_TIMESTAMP ON UPDATE CURRENT_TIMESTAMP,
  `IBLOCK_TYPE_ID` varchar(50) COLLATE utf8_unicode_ci NOT NULL,
  `LID` char(2) COLLATE utf8_unicode_ci NOT NULL,
  `CODE` varchar(50) COLLATE utf8_unicode_ci DEFAULT NULL,
  `NAME` varchar(255) COLLATE utf8_unicode_ci NOT NULL,
  `ACTIVE` char(1) COLLATE utf8_unicode_ci NOT NULL DEFAULT 'Y',
  `SORT` int(11) NOT NULL DEFAULT '500',
  `LIST_PAGE_URL` varchar(255) COLLATE utf8_unicode_ci DEFAULT NULL,
  `DETAIL_PAGE_URL` varchar(255) COLLATE utf8_unicode_ci DEFAULT NULL,
  `SECTION_PAGE_URL` varchar(255) COLLATE utf8_unicode_ci DEFAULT NULL,
  `CANONICAL_PAGE_URL` varchar(255) COLLATE utf8_unicode_ci DEFAULT NULL,
  `PICTURE` int(18) DEFAULT NULL,
  `DESCRIPTION` text COLLATE utf8_unicode_ci,
  `DESCRIPTION_TYPE` char(4) COLLATE utf8_unicode_ci NOT NULL DEFAULT 'text',
  `RSS_TTL` int(11) NOT NULL DEFAULT '24',
  `RSS_ACTIVE` char(1) COLLATE utf8_unicode_ci NOT NULL DEFAULT 'Y',
  `RSS_FILE_ACTIVE` char(1) COLLATE utf8_unicode_ci NOT NULL DEFAULT 'N',
  `RSS_FILE_LIMIT` int(11) DEFAULT NULL,
  `RSS_FILE_DAYS` int(11) DEFAULT NULL,
  `RSS_YANDEX_ACTIVE` char(1) COLLATE utf8_unicode_ci NOT NULL DEFAULT 'N',
  `XML_ID` varchar(255) COLLATE utf8_unicode_ci DEFAULT NULL,
  `TMP_ID` varchar(40) COLLATE utf8_unicode_ci DEFAULT NULL,
  `INDEX_ELEMENT` char(1) COLLATE utf8_unicode_ci NOT NULL DEFAULT 'Y',
  `INDEX_SECTION` char(1) COLLATE utf8_unicode_ci NOT NULL DEFAULT 'N',
  `WORKFLOW` char(1) COLLATE utf8_unicode_ci NOT NULL DEFAULT 'Y',
  `BIZPROC` char(1) COLLATE utf8_unicode_ci NOT NULL DEFAULT 'N',
  `SECTION_CHOOSER` char(1) COLLATE utf8_unicode_ci DEFAULT NULL,
  `LIST_MODE` char(1) COLLATE utf8_unicode_ci DEFAULT NULL,
  `RIGHTS_MODE` char(1) COLLATE utf8_unicode_ci DEFAULT NULL,
  `SECTION_PROPERTY` char(1) COLLATE utf8_unicode_ci DEFAULT NULL,
  `PROPERTY_INDEX` char(1) COLLATE utf8_unicode_ci DEFAULT NULL,
  `VERSION` int(11) NOT NULL DEFAULT '1',
  `LAST_CONV_ELEMENT` int(11) NOT NULL DEFAULT '0',
  `SOCNET_GROUP_ID` int(18) DEFAULT NULL,
  `EDIT_FILE_BEFORE` varchar(255) COLLATE utf8_unicode_ci DEFAULT NULL,
  `EDIT_FILE_AFTER` varchar(255) COLLATE utf8_unicode_ci DEFAULT NULL,
  `SECTIONS_NAME` varchar(100) COLLATE utf8_unicode_ci DEFAULT NULL,
  `SECTION_NAME` varchar(100) COLLATE utf8_unicode_ci DEFAULT NULL,
  `ELEMENTS_NAME` varchar(100) COLLATE utf8_unicode_ci DEFAULT NULL,
  `ELEMENT_NAME` varchar(100) COLLATE utf8_unicode_ci DEFAULT NULL,
  PRIMARY KEY (`ID`),
  KEY `ix_iblock` (`IBLOCK_TYPE_ID`,`LID`,`ACTIVE`)
) ENGINE=InnoDB AUTO_INCREMENT=6 DEFAULT CHARSET=utf8 COLLATE=utf8_unicode_ci;
/*!40101 SET character_set_client = @saved_cs_client */;

--
-- Dumping data for table `b_iblock`
--

LOCK TABLES `b_iblock` WRITE;
/*!40000 ALTER TABLE `b_iblock` DISABLE KEYS */;
INSERT INTO `b_iblock` VALUES (1,'2018-04-16 11:58:26','news','s2','furniture_news_s1','','Y',500,'#SITE_DIR#/news/','#SITE_DIR#/news/#ID#/',NULL,'',NULL,'','text',24,'Y','N',0,0,'N','furniture_news_s1','87d29f61da058bc3d37a2eb4074acde3','Y','N','N','N','L','','S',NULL,NULL,1,0,NULL,'','','','','',''),(2,'2018-04-13 13:17:11','products','s1','furniture_products_s1','[s1] ','Y',500,'#SITE_DIR#/products/','#SITE_DIR#/products/#SECTION_ID#/#ID#/','#SITE_DIR#/products/#ID#/',NULL,NULL,NULL,'text',24,'Y','N',NULL,NULL,'N','furniture_products_s1','6b1ef9f017eab6f6e2d9e8d6ac17124a','Y','Y','N','N','L',NULL,'S',NULL,NULL,1,0,NULL,NULL,NULL,'','','',''),(3,'2018-04-13 13:17:30','products','s1','furniture_services_s1','[s1] ','Y',500,'#SITE_DIR#/services/','#SITE_DIR#/services/#ID#/',NULL,NULL,NULL,NULL,'text',24,'Y','N',NULL,NULL,'N','furniture_services_s1','4b7523542cba7c138a8aa83eac865458','Y','Y','N','N','L',NULL,'S',NULL,NULL,1,0,NULL,NULL,NULL,'','','',''),(4,'2018-04-13 13:17:52','vacancies','s1','furniture_vacancies_s1','','Y',500,'#SITE_DIR#/company/vacancies.php','#SITE_DIR#/company/vacancies.php##ID#',NULL,NULL,NULL,NULL,'text',24,'Y','N',NULL,NULL,'N','furniture_vacancies_s1','6d4d2881e93209c3924a99a30b297a15','Y','N','N','N','L',NULL,'S',NULL,NULL,1,0,NULL,NULL,NULL,'','','',''),(5,'2018-04-16 05:31:42','news','s1','','Canonical','Y',500,'#SITE_DIR#/news/index.php?ID=#IBLOCK_ID#','#SITE_DIR#/news/detail.php?ID=#ELEMENT_ID#',NULL,'',NULL,'','text',24,'N','N',10,7,'N',NULL,NULL,'Y','N','N','N','L','','S',NULL,NULL,1,0,NULL,'','',NULL,NULL,'','');
/*!40000 ALTER TABLE `b_iblock` ENABLE KEYS */;
UNLOCK TABLES;

--
-- Table structure for table `b_iblock_cache`
--

DROP TABLE IF EXISTS `b_iblock_cache`;
/*!40101 SET @saved_cs_client     = @@character_set_client */;
/*!40101 SET character_set_client = utf8 */;
CREATE TABLE `b_iblock_cache` (
  `CACHE_KEY` varchar(35) COLLATE utf8_unicode_ci NOT NULL,
  `CACHE` longtext COLLATE utf8_unicode_ci NOT NULL,
  `CACHE_DATE` datetime NOT NULL,
  PRIMARY KEY (`CACHE_KEY`)
) ENGINE=InnoDB DEFAULT CHARSET=utf8 COLLATE=utf8_unicode_ci;
/*!40101 SET character_set_client = @saved_cs_client */;

--
-- Dumping data for table `b_iblock_cache`
--

LOCK TABLES `b_iblock_cache` WRITE;
/*!40000 ALTER TABLE `b_iblock_cache` DISABLE KEYS */;
/*!40000 ALTER TABLE `b_iblock_cache` ENABLE KEYS */;
UNLOCK TABLES;

--
-- Table structure for table `b_iblock_element`
--

DROP TABLE IF EXISTS `b_iblock_element`;
/*!40101 SET @saved_cs_client     = @@character_set_client */;
/*!40101 SET character_set_client = utf8 */;
CREATE TABLE `b_iblock_element` (
  `ID` int(11) NOT NULL AUTO_INCREMENT,
  `TIMESTAMP_X` datetime DEFAULT NULL,
  `MODIFIED_BY` int(18) DEFAULT NULL,
  `DATE_CREATE` datetime DEFAULT NULL,
  `CREATED_BY` int(18) DEFAULT NULL,
  `IBLOCK_ID` int(11) NOT NULL DEFAULT '0',
  `IBLOCK_SECTION_ID` int(11) DEFAULT NULL,
  `ACTIVE` char(1) COLLATE utf8_unicode_ci NOT NULL DEFAULT 'Y',
  `ACTIVE_FROM` datetime DEFAULT NULL,
  `ACTIVE_TO` datetime DEFAULT NULL,
  `SORT` int(11) NOT NULL DEFAULT '500',
  `NAME` varchar(255) COLLATE utf8_unicode_ci NOT NULL,
  `PREVIEW_PICTURE` int(18) DEFAULT NULL,
  `PREVIEW_TEXT` text COLLATE utf8_unicode_ci,
  `PREVIEW_TEXT_TYPE` varchar(4) COLLATE utf8_unicode_ci NOT NULL DEFAULT 'text',
  `DETAIL_PICTURE` int(18) DEFAULT NULL,
  `DETAIL_TEXT` longtext COLLATE utf8_unicode_ci,
  `DETAIL_TEXT_TYPE` varchar(4) COLLATE utf8_unicode_ci NOT NULL DEFAULT 'text',
  `SEARCHABLE_CONTENT` text COLLATE utf8_unicode_ci,
  `WF_STATUS_ID` int(18) DEFAULT '1',
  `WF_PARENT_ELEMENT_ID` int(11) DEFAULT NULL,
  `WF_NEW` char(1) COLLATE utf8_unicode_ci DEFAULT NULL,
  `WF_LOCKED_BY` int(18) DEFAULT NULL,
  `WF_DATE_LOCK` datetime DEFAULT NULL,
  `WF_COMMENTS` text COLLATE utf8_unicode_ci,
  `IN_SECTIONS` char(1) COLLATE utf8_unicode_ci NOT NULL DEFAULT 'N',
  `XML_ID` varchar(255) COLLATE utf8_unicode_ci DEFAULT NULL,
  `CODE` varchar(255) COLLATE utf8_unicode_ci DEFAULT NULL,
  `TAGS` varchar(255) COLLATE utf8_unicode_ci DEFAULT NULL,
  `TMP_ID` varchar(40) COLLATE utf8_unicode_ci DEFAULT NULL,
  `WF_LAST_HISTORY_ID` int(11) DEFAULT NULL,
  `SHOW_COUNTER` int(18) DEFAULT NULL,
  `SHOW_COUNTER_START` datetime DEFAULT NULL,
  PRIMARY KEY (`ID`),
  KEY `ix_iblock_element_1` (`IBLOCK_ID`,`IBLOCK_SECTION_ID`),
  KEY `ix_iblock_element_4` (`IBLOCK_ID`,`XML_ID`,`WF_PARENT_ELEMENT_ID`),
  KEY `ix_iblock_element_3` (`WF_PARENT_ELEMENT_ID`),
  KEY `ix_iblock_element_code` (`IBLOCK_ID`,`CODE`)
) ENGINE=InnoDB AUTO_INCREMENT=37 DEFAULT CHARSET=utf8 COLLATE=utf8_unicode_ci;
/*!40101 SET character_set_client = @saved_cs_client */;

--
-- Dumping data for table `b_iblock_element`
--

LOCK TABLES `b_iblock_element` WRITE;
/*!40000 ALTER TABLE `b_iblock_element` DISABLE KEYS */;
INSERT INTO `b_iblock_element` VALUES (1,'2018-04-16 15:03:33',1,'2018-04-13 16:12:44',1,1,NULL,'Y','2010-05-25 00:00:00',NULL,500,'  ',NULL,' 20  23  2010   <strong>  </strong> &ndash;      .','html',NULL,'<p> 20  23  2010   <strong>  </strong> &ndash;      .      160   <em>, , , , ,  </em><em> </em>.      :&quot;  &quot;, &quot; &quot;, &quot;&quot;, &quot;&quot;  &quot;&quot;.        :<em>  </em>  <em>   </em>.\r\n \r\n \r\n \r\n  <br />\r\n\r\n \r\n \r\n </p>\r\n\r\n \r\n \r\n \r\n \r\n \r\n \r\n<p>     :</p>\r\n\r\n \r\n \r\n \r\n \r\n \r\n \r\n<ul>\r\n \r\n \r\n \r\n  <li>   ;</li>\r\n\r\n \r\n \r\n \r\n \r\n \r\n \r\n  <li>    ;</li>\r\n\r\n \r\n \r\n \r\n \r\n \r\n \r\n  <li> ;</li>\r\n\r\n \r\n \r\n \r\n \r\n \r\n \r\n  <li> ;</li>\r\n\r\n \r\n \r\n \r\n \r\n \r\n \r\n  <li>     .</li>\r\n\r\n \r\n \r\n </ul>\r\n\r\n \r\n \r\n \r\n \r\n \r\n \r\n<p>           , ,  ,      .\r\n \r\n \r\n  <br />\r\n\r\n \r\n \r\n </p>\r\n\r\n \r\n \r\n \r\n \r\n<p>      &quot;&quot;      .       -.            &quot;<strong> </strong>&quot;.              .\r\n \r\n \r\n  <br />\r\n\r\n \r\n <strong> </strong>        ,  ,    ,       .              <strong> </strong>.\r\n \r\n \r\n  <br />\r\n\r\n \r\n </p>\r\n\r\n<p><em>        12  2010 .</em></p>\r\n\r\n \r\n \r\n \r\n \r\n<ul>\r\n </ul>\r\n\r\n \r\n \r\n \r\n ','html','  \r\n 20  23  2010    \r\n  &NDASH;      .\r\n 20  23  2010    \r\n  &NDASH;      .      160   , , , , ,   .      :\"  \", \" \", \"\", \"\"  \"\".        :       . \r\n \r\n\r\n     : \r\n\r\n-    ; \r\n-     ; \r\n-  ; \r\n-  ; \r\n-      . \r\n\r\n     \r\n      , ,  ,      . \r\n \r\n\r\n     \r\n \"\"      .       -.            \" \".              . \r\n    \r\n     ,  ,    ,       .               . \r\n \r\n\r\n       \r\n 12  2010 .',1,NULL,NULL,NULL,NULL,NULL,'N','1','','','-384246935',NULL,1,'2018-04-16 09:06:06'),(2,'2018-04-16 15:03:33',1,'2018-04-13 16:12:50',1,1,NULL,'Y','2010-05-26 00:00:00',NULL,500,'   SALON DEL MOBILE',NULL,' 2010   Salon del Mobile       . ','html',NULL,' 2010   Salon del Mobile       .   Salon del Mobile               VIP-,       .       1 500    . ,         300 000  .       149 871 ..  2010          10- .','text','   SALON DEL MOBILE\r\n 2010   SALON DEL MOBILE   \r\n    .\r\n 2010   SALON DEL MOBILE       .   SALON DEL MOBILE               VIP-,       .       1 500    . ,         300 000  .       149 871 ..  2010          10- .',1,NULL,NULL,NULL,NULL,NULL,'N','8','','','373546319',NULL,2,'2018-04-16 09:05:42'),(3,'2018-04-16 15:03:33',1,'2018-04-13 16:12:53',1,1,NULL,'Y','2010-05-27 00:00:00',NULL,500,'   ',NULL,'     .        ,   ,    .               . ','html',NULL,'<b> </b>:         </br>\r\n                 RU2277566</br>\r\n              <h3> </h3>\r\n              <p>        ,   ,    .\r\n                            .     ,    ,    N-  .         . </p>\r\n\r\n              <p>         .\r\n                ,   ,     ,  ,   ,             2542,    -  ,     - 10%-       , ..:\r\n              </p>\r\n              <table cellspacing=\"10\">\r\n              <tr>\r\n              <td> </td><td>64,5-79,2</td>\r\n              </tr>	\r\n              <tr>\r\n              <td>10%-   </td><td>4,4-20,5</td>\r\n\r\n              </tr>\r\n              <tr>\r\n              <td>    </td><td>0,6-2,0</td>\r\n              </tr>\r\n              <tr>\r\n              <td>  2542</td><td>13,0-15,8</td>\r\n\r\n              </tr>	\r\n              </table>\r\n','html','   \r\n     \r\n.        ,   ,    .               .\r\n :    \r\n       RU2277566   \r\n\r\n     \r\n   ,   ,    .               .     ,    ,    N-  .         . \r\n\r\n     \r\n    .   ,   ,     ,  ,   ,             2542,    -  ,     - 10%-       , ..: \r\n   \r\n   64,5-79,2     \r\n 10%-       4,4-20,5 \r\n    \r\n    \r\n    0,6-2,0     \r\n  2542    13,0-15,8',1,NULL,NULL,NULL,NULL,NULL,'N','9','','','868533081',NULL,1,'2018-04-16 08:44:04'),(4,'2018-04-13 16:16:30',1,'2018-04-13 16:16:28',1,2,1,'Y',NULL,NULL,500,'',5,'<p>    ,    ,     .</p>','html',6,'        <p>    ,    ,     .</p>','html','\r\n    ,  \r\n  ,     .\r\n    ,  \r\n  ,     .',1,NULL,NULL,NULL,NULL,NULL,'Y','10','','','-782370160',NULL,NULL,NULL),(5,'2018-04-13 16:16:33',1,'2018-04-13 16:16:30',1,2,1,'Y',NULL,NULL,500,'',7,'        <p>      .    .\r\n                .</p>\r\n      ','html',8,'        <p>      .    .\r\n                .</p>\r\n      ','html','\r\n      . \r\n   .         .\r\n      . \r\n   .         .',1,NULL,NULL,NULL,NULL,NULL,'Y','11','','','-48879568',NULL,NULL,NULL),(6,'2018-04-13 16:16:35',1,'2018-04-13 16:16:33',1,2,2,'Y',NULL,NULL,500,'',9,'        <p>  ,    ,  . \r\n                  .         ,   .</p>\r\n      ','html',10,'          <p>  ,    ,  . \r\n                  .         ,   .</p>\r\n        ','html','\r\n  ,  \r\n  ,  .         .         ,   .\r\n  ,  \r\n  ,  .         .         ,   .',1,NULL,NULL,NULL,NULL,NULL,'Y','12','','','-2121649046',NULL,NULL,NULL),(7,'2018-04-13 16:16:37',1,'2018-04-13 16:16:35',1,2,2,'Y',NULL,NULL,500,'',11,'        \r\n          <p>       ,    \r\n            ,    . \r\n              .</p>\r\n      ','html',12,'          \r\n          <p>       ,    \r\n            ,    . \r\n              .</p>\r\n        ','html','\r\n     \r\n  ,      ,    .     .\r\n     \r\n  ,      ,    .     .',1,NULL,NULL,NULL,NULL,NULL,'Y','13','','','-256131656',NULL,NULL,NULL),(8,'2018-04-13 16:16:38',1,'2018-04-13 16:16:37',1,2,3,'Y',NULL,NULL,500,'',13,'        <p>  ,     , \r\n            .</p>\r\n      ','html',14,'        \r\n        <p>  ,     , \r\n            .</p>\r\n        \r\n      ','html','\r\n  ,  \r\n   ,     .\r\n  ,  \r\n   ,     .',1,NULL,NULL,NULL,NULL,NULL,'Y','14','','','1081715374',NULL,NULL,NULL),(9,'2018-04-13 16:16:40',1,'2018-04-13 16:16:39',1,2,1,'Y',NULL,NULL,500,'',15,'        <p>     .        .</p>\r\n      ','html',16,'        <p>     .        .</p>\r\n      ','html','\r\n     . \r\n       .\r\n     . \r\n       .',1,NULL,NULL,NULL,NULL,NULL,'Y','15','','','-1320392841',NULL,NULL,NULL),(10,'2018-04-13 16:16:41',1,'2018-04-13 16:16:40',1,2,1,'Y',NULL,NULL,500,'',17,'        <p>,  .  -  ,  , \r\n              . \r\n                    </p>\r\n      ','html',18,'        <p>,  .  -  ,  , \r\n              . \r\n                    </p>\r\n      ','html','\r\n,  .  -  \r\n,  ,       .             \r\n,  .  -  \r\n,  ,       .             ',1,NULL,NULL,NULL,NULL,NULL,'Y','16','','','1053250178',NULL,NULL,NULL),(11,'2018-04-13 16:16:42',1,'2018-04-13 16:16:41',1,2,1,'Y',NULL,NULL,500,'',19,'          <p> ,    ,  ,       . \r\n               ,         .</p>\r\n        ','html',20,'          <p> ,    ,  ,       . \r\n               ,         .</p>\r\n        ','html','\r\n ,    , \r\n ,       .      ,         .\r\n ,    , \r\n ,       .      ,         .',1,NULL,NULL,NULL,NULL,NULL,'Y','17','','','-106709740',NULL,NULL,NULL),(12,'2018-04-13 16:16:44',1,'2018-04-13 16:16:42',1,2,1,'Y',NULL,NULL,500,'',21,'        <p>      . \r\n                .</p>\r\n      ','html',22,'        <p>      . \r\n                .</p>\r\n      ','html','\r\n     \r\n .         .\r\n     \r\n .         .',1,NULL,NULL,NULL,NULL,NULL,'Y','18','','','-1053944437',NULL,NULL,NULL),(13,'2018-04-13 16:16:45',1,'2018-04-13 16:16:44',1,2,1,'Y',NULL,NULL,500,'',23,'          <p>   .      .      ,    .</p>\r\n        ','html',24,'          <p>   .      .      ,    .</p>\r\n        ','html','\r\n   .  \r\n    .      ,    .\r\n   .  \r\n    .      ,    .',1,NULL,NULL,NULL,NULL,NULL,'Y','19','','','273423738',NULL,NULL,NULL),(14,'2018-04-13 16:16:47',1,'2018-04-13 16:16:45',1,2,1,'Y',NULL,NULL,500,'',25,'        <p>           ,   . \r\n                  .</p>\r\n      ','html',26,'        <p>           ,   . \r\n                  .</p>\r\n      ','html','\r\n      \r\n     ,   .           .\r\n      \r\n     ,   .           .',1,NULL,NULL,NULL,NULL,NULL,'Y','20','','','-281088768',NULL,NULL,NULL),(15,'2018-04-13 16:16:49',1,'2018-04-13 16:16:47',1,2,2,'Y',NULL,NULL,500,'',27,'         <p>       , \r\n                ,     , \r\n                        . \r\n                       . \r\n                ,          , \r\n             .</p>\r\n        ','html',28,'          <p>       , \r\n                ,     , \r\n                        . \r\n                       . \r\n                ,          , \r\n             .</p>\r\n        ','html','\r\n    \r\n   ,       ,     ,               .              .       ,          ,    .\r\n    \r\n   ,       ,     ,               .              .       ,          ,    .',1,NULL,NULL,NULL,NULL,NULL,'Y','21','','','-1185689438',NULL,NULL,NULL),(16,'2018-04-13 16:16:52',1,'2018-04-13 16:16:49',1,2,2,'Y',NULL,NULL,500,'',29,'         <p>\r\n                     . \r\n               -         .</p><p>\r\n           <b></b>        ,     \r\n             .   , ,        \r\n              ,          .</p><p>\r\n           <b></b> -             .</p>\r\n        </p>\r\n      ','html',30,'            \r\n        <p>\r\n                     .      -         .</br>\r\n           <b></b>        ,        .   , ,            ,          .</br>\r\n           <b></b> -             .\r\n        </p>\r\n      ','html','\r\n       \r\n    .     -         .\r\n\r\n      \r\n   ,        .   , ,           ,          .\r\n\r\n  -     \r\n        .\r\n       \r\n    .     -         .          ,        .   , ,           ,          .   -             .',1,NULL,NULL,NULL,NULL,NULL,'Y','22','','','1945328005',NULL,NULL,NULL),(17,'2018-04-13 16:16:54',1,'2018-04-13 16:16:52',1,2,2,'Y',NULL,NULL,500,'',31,'        <p>\r\n            ,      ,   ,        ,  -  . -     ,     .\r\n                              .             ,        .\r\n        </p>\r\n      ','html',32,'        \r\n        <p>\r\n            ,      ,   ,        ,  -  . -     ,     .\r\n                              .             ,        .\r\n        </p>\r\n      ','html','\r\n  ,    \r\n  ,   ,        ,  -  . -     ,     .                     .             ,        .\r\n  ,    \r\n  ,   ,        ,  -  . -     ,     .                     .             ,        .',1,NULL,NULL,NULL,NULL,NULL,'Y','23','','','1523163777',NULL,NULL,NULL),(18,'2018-04-13 16:16:56',1,'2018-04-13 16:16:54',1,2,2,'Y',NULL,NULL,500,'',33,'        <p>     ,       . \r\n            ,        . \r\n              .  ,       \r\n           .</p>\r\n      ','html',34,'        \r\n        <p>     ,       . \r\n            ,        . \r\n              .  ,       \r\n           .</p>\r\n        \r\n      ','html','\r\n     , \r\n      .     ,        .       .  ,          .\r\n     , \r\n      .     ,        .       .  ,          .',1,NULL,NULL,NULL,NULL,NULL,'Y','24','','','-1927682590',NULL,NULL,NULL),(19,'2018-04-13 16:16:58',1,'2018-04-13 16:16:56',1,2,2,'Y',NULL,NULL,500,'',35,'        <p><b>  </b>          \r\n           .          ,  \r\n            ,      .</p> \r\n      ','html',36,'        \r\n        <p><b>  </b>          \r\n           .          ,  \r\n            ,      . \r\n              .         . \r\n           -   10   .</p>\r\n        \r\n      ','html','\r\n     \r\n           .          ,      ,      .\r\n     \r\n           .          ,      ,      .       .         .    -   10   .',1,NULL,NULL,NULL,NULL,NULL,'Y','25','','','-1836002422',NULL,NULL,NULL),(20,'2018-04-13 16:17:00',1,'2018-04-13 16:16:58',1,2,2,'Y',NULL,NULL,500,'',37,'        <p> ,       -     . \r\n             ,     .</p>\r\n      ','html',38,'        \r\n        <p> ,       -     . \r\n             ,     .</p>\r\n        \r\n      ','html','\r\n ,     \r\n  -     .      ,     .\r\n ,     \r\n  -     .      ,     .',1,NULL,NULL,NULL,NULL,NULL,'Y','26','','','1990779533',NULL,NULL,NULL),(21,'2018-04-13 16:17:02',1,'2018-04-13 16:17:00',1,2,3,'Y',NULL,NULL,500,'',39,'        <p>          . \r\n              ,     . \r\n                 .</p>\r\n      ','html',40,'&nbsp;&nbsp;&nbsp;&nbsp;&nbsp;&nbsp;&nbsp;&nbsp;<br />\n&nbsp;&nbsp;&nbsp;&nbsp;&nbsp;&nbsp;&nbsp;&nbsp;&lt;p&gt;          . <br />\n&nbsp;&nbsp;&nbsp;&nbsp;&nbsp;&nbsp;&nbsp;&nbsp;      ,     . <br />\n&nbsp;&nbsp;&nbsp;&nbsp;&nbsp;&nbsp;&nbsp;&nbsp;         .&lt;/p&gt;<br />\n&nbsp;&nbsp;&nbsp;&nbsp;&nbsp;&nbsp;&nbsp;&nbsp;<br />\n&nbsp;&nbsp;&nbsp;&nbsp;&nbsp;&nbsp;','html','\r\n       \r\n   .       ,     .          .\r\n&NBSP;&NBSP;&NBSP;&NBSP;&NBSP;&NBSP;&NBSP;&NBSP;\r\n&NBSP;&NBSP;&NBSP;&NBSP;&NBSP;&NBSP;&NBSP;&NBSP;&LT;P&GT;  \r\n        . \r\n&NBSP;&NBSP;&NBSP;&NBSP;&NBSP;&NBSP;&NBSP;&NBSP;  \r\n    ,     . \r\n&NBSP;&NBSP;&NBSP;&NBSP;&NBSP;&NBSP;&NBSP;&NBSP;  \r\n       .&LT;/P&GT;\r\n&NBSP;&NBSP;&NBSP;&NBSP;&NBSP;&NBSP;&NBSP;&NBSP;\r\n&NBSP;&NBSP;&NBSP;&NBSP;&NBSP;&NBSP;',1,NULL,NULL,NULL,NULL,NULL,'Y','27','','','964589627',NULL,NULL,NULL),(22,'2018-04-13 16:17:03',1,'2018-04-13 16:17:02',1,2,3,'Y',NULL,NULL,500,'',41,'        <p>            , \r\n           ,    .         \r\n            .</p>\r\n      ','html',42,'        \r\n        <p>            , \r\n           ,    .         \r\n            .</p>\r\n        \r\n      ','html','\r\n     \r\n       ,    ,    .             .\r\n     \r\n       ,    ,    .             .',1,NULL,NULL,NULL,NULL,NULL,'Y','28','','','-1151185156',NULL,NULL,NULL),(23,'2018-04-13 16:17:05',1,'2018-04-13 16:17:03',1,2,3,'Y',NULL,NULL,500,'',43,'        <p>      ,      \r\n             .          \r\n        .</p>\r\n      ','html',44,'        \r\n        <p>      ,      \r\n             .          \r\n        .</p>\r\n        \r\n      ','html','\r\n     \r\n ,           .          .\r\n     \r\n ,           .          .',1,NULL,NULL,NULL,NULL,NULL,'Y','29','','','589017098',NULL,NULL,NULL),(24,'2018-04-13 16:17:07',1,'2018-04-13 16:17:05',1,2,4,'Y',NULL,NULL,500,'',45,'        <p>         ,     . \r\n              -      ,     .     .</p>\r\n      ','html',46,'        \r\n        <p>         ,     . \r\n              -      ,     .     .</p>\r\n        \r\n      ','html','\r\n       \r\n  ,     .       -      ,     .     .\r\n       \r\n  ,     .       -      ,     .     .',1,NULL,NULL,NULL,NULL,NULL,'Y','30','','','-1288812514',NULL,NULL,NULL),(25,'2018-04-13 16:17:08',1,'2018-04-13 16:17:07',1,2,4,'Y',NULL,NULL,500,'',47,'        <p>           , \r\n               45  .       \r\n          ,          .</p>\r\n      ','html',48,'        \r\n        <p>           , \r\n               45  .       \r\n          ,          .</p>\r\n        \r\n      ','html','\r\n      \r\n     ,        45  .         ,          .\r\n      \r\n     ,        45  .         ,          .',1,NULL,NULL,NULL,NULL,NULL,'Y','31','','','858154825',NULL,NULL,NULL),(26,'2018-04-13 16:17:10',1,'2018-04-13 16:17:09',1,2,4,'Y',NULL,NULL,500,'',49,'        <p>,           \r\n          .          \r\n          .</p>\r\n      ','html',50,'        \r\n        <p>,           \r\n          .          \r\n          .</p>\r\n        \r\n      ','html','\r\n,       \r\n      .            .\r\n,       \r\n      .            .',1,NULL,NULL,NULL,NULL,NULL,'Y','32','','','-252178488',NULL,NULL,NULL),(27,'2018-04-13 16:17:11',1,'2018-04-13 16:17:10',1,2,4,'Y',NULL,NULL,500,' ',51,'        <p>            \r\n             .   ,      \r\n           -,  ,   .</p>\r\n      ','html',52,'        \r\n        <p>            \r\n             .   ,      \r\n           -,  ,   .</p>\r\n        \r\n      ','html',' \r\n      \r\n           .   ,         -,  ,   .\r\n      \r\n           .   ,         -,  ,   .',1,NULL,NULL,NULL,NULL,NULL,'Y','33','','','2001037389',NULL,NULL,NULL),(28,'2018-04-13 16:17:27',1,'2018-04-13 16:17:25',1,3,NULL,'Y',NULL,NULL,500,'  ',53,'      .','html',NULL,'        <p>         :     ,\r\n         , , ,  ,     .</p>\r\n        <p>          , ,    .\r\n                 ,    ,       \r\n           .       ,   .</p>\r\n        <p>  ,        ,     ,\r\n                .      \r\n          ,    ,  ,    .   \r\n                    .    \r\n            30%     .      .</p>\r\n        \r\n      ','html','  \r\n     \r\n .\r\n     \r\n    :     ,  , , ,  ,     . \r\n\r\n     \r\n     , ,    .          ,    ,           .       ,   . \r\n\r\n  ,    \r\n    ,     ,         .         ,    ,  ,    .                .         30%     .      .',1,NULL,NULL,NULL,NULL,NULL,'N','5','','','841280321',NULL,NULL,NULL),(29,'2018-04-13 16:17:29',1,'2018-04-13 16:17:28',1,3,NULL,'Y',NULL,NULL,500,' ',54,'       .','html',NULL,'        \r\n        <ul>\r\n          <li>       , ,    , ,    ,          .</li>\r\n          <li> -,      3D-:     ,       .</li>\r\n          <li>     .  ,       ,     ,     .</li>\r\n          <li>   .</li>\r\n          <li> -            .      ,  .</li>\r\n        </ul>\r\n        \r\n      ','html',' \r\n       \r\n.\r\n-    \r\n    , ,    , ,    ,          . \r\n-  -,   \r\n   3D-:     ,       . \r\n-     \r\n .  ,       ,     ,    . \r\n-    . \r\n-  -     \r\n       .      ,  .',1,NULL,NULL,NULL,NULL,NULL,'N','6','','','-1080381355',NULL,NULL,NULL),(30,'2018-04-13 16:17:47',1,'2018-04-13 16:17:46',1,4,NULL,'Y','2010-05-01 00:00:00',NULL,200,'- ()',NULL,'','html',NULL,'<b></b> 						 						 \r\n<p>  ,       ,   /   ,   </p>\r\n 						 						<b></b> 						 \r\n<p>    ,  - ,    .</p>\r\n 						 						<b></b> 						 \r\n<p>: 13500  + %    +     20000 , .     </p>\r\n ','html','- ()\r\n\r\n \r\n\r\n  ,   \r\n    ,   /   ,     \r\n\r\n    \r\n,  - ,    .  \r\n\r\n: 13500  + %    + \r\n    20000 , .     ',1,NULL,NULL,NULL,NULL,NULL,'N','2','','','1704140047',NULL,NULL,NULL),(31,'2018-04-13 16:17:49',1,'2018-04-13 16:17:47',1,4,NULL,'Y','2010-05-01 00:00:00',NULL,300,' ',NULL,'','html',NULL,'<b></b> 						 						 \r\n<p>        3                      .</p>\r\n 						 						<b></b> 						 \r\n<p>        -       .</p>\r\n 						 						<b></b> 						 \r\n<p>     .    5  2 (168 /) :  28000 + %   +     35000 </p>\r\n ','html',' \r\n\r\n \r\n\r\n    \r\n    3                      .  \r\n\r\n    \r\n    -       .  \r\n\r\n     .  \r\n  5  2 (168 /) :  28000 + %   +     35000 ',1,NULL,NULL,NULL,NULL,NULL,'N','3','','','192768702',NULL,NULL,NULL),(32,'2018-04-13 16:17:51',1,'2018-04-13 16:17:50',1,4,NULL,'Y','2010-05-01 00:00:00',NULL,400,'    ',NULL,'','html',NULL,'<b></b> 						 						 \r\n<p>., 22-45,   ,    ,    ( ), , , ,  ,  .</p>\r\n 						 						<b></b> 						 \r\n<p>        -             </p>\r\n 						 						<b></b> 						 \r\n<p>  5   ,   . ,  -, 37. :  10 800 . +  40%  ,  . .</p>\r\n ','html','    \r\n\r\n \r\n\r\n., 22-45,   ,  \r\n  ,    ( ), , , ,  ,  .  \r\n\r\n      \r\n  -               \r\n\r\n  5   ,   \r\n. ,  -, 37. :  10 800 . +  40%  ,  . .',1,NULL,NULL,NULL,NULL,NULL,'N','4','','','790068583',NULL,NULL,NULL),(33,'2018-04-16 08:32:35',1,'2018-04-16 08:32:35',1,5,NULL,'Y',NULL,NULL,500,'http://test.ru/test/',NULL,'','text',NULL,'','text','HTTP://TEST.RU/TEST/\r\n\r\n',1,NULL,NULL,NULL,NULL,NULL,'N','33','','','0',NULL,NULL,NULL),(34,'2018-04-16 10:40:02',1,'2018-04-16 10:35:41',1,1,NULL,'Y','2018-04-16 00:00:00',NULL,500,'  1',NULL,'','text',NULL,' ','text','  1\r\n\r\n ',1,NULL,NULL,NULL,NULL,NULL,'N','34','','','0',NULL,NULL,NULL),(35,'2018-04-16 10:40:02',1,'2018-04-16 10:35:51',1,1,NULL,'Y','2018-04-16 00:00:00',NULL,500,'  2',NULL,'','text',NULL,' ','text','  2\r\n\r\n ',1,NULL,NULL,NULL,NULL,NULL,'N','35','','','0',NULL,NULL,NULL),(36,'2018-04-16 10:40:02',1,'2018-04-16 10:35:59',1,1,NULL,'Y','2018-04-16 00:00:00',NULL,500,'  3',NULL,'','text',NULL,' ','text','  3\r\n\r\n ',1,NULL,NULL,NULL,NULL,NULL,'N','36','','','0',NULL,NULL,NULL);
/*!40000 ALTER TABLE `b_iblock_element` ENABLE KEYS */;
UNLOCK TABLES;

--
-- Table structure for table `b_iblock_element_iprop`
--

DROP TABLE IF EXISTS `b_iblock_element_iprop`;
/*!40101 SET @saved_cs_client     = @@character_set_client */;
/*!40101 SET character_set_client = utf8 */;
CREATE TABLE `b_iblock_element_iprop` (
  `IBLOCK_ID` int(11) NOT NULL,
  `SECTION_ID` int(11) NOT NULL,
  `ELEMENT_ID` int(11) NOT NULL,
  `IPROP_ID` int(11) NOT NULL,
  `VALUE` text COLLATE utf8_unicode_ci NOT NULL,
  PRIMARY KEY (`ELEMENT_ID`,`IPROP_ID`),
  KEY `ix_b_iblock_element_iprop_0` (`IPROP_ID`),
  KEY `ix_b_iblock_element_iprop_1` (`IBLOCK_ID`)
) ENGINE=InnoDB DEFAULT CHARSET=utf8 COLLATE=utf8_unicode_ci;
/*!40101 SET character_set_client = @saved_cs_client */;

--
-- Dumping data for table `b_iblock_element_iprop`
--

LOCK TABLES `b_iblock_element_iprop` WRITE;
/*!40000 ALTER TABLE `b_iblock_element_iprop` DISABLE KEYS */;
/*!40000 ALTER TABLE `b_iblock_element_iprop` ENABLE KEYS */;
UNLOCK TABLES;

--
-- Table structure for table `b_iblock_element_lock`
--

DROP TABLE IF EXISTS `b_iblock_element_lock`;
/*!40101 SET @saved_cs_client     = @@character_set_client */;
/*!40101 SET character_set_client = utf8 */;
CREATE TABLE `b_iblock_element_lock` (
  `IBLOCK_ELEMENT_ID` int(11) NOT NULL,
  `DATE_LOCK` datetime DEFAULT NULL,
  `LOCKED_BY` varchar(32) COLLATE utf8_unicode_ci DEFAULT NULL,
  PRIMARY KEY (`IBLOCK_ELEMENT_ID`)
) ENGINE=InnoDB DEFAULT CHARSET=utf8 COLLATE=utf8_unicode_ci;
/*!40101 SET character_set_client = @saved_cs_client */;

--
-- Dumping data for table `b_iblock_element_lock`
--

LOCK TABLES `b_iblock_element_lock` WRITE;
/*!40000 ALTER TABLE `b_iblock_element_lock` DISABLE KEYS */;
/*!40000 ALTER TABLE `b_iblock_element_lock` ENABLE KEYS */;
UNLOCK TABLES;

--
-- Table structure for table `b_iblock_element_property`
--

DROP TABLE IF EXISTS `b_iblock_element_property`;
/*!40101 SET @saved_cs_client     = @@character_set_client */;
/*!40101 SET character_set_client = utf8 */;
CREATE TABLE `b_iblock_element_property` (
  `ID` int(11) NOT NULL AUTO_INCREMENT,
  `IBLOCK_PROPERTY_ID` int(11) NOT NULL,
  `IBLOCK_ELEMENT_ID` int(11) NOT NULL,
  `VALUE` text COLLATE utf8_unicode_ci NOT NULL,
  `VALUE_TYPE` char(4) COLLATE utf8_unicode_ci NOT NULL DEFAULT 'text',
  `VALUE_ENUM` int(11) DEFAULT NULL,
  `VALUE_NUM` decimal(18,4) DEFAULT NULL,
  `DESCRIPTION` varchar(255) COLLATE utf8_unicode_ci DEFAULT NULL,
  PRIMARY KEY (`ID`),
  KEY `ix_iblock_element_property_1` (`IBLOCK_ELEMENT_ID`,`IBLOCK_PROPERTY_ID`),
  KEY `ix_iblock_element_property_2` (`IBLOCK_PROPERTY_ID`),
  KEY `ix_iblock_element_prop_enum` (`VALUE_ENUM`,`IBLOCK_PROPERTY_ID`),
  KEY `ix_iblock_element_prop_num` (`VALUE_NUM`,`IBLOCK_PROPERTY_ID`)
) ENGINE=InnoDB AUTO_INCREMENT=164 DEFAULT CHARSET=utf8 COLLATE=utf8_unicode_ci;
/*!40101 SET character_set_client = @saved_cs_client */;

--
-- Dumping data for table `b_iblock_element_property`
--

LOCK TABLES `b_iblock_element_property` WRITE;
/*!40000 ALTER TABLE `b_iblock_element_property` DISABLE KEYS */;
INSERT INTO `b_iblock_element_property` VALUES (1,2,4,'10000','text',NULL,10000.0000,''),(2,3,4,'2','text',2,NULL,NULL),(3,4,4,'195x95x125','text',NULL,195.0000,''),(4,6,4,'40324','text',NULL,40324.0000,''),(5,7,4,', ','text',NULL,0.0000,''),(6,8,4,'','text',NULL,0.0000,''),(7,2,5,'12000','text',NULL,12000.0000,''),(8,3,5,'2','text',2,NULL,NULL),(9,4,5,'175x95x115','text',NULL,175.0000,''),(10,6,5,'56830','text',NULL,56830.0000,''),(11,7,5,', ','text',NULL,0.0000,''),(12,8,5,'','text',NULL,0.0000,''),(13,1,6,'1','text',1,NULL,NULL),(14,2,6,'7899','text',NULL,7899.0000,''),(15,3,6,'2','text',2,NULL,NULL),(16,4,6,'54x49x120','text',NULL,54.0000,''),(17,6,6,'435245','text',NULL,435245.0000,''),(18,7,6,', ','text',NULL,0.0000,''),(19,8,6,'','text',NULL,0.0000,''),(20,2,7,'8999','text',NULL,8999.0000,''),(21,3,7,'2','text',2,NULL,NULL),(22,4,7,'66x60x36','text',NULL,66.0000,''),(23,6,7,'234523','text',NULL,234523.0000,''),(24,7,7,', ','text',NULL,0.0000,''),(25,8,7,'','text',NULL,0.0000,''),(26,2,8,'1500','text',NULL,1500.0000,''),(27,3,8,'2','text',2,NULL,NULL),(28,4,8,'51x43x85','text',NULL,51.0000,''),(29,6,8,'234011','text',NULL,234011.0000,''),(30,7,8,', ','text',NULL,0.0000,''),(31,8,8,'','text',NULL,0.0000,''),(32,1,9,'1','text',1,NULL,NULL),(33,2,9,'11899','text',NULL,11899.0000,''),(34,3,9,'2','text',2,NULL,NULL),(35,4,9,'155x90x95','text',NULL,155.0000,''),(36,6,9,'47539','text',NULL,47539.0000,''),(37,7,9,', ','text',NULL,0.0000,''),(38,8,9,'','text',NULL,0.0000,''),(39,2,10,'12500','text',NULL,12500.0000,''),(40,3,10,'2','text',2,NULL,NULL),(41,4,10,'165x90x115','text',NULL,165.0000,''),(42,6,10,'00549','text',NULL,549.0000,''),(43,7,10,', ','text',NULL,0.0000,''),(44,8,10,'','text',NULL,0.0000,''),(45,2,11,'8000','text',NULL,8000.0000,''),(46,3,11,'2','text',2,NULL,NULL),(47,4,11,'155x95x105','text',NULL,155.0000,''),(48,6,11,'98922','text',NULL,98922.0000,''),(49,7,11,', ','text',NULL,0.0000,''),(50,8,11,'','text',NULL,0.0000,''),(51,1,12,'1','text',1,NULL,NULL),(52,2,12,'10999','text',NULL,10999.0000,''),(53,3,12,'2','text',2,NULL,NULL),(54,4,12,'165x90x115','text',NULL,165.0000,''),(55,6,12,'64512','text',NULL,64512.0000,''),(56,7,12,', ','text',NULL,0.0000,''),(57,8,12,'','text',NULL,0.0000,''),(58,2,13,'9999','text',NULL,9999.0000,''),(59,3,13,'2','text',2,NULL,NULL),(60,4,13,'210x105x135','text',NULL,210.0000,''),(61,6,13,'96395','text',NULL,96395.0000,''),(62,7,13,', ','text',NULL,0.0000,''),(63,8,13,'','text',NULL,0.0000,''),(64,2,14,'1499','text',NULL,1499.0000,''),(65,3,14,'2','text',2,NULL,NULL),(66,4,14,'175x110x115','text',NULL,175.0000,''),(67,5,14,'200x100','text',NULL,200.0000,''),(68,6,14,'38263','text',NULL,38263.0000,''),(69,7,14,', ','text',NULL,0.0000,''),(70,8,14,'','text',NULL,0.0000,''),(71,2,15,'9999','text',NULL,9999.0000,''),(72,3,15,'2','text',2,NULL,NULL),(73,6,15,'634645','text',NULL,634645.0000,''),(74,7,15,', ','text',NULL,0.0000,''),(75,8,15,'','text',NULL,0.0000,''),(76,2,16,'7799','text',NULL,7799.0000,''),(77,3,16,'2','text',2,NULL,NULL),(78,6,16,'634045','text',NULL,634045.0000,''),(79,7,16,', ','text',NULL,0.0000,''),(80,8,16,'','text',NULL,0.0000,''),(81,2,17,'6779','text',NULL,6779.0000,''),(82,3,17,'2','text',2,NULL,NULL),(83,4,17,'220x140x120','text',NULL,220.0000,''),(84,6,17,'634043','text',NULL,634043.0000,''),(85,7,17,', ','text',NULL,0.0000,''),(86,8,17,'','text',NULL,0.0000,''),(87,2,18,'4579','text',NULL,4579.0000,''),(88,3,18,'2','text',2,NULL,NULL),(89,4,18,'200x150x120','text',NULL,200.0000,''),(90,6,18,'634023','text',NULL,634023.0000,''),(91,7,18,', ','text',NULL,0.0000,''),(92,8,18,'','text',NULL,0.0000,''),(93,1,19,'1','text',1,NULL,NULL),(94,2,19,'14999','text',NULL,14999.0000,''),(95,3,19,'2','text',2,NULL,NULL),(96,4,19,'50x69x130','text',NULL,50.0000,''),(97,6,19,'634023','text',NULL,634023.0000,''),(98,7,19,', ','text',NULL,0.0000,''),(99,8,19,'','text',NULL,0.0000,''),(100,2,20,'12999','text',NULL,12999.0000,''),(101,3,20,'2','text',2,NULL,NULL),(102,4,20,'58x48x86','text',NULL,58.0000,''),(103,6,20,'634011','text',NULL,634011.0000,''),(104,7,20,', , ','text',NULL,0.0000,''),(105,8,20,'','text',NULL,0.0000,''),(106,2,21,'1700','text',NULL,1700.0000,''),(107,3,21,'2','text',2,NULL,NULL),(108,4,21,'52x42x88','text',NULL,52.0000,''),(109,6,21,'234012','text',NULL,234012.0000,''),(110,7,21,', ','text',NULL,0.0000,''),(111,8,21,'','text',NULL,0.0000,''),(112,2,22,'1000','text',NULL,1000.0000,''),(113,3,22,'2','text',2,NULL,NULL),(114,4,22,'52x42x88','text',NULL,52.0000,''),(115,6,22,'234014','text',NULL,234014.0000,''),(116,7,22,', ','text',NULL,0.0000,''),(117,8,22,'','text',NULL,0.0000,''),(118,2,23,'1399','text',NULL,1399.0000,''),(119,3,23,'2','text',2,NULL,NULL),(120,4,23,'55x39x90','text',NULL,55.0000,''),(121,6,23,'234017','text',NULL,234017.0000,''),(122,7,23,', ','text',NULL,0.0000,''),(123,8,23,'','text',NULL,0.0000,''),(124,2,24,'1000','text',NULL,1000.0000,''),(125,3,24,'2','text',2,NULL,NULL),(126,4,24,'56x48x80','text',NULL,56.0000,''),(127,6,24,'234013','text',NULL,234013.0000,''),(128,7,24,', ','text',NULL,0.0000,''),(129,8,24,'','text',NULL,0.0000,''),(130,2,25,'1300','text',NULL,1300.0000,''),(131,3,25,'2','text',2,NULL,NULL),(132,4,25,'52x42x88','text',NULL,52.0000,''),(133,6,25,'234015','text',NULL,234015.0000,''),(134,7,25,', ','text',NULL,0.0000,''),(135,8,25,'','text',NULL,0.0000,''),(136,2,26,'1699','text',NULL,1699.0000,''),(137,3,26,'2','text',2,NULL,NULL),(138,4,26,'52x45x65','text',NULL,52.0000,''),(139,6,26,'234016','text',NULL,234016.0000,''),(140,7,26,', , ','text',NULL,0.0000,''),(141,8,26,'','text',NULL,0.0000,''),(142,2,27,'1679','text',NULL,1679.0000,''),(143,3,27,'2','text',2,NULL,NULL),(144,4,27,'54x43x82','text',NULL,54.0000,''),(145,6,27,'234017','text',NULL,234017.0000,''),(146,7,27,', ','text',NULL,0.0000,''),(147,8,27,'','text',NULL,0.0000,''),(148,9,33,'2','text',NULL,2.0000,''),(149,10,36,'1','text',NULL,1.0000,''),(150,10,36,'4','text',NULL,4.0000,''),(151,10,34,'5','text',NULL,5.0000,''),(152,10,35,'4','text',NULL,4.0000,''),(153,10,35,'5','text',NULL,5.0000,''),(154,10,3,'1','text',NULL,1.0000,''),(155,10,2,'3','text',NULL,3.0000,''),(156,10,2,'4','text',NULL,4.0000,''),(157,10,1,'3','text',NULL,3.0000,''),(158,11,1,'Furniture Forum of Belarus','text',NULL,0.0000,''),(159,12,1,'From April 20 to April 23, 2010 the Furniture Forum of Belarus will be held - the most important event of the industry this year.','text',NULL,0.0000,''),(160,11,2,'International furniture exhibition SALON DEL MOBILE','text',NULL,0.0000,''),(161,12,2,'In 2010, the exhibition Salon del Mobile promises to be even more extensive and interestin','text',NULL,0.0000,''),(162,11,3,'Obtained a strong waterproof compound','text',NULL,0.0000,''),(163,12,3,'The invention relates to the production and use of adhesives used in the woodworking, furniture and construction industries.','text',NULL,0.0000,'');
/*!40000 ALTER TABLE `b_iblock_element_property` ENABLE KEYS */;
UNLOCK TABLES;

--
-- Table structure for table `b_iblock_element_right`
--

DROP TABLE IF EXISTS `b_iblock_element_right`;
/*!40101 SET @saved_cs_client     = @@character_set_client */;
/*!40101 SET character_set_client = utf8 */;
CREATE TABLE `b_iblock_element_right` (
  `IBLOCK_ID` int(11) NOT NULL,
  `SECTION_ID` int(11) NOT NULL,
  `ELEMENT_ID` int(11) NOT NULL,
  `RIGHT_ID` int(11) NOT NULL,
  `IS_INHERITED` char(1) COLLATE utf8_unicode_ci NOT NULL,
  PRIMARY KEY (`RIGHT_ID`,`ELEMENT_ID`,`SECTION_ID`),
  KEY `ix_b_iblock_element_right_1` (`ELEMENT_ID`,`IBLOCK_ID`),
  KEY `ix_b_iblock_element_right_2` (`IBLOCK_ID`,`RIGHT_ID`)
) ENGINE=InnoDB DEFAULT CHARSET=utf8 COLLATE=utf8_unicode_ci;
/*!40101 SET character_set_client = @saved_cs_client */;

--
-- Dumping data for table `b_iblock_element_right`
--

LOCK TABLES `b_iblock_element_right` WRITE;
/*!40000 ALTER TABLE `b_iblock_element_right` DISABLE KEYS */;
/*!40000 ALTER TABLE `b_iblock_element_right` ENABLE KEYS */;
UNLOCK TABLES;

--
-- Table structure for table `b_iblock_fields`
--

DROP TABLE IF EXISTS `b_iblock_fields`;
/*!40101 SET @saved_cs_client     = @@character_set_client */;
/*!40101 SET character_set_client = utf8 */;
CREATE TABLE `b_iblock_fields` (
  `IBLOCK_ID` int(18) NOT NULL,
  `FIELD_ID` varchar(50) COLLATE utf8_unicode_ci NOT NULL,
  `IS_REQUIRED` char(1) COLLATE utf8_unicode_ci DEFAULT NULL,
  `DEFAULT_VALUE` longtext COLLATE utf8_unicode_ci,
  PRIMARY KEY (`IBLOCK_ID`,`FIELD_ID`)
) ENGINE=InnoDB DEFAULT CHARSET=utf8 COLLATE=utf8_unicode_ci;
/*!40101 SET character_set_client = @saved_cs_client */;

--
-- Dumping data for table `b_iblock_fields`
--

LOCK TABLES `b_iblock_fields` WRITE;
/*!40000 ALTER TABLE `b_iblock_fields` DISABLE KEYS */;
INSERT INTO `b_iblock_fields` VALUES (1,'ACTIVE','Y','Y'),(1,'ACTIVE_FROM','N','=today'),(1,'ACTIVE_TO','N',''),(1,'CODE','N','a:8:{s:6:\"UNIQUE\";s:1:\"N\";s:15:\"TRANSLITERATION\";s:1:\"N\";s:9:\"TRANS_LEN\";i:100;s:10:\"TRANS_CASE\";s:0:\"\";s:11:\"TRANS_SPACE\";b:0;s:11:\"TRANS_OTHER\";b:0;s:9:\"TRANS_EAT\";s:1:\"N\";s:10:\"USE_GOOGLE\";s:1:\"N\";}'),(1,'DETAIL_PICTURE','N','a:17:{s:5:\"SCALE\";s:1:\"N\";s:5:\"WIDTH\";s:0:\"\";s:6:\"HEIGHT\";s:0:\"\";s:13:\"IGNORE_ERRORS\";s:1:\"N\";s:6:\"METHOD\";s:0:\"\";s:11:\"COMPRESSION\";s:0:\"\";s:18:\"USE_WATERMARK_TEXT\";s:1:\"N\";s:14:\"WATERMARK_TEXT\";s:0:\"\";s:19:\"WATERMARK_TEXT_FONT\";s:0:\"\";s:20:\"WATERMARK_TEXT_COLOR\";s:0:\"\";s:19:\"WATERMARK_TEXT_SIZE\";s:0:\"\";s:23:\"WATERMARK_TEXT_POSITION\";s:2:\"tl\";s:18:\"USE_WATERMARK_FILE\";s:1:\"N\";s:14:\"WATERMARK_FILE\";s:0:\"\";s:20:\"WATERMARK_FILE_ALPHA\";s:0:\"\";s:23:\"WATERMARK_FILE_POSITION\";s:2:\"tl\";s:20:\"WATERMARK_FILE_ORDER\";N;}'),(1,'DETAIL_TEXT','N',''),(1,'DETAIL_TEXT_TYPE','Y','text'),(1,'DETAIL_TEXT_TYPE_ALLOW_CHANGE','N','Y'),(1,'IBLOCK_SECTION','N','a:1:{s:22:\"KEEP_IBLOCK_SECTION_ID\";s:1:\"N\";}'),(1,'LOG_ELEMENT_ADD','N',NULL),(1,'LOG_ELEMENT_DELETE','N',NULL),(1,'LOG_ELEMENT_EDIT','N',NULL),(1,'LOG_SECTION_ADD','N',NULL),(1,'LOG_SECTION_DELETE','N',NULL),(1,'LOG_SECTION_EDIT','N',NULL),(1,'NAME','Y',''),(1,'PREVIEW_PICTURE','N','a:20:{s:11:\"FROM_DETAIL\";s:1:\"N\";s:5:\"SCALE\";s:1:\"N\";s:5:\"WIDTH\";s:0:\"\";s:6:\"HEIGHT\";s:0:\"\";s:13:\"IGNORE_ERRORS\";s:1:\"N\";s:6:\"METHOD\";s:0:\"\";s:11:\"COMPRESSION\";s:0:\"\";s:18:\"DELETE_WITH_DETAIL\";s:1:\"N\";s:18:\"UPDATE_WITH_DETAIL\";s:1:\"N\";s:18:\"USE_WATERMARK_TEXT\";s:1:\"N\";s:14:\"WATERMARK_TEXT\";s:0:\"\";s:19:\"WATERMARK_TEXT_FONT\";s:0:\"\";s:20:\"WATERMARK_TEXT_COLOR\";s:0:\"\";s:19:\"WATERMARK_TEXT_SIZE\";s:0:\"\";s:23:\"WATERMARK_TEXT_POSITION\";s:2:\"tl\";s:18:\"USE_WATERMARK_FILE\";s:1:\"N\";s:14:\"WATERMARK_FILE\";s:0:\"\";s:20:\"WATERMARK_FILE_ALPHA\";s:0:\"\";s:23:\"WATERMARK_FILE_POSITION\";s:2:\"tl\";s:20:\"WATERMARK_FILE_ORDER\";N;}'),(1,'PREVIEW_TEXT','N',''),(1,'PREVIEW_TEXT_TYPE','Y','text'),(1,'PREVIEW_TEXT_TYPE_ALLOW_CHANGE','N','Y'),(1,'SECTION_CODE','N','a:8:{s:6:\"UNIQUE\";s:1:\"N\";s:15:\"TRANSLITERATION\";s:1:\"N\";s:9:\"TRANS_LEN\";i:100;s:10:\"TRANS_CASE\";s:1:\"L\";s:11:\"TRANS_SPACE\";s:1:\"-\";s:11:\"TRANS_OTHER\";s:1:\"-\";s:9:\"TRANS_EAT\";s:1:\"Y\";s:10:\"USE_GOOGLE\";s:1:\"N\";}'),(1,'SECTION_DESCRIPTION','N',''),(1,'SECTION_DESCRIPTION_TYPE','Y','text'),(1,'SECTION_DESCRIPTION_TYPE_ALLOW_CHANGE','N','Y'),(1,'SECTION_DETAIL_PICTURE','N','a:17:{s:5:\"SCALE\";s:1:\"N\";s:5:\"WIDTH\";s:0:\"\";s:6:\"HEIGHT\";s:0:\"\";s:13:\"IGNORE_ERRORS\";s:1:\"N\";s:6:\"METHOD\";s:8:\"resample\";s:11:\"COMPRESSION\";i:95;s:18:\"USE_WATERMARK_TEXT\";s:1:\"N\";s:14:\"WATERMARK_TEXT\";s:0:\"\";s:19:\"WATERMARK_TEXT_FONT\";s:0:\"\";s:20:\"WATERMARK_TEXT_COLOR\";s:0:\"\";s:19:\"WATERMARK_TEXT_SIZE\";s:0:\"\";s:23:\"WATERMARK_TEXT_POSITION\";s:2:\"tl\";s:18:\"USE_WATERMARK_FILE\";s:1:\"N\";s:14:\"WATERMARK_FILE\";s:0:\"\";s:20:\"WATERMARK_FILE_ALPHA\";s:0:\"\";s:23:\"WATERMARK_FILE_POSITION\";s:2:\"tl\";s:20:\"WATERMARK_FILE_ORDER\";N;}'),(1,'SECTION_NAME','Y',''),(1,'SECTION_PICTURE','N','a:20:{s:11:\"FROM_DETAIL\";s:1:\"N\";s:5:\"SCALE\";s:1:\"N\";s:5:\"WIDTH\";s:0:\"\";s:6:\"HEIGHT\";s:0:\"\";s:13:\"IGNORE_ERRORS\";s:1:\"N\";s:6:\"METHOD\";s:8:\"resample\";s:11:\"COMPRESSION\";i:95;s:18:\"DELETE_WITH_DETAIL\";s:1:\"N\";s:18:\"UPDATE_WITH_DETAIL\";s:1:\"N\";s:18:\"USE_WATERMARK_TEXT\";s:1:\"N\";s:14:\"WATERMARK_TEXT\";s:0:\"\";s:19:\"WATERMARK_TEXT_FONT\";s:0:\"\";s:20:\"WATERMARK_TEXT_COLOR\";s:0:\"\";s:19:\"WATERMARK_TEXT_SIZE\";s:0:\"\";s:23:\"WATERMARK_TEXT_POSITION\";s:2:\"tl\";s:18:\"USE_WATERMARK_FILE\";s:1:\"N\";s:14:\"WATERMARK_FILE\";s:0:\"\";s:20:\"WATERMARK_FILE_ALPHA\";s:0:\"\";s:23:\"WATERMARK_FILE_POSITION\";s:2:\"tl\";s:20:\"WATERMARK_FILE_ORDER\";N;}'),(1,'SECTION_XML_ID','N',''),(1,'SORT','N','0'),(1,'TAGS','N',''),(1,'XML_ID','Y',''),(1,'XML_IMPORT_START_TIME','N','2018-04-13 16:12:43'),(2,'ACTIVE','Y','Y'),(2,'ACTIVE_FROM','N',''),(2,'ACTIVE_TO','N',''),(2,'CODE','N',''),(2,'DETAIL_PICTURE','N','a:17:{s:5:\"SCALE\";s:1:\"N\";s:5:\"WIDTH\";s:0:\"\";s:6:\"HEIGHT\";s:0:\"\";s:13:\"IGNORE_ERRORS\";s:1:\"N\";s:6:\"METHOD\";s:0:\"\";s:11:\"COMPRESSION\";s:0:\"\";s:18:\"USE_WATERMARK_TEXT\";s:1:\"N\";s:14:\"WATERMARK_TEXT\";N;s:19:\"WATERMARK_TEXT_FONT\";N;s:20:\"WATERMARK_TEXT_COLOR\";N;s:19:\"WATERMARK_TEXT_SIZE\";s:0:\"\";s:23:\"WATERMARK_TEXT_POSITION\";N;s:18:\"USE_WATERMARK_FILE\";s:1:\"N\";s:14:\"WATERMARK_FILE\";N;s:20:\"WATERMARK_FILE_ALPHA\";s:0:\"\";s:23:\"WATERMARK_FILE_POSITION\";N;s:20:\"WATERMARK_FILE_ORDER\";N;}'),(2,'DETAIL_TEXT','N',''),(2,'DETAIL_TEXT_TYPE','Y','text'),(2,'DETAIL_TEXT_TYPE_ALLOW_CHANGE','N','Y'),(2,'IBLOCK_SECTION','N',''),(2,'LOG_ELEMENT_ADD','N',NULL),(2,'LOG_ELEMENT_DELETE','N',NULL),(2,'LOG_ELEMENT_EDIT','N',NULL),(2,'LOG_SECTION_ADD','N',NULL),(2,'LOG_SECTION_DELETE','N',NULL),(2,'LOG_SECTION_EDIT','N',NULL),(2,'NAME','Y',''),(2,'PREVIEW_PICTURE','N','a:20:{s:11:\"FROM_DETAIL\";s:1:\"N\";s:5:\"SCALE\";s:1:\"N\";s:5:\"WIDTH\";s:0:\"\";s:6:\"HEIGHT\";s:0:\"\";s:13:\"IGNORE_ERRORS\";s:1:\"N\";s:6:\"METHOD\";s:0:\"\";s:11:\"COMPRESSION\";s:0:\"\";s:18:\"DELETE_WITH_DETAIL\";s:1:\"N\";s:18:\"UPDATE_WITH_DETAIL\";s:1:\"N\";s:18:\"USE_WATERMARK_TEXT\";s:1:\"N\";s:14:\"WATERMARK_TEXT\";N;s:19:\"WATERMARK_TEXT_FONT\";N;s:20:\"WATERMARK_TEXT_COLOR\";N;s:19:\"WATERMARK_TEXT_SIZE\";s:0:\"\";s:23:\"WATERMARK_TEXT_POSITION\";N;s:18:\"USE_WATERMARK_FILE\";s:1:\"N\";s:14:\"WATERMARK_FILE\";N;s:20:\"WATERMARK_FILE_ALPHA\";s:0:\"\";s:23:\"WATERMARK_FILE_POSITION\";N;s:20:\"WATERMARK_FILE_ORDER\";N;}'),(2,'PREVIEW_TEXT','N',''),(2,'PREVIEW_TEXT_TYPE','Y','text'),(2,'PREVIEW_TEXT_TYPE_ALLOW_CHANGE','N','Y'),(2,'SECTION_CODE','N','a:8:{s:6:\"UNIQUE\";s:1:\"N\";s:15:\"TRANSLITERATION\";s:1:\"N\";s:9:\"TRANS_LEN\";i:100;s:10:\"TRANS_CASE\";s:1:\"L\";s:11:\"TRANS_SPACE\";s:1:\"-\";s:11:\"TRANS_OTHER\";s:1:\"-\";s:9:\"TRANS_EAT\";s:1:\"Y\";s:10:\"USE_GOOGLE\";s:1:\"N\";}'),(2,'SECTION_DESCRIPTION','N',NULL),(2,'SECTION_DESCRIPTION_TYPE','Y',NULL),(2,'SECTION_DESCRIPTION_TYPE_ALLOW_CHANGE','N','Y'),(2,'SECTION_DETAIL_PICTURE','N','a:17:{s:5:\"SCALE\";s:1:\"N\";s:5:\"WIDTH\";s:0:\"\";s:6:\"HEIGHT\";s:0:\"\";s:13:\"IGNORE_ERRORS\";s:1:\"N\";s:6:\"METHOD\";s:8:\"resample\";s:11:\"COMPRESSION\";i:95;s:18:\"USE_WATERMARK_TEXT\";s:1:\"N\";s:14:\"WATERMARK_TEXT\";N;s:19:\"WATERMARK_TEXT_FONT\";N;s:20:\"WATERMARK_TEXT_COLOR\";N;s:19:\"WATERMARK_TEXT_SIZE\";s:0:\"\";s:23:\"WATERMARK_TEXT_POSITION\";N;s:18:\"USE_WATERMARK_FILE\";s:1:\"N\";s:14:\"WATERMARK_FILE\";N;s:20:\"WATERMARK_FILE_ALPHA\";s:0:\"\";s:23:\"WATERMARK_FILE_POSITION\";N;s:20:\"WATERMARK_FILE_ORDER\";N;}'),(2,'SECTION_NAME','Y',NULL),(2,'SECTION_PICTURE','N','a:20:{s:11:\"FROM_DETAIL\";s:1:\"N\";s:5:\"SCALE\";s:1:\"N\";s:5:\"WIDTH\";s:0:\"\";s:6:\"HEIGHT\";s:0:\"\";s:13:\"IGNORE_ERRORS\";s:1:\"N\";s:6:\"METHOD\";s:8:\"resample\";s:11:\"COMPRESSION\";i:95;s:18:\"DELETE_WITH_DETAIL\";s:1:\"N\";s:18:\"UPDATE_WITH_DETAIL\";s:1:\"N\";s:18:\"USE_WATERMARK_TEXT\";s:1:\"N\";s:14:\"WATERMARK_TEXT\";N;s:19:\"WATERMARK_TEXT_FONT\";N;s:20:\"WATERMARK_TEXT_COLOR\";N;s:19:\"WATERMARK_TEXT_SIZE\";s:0:\"\";s:23:\"WATERMARK_TEXT_POSITION\";N;s:18:\"USE_WATERMARK_FILE\";s:1:\"N\";s:14:\"WATERMARK_FILE\";N;s:20:\"WATERMARK_FILE_ALPHA\";s:0:\"\";s:23:\"WATERMARK_FILE_POSITION\";N;s:20:\"WATERMARK_FILE_ORDER\";N;}'),(2,'SECTION_XML_ID','N',NULL),(2,'SORT','N','0'),(2,'TAGS','N',''),(2,'XML_ID','Y',''),(2,'XML_IMPORT_START_TIME','N','2018-04-13 16:16:21'),(3,'ACTIVE','Y','Y'),(3,'ACTIVE_FROM','N',''),(3,'ACTIVE_TO','N',''),(3,'CODE','N',''),(3,'DETAIL_PICTURE','N','a:17:{s:5:\"SCALE\";s:1:\"N\";s:5:\"WIDTH\";s:0:\"\";s:6:\"HEIGHT\";s:0:\"\";s:13:\"IGNORE_ERRORS\";s:1:\"N\";s:6:\"METHOD\";s:0:\"\";s:11:\"COMPRESSION\";s:0:\"\";s:18:\"USE_WATERMARK_TEXT\";s:1:\"N\";s:14:\"WATERMARK_TEXT\";N;s:19:\"WATERMARK_TEXT_FONT\";N;s:20:\"WATERMARK_TEXT_COLOR\";N;s:19:\"WATERMARK_TEXT_SIZE\";s:0:\"\";s:23:\"WATERMARK_TEXT_POSITION\";N;s:18:\"USE_WATERMARK_FILE\";s:1:\"N\";s:14:\"WATERMARK_FILE\";N;s:20:\"WATERMARK_FILE_ALPHA\";s:0:\"\";s:23:\"WATERMARK_FILE_POSITION\";N;s:20:\"WATERMARK_FILE_ORDER\";N;}'),(3,'DETAIL_TEXT','N',''),(3,'DETAIL_TEXT_TYPE','Y','text'),(3,'DETAIL_TEXT_TYPE_ALLOW_CHANGE','N','Y'),(3,'IBLOCK_SECTION','N',''),(3,'LOG_ELEMENT_ADD','N',NULL),(3,'LOG_ELEMENT_DELETE','N',NULL),(3,'LOG_ELEMENT_EDIT','N',NULL),(3,'LOG_SECTION_ADD','N',NULL),(3,'LOG_SECTION_DELETE','N',NULL),(3,'LOG_SECTION_EDIT','N',NULL),(3,'NAME','Y',''),(3,'PREVIEW_PICTURE','N','a:20:{s:11:\"FROM_DETAIL\";s:1:\"N\";s:5:\"SCALE\";s:1:\"N\";s:5:\"WIDTH\";s:0:\"\";s:6:\"HEIGHT\";s:0:\"\";s:13:\"IGNORE_ERRORS\";s:1:\"N\";s:6:\"METHOD\";s:0:\"\";s:11:\"COMPRESSION\";s:0:\"\";s:18:\"DELETE_WITH_DETAIL\";s:1:\"N\";s:18:\"UPDATE_WITH_DETAIL\";s:1:\"N\";s:18:\"USE_WATERMARK_TEXT\";s:1:\"N\";s:14:\"WATERMARK_TEXT\";N;s:19:\"WATERMARK_TEXT_FONT\";N;s:20:\"WATERMARK_TEXT_COLOR\";N;s:19:\"WATERMARK_TEXT_SIZE\";s:0:\"\";s:23:\"WATERMARK_TEXT_POSITION\";N;s:18:\"USE_WATERMARK_FILE\";s:1:\"N\";s:14:\"WATERMARK_FILE\";N;s:20:\"WATERMARK_FILE_ALPHA\";s:0:\"\";s:23:\"WATERMARK_FILE_POSITION\";N;s:20:\"WATERMARK_FILE_ORDER\";N;}'),(3,'PREVIEW_TEXT','N',''),(3,'PREVIEW_TEXT_TYPE','Y','text'),(3,'PREVIEW_TEXT_TYPE_ALLOW_CHANGE','N','Y'),(3,'SECTION_CODE','N','a:8:{s:6:\"UNIQUE\";s:1:\"N\";s:15:\"TRANSLITERATION\";s:1:\"N\";s:9:\"TRANS_LEN\";i:100;s:10:\"TRANS_CASE\";s:1:\"L\";s:11:\"TRANS_SPACE\";s:1:\"-\";s:11:\"TRANS_OTHER\";s:1:\"-\";s:9:\"TRANS_EAT\";s:1:\"Y\";s:10:\"USE_GOOGLE\";s:1:\"N\";}'),(3,'SECTION_DESCRIPTION','N',NULL),(3,'SECTION_DESCRIPTION_TYPE','Y',NULL),(3,'SECTION_DESCRIPTION_TYPE_ALLOW_CHANGE','N','Y'),(3,'SECTION_DETAIL_PICTURE','N','a:17:{s:5:\"SCALE\";s:1:\"N\";s:5:\"WIDTH\";s:0:\"\";s:6:\"HEIGHT\";s:0:\"\";s:13:\"IGNORE_ERRORS\";s:1:\"N\";s:6:\"METHOD\";s:8:\"resample\";s:11:\"COMPRESSION\";i:95;s:18:\"USE_WATERMARK_TEXT\";s:1:\"N\";s:14:\"WATERMARK_TEXT\";N;s:19:\"WATERMARK_TEXT_FONT\";N;s:20:\"WATERMARK_TEXT_COLOR\";N;s:19:\"WATERMARK_TEXT_SIZE\";s:0:\"\";s:23:\"WATERMARK_TEXT_POSITION\";N;s:18:\"USE_WATERMARK_FILE\";s:1:\"N\";s:14:\"WATERMARK_FILE\";N;s:20:\"WATERMARK_FILE_ALPHA\";s:0:\"\";s:23:\"WATERMARK_FILE_POSITION\";N;s:20:\"WATERMARK_FILE_ORDER\";N;}'),(3,'SECTION_NAME','Y',NULL),(3,'SECTION_PICTURE','N','a:20:{s:11:\"FROM_DETAIL\";s:1:\"N\";s:5:\"SCALE\";s:1:\"N\";s:5:\"WIDTH\";s:0:\"\";s:6:\"HEIGHT\";s:0:\"\";s:13:\"IGNORE_ERRORS\";s:1:\"N\";s:6:\"METHOD\";s:8:\"resample\";s:11:\"COMPRESSION\";i:95;s:18:\"DELETE_WITH_DETAIL\";s:1:\"N\";s:18:\"UPDATE_WITH_DETAIL\";s:1:\"N\";s:18:\"USE_WATERMARK_TEXT\";s:1:\"N\";s:14:\"WATERMARK_TEXT\";N;s:19:\"WATERMARK_TEXT_FONT\";N;s:20:\"WATERMARK_TEXT_COLOR\";N;s:19:\"WATERMARK_TEXT_SIZE\";s:0:\"\";s:23:\"WATERMARK_TEXT_POSITION\";N;s:18:\"USE_WATERMARK_FILE\";s:1:\"N\";s:14:\"WATERMARK_FILE\";N;s:20:\"WATERMARK_FILE_ALPHA\";s:0:\"\";s:23:\"WATERMARK_FILE_POSITION\";N;s:20:\"WATERMARK_FILE_ORDER\";N;}'),(3,'SECTION_XML_ID','N',NULL),(3,'SORT','N','0'),(3,'TAGS','N',''),(3,'XML_ID','Y',''),(3,'XML_IMPORT_START_TIME','N','2018-04-13 16:17:23'),(4,'ACTIVE','Y','Y'),(4,'ACTIVE_FROM','N',''),(4,'ACTIVE_TO','N',''),(4,'CODE','N',''),(4,'DETAIL_PICTURE','N','a:17:{s:5:\"SCALE\";s:1:\"N\";s:5:\"WIDTH\";s:0:\"\";s:6:\"HEIGHT\";s:0:\"\";s:13:\"IGNORE_ERRORS\";s:1:\"N\";s:6:\"METHOD\";s:0:\"\";s:11:\"COMPRESSION\";s:0:\"\";s:18:\"USE_WATERMARK_TEXT\";s:1:\"N\";s:14:\"WATERMARK_TEXT\";N;s:19:\"WATERMARK_TEXT_FONT\";N;s:20:\"WATERMARK_TEXT_COLOR\";N;s:19:\"WATERMARK_TEXT_SIZE\";s:0:\"\";s:23:\"WATERMARK_TEXT_POSITION\";N;s:18:\"USE_WATERMARK_FILE\";s:1:\"N\";s:14:\"WATERMARK_FILE\";N;s:20:\"WATERMARK_FILE_ALPHA\";s:0:\"\";s:23:\"WATERMARK_FILE_POSITION\";N;s:20:\"WATERMARK_FILE_ORDER\";N;}'),(4,'DETAIL_TEXT','N',''),(4,'DETAIL_TEXT_TYPE','Y','text'),(4,'DETAIL_TEXT_TYPE_ALLOW_CHANGE','N','Y'),(4,'IBLOCK_SECTION','N',''),(4,'LOG_ELEMENT_ADD','N',NULL),(4,'LOG_ELEMENT_DELETE','N',NULL),(4,'LOG_ELEMENT_EDIT','N',NULL),(4,'LOG_SECTION_ADD','N',NULL),(4,'LOG_SECTION_DELETE','N',NULL),(4,'LOG_SECTION_EDIT','N',NULL),(4,'NAME','Y',''),(4,'PREVIEW_PICTURE','N','a:20:{s:11:\"FROM_DETAIL\";s:1:\"N\";s:5:\"SCALE\";s:1:\"N\";s:5:\"WIDTH\";s:0:\"\";s:6:\"HEIGHT\";s:0:\"\";s:13:\"IGNORE_ERRORS\";s:1:\"N\";s:6:\"METHOD\";s:0:\"\";s:11:\"COMPRESSION\";s:0:\"\";s:18:\"DELETE_WITH_DETAIL\";s:1:\"N\";s:18:\"UPDATE_WITH_DETAIL\";s:1:\"N\";s:18:\"USE_WATERMARK_TEXT\";s:1:\"N\";s:14:\"WATERMARK_TEXT\";N;s:19:\"WATERMARK_TEXT_FONT\";N;s:20:\"WATERMARK_TEXT_COLOR\";N;s:19:\"WATERMARK_TEXT_SIZE\";s:0:\"\";s:23:\"WATERMARK_TEXT_POSITION\";N;s:18:\"USE_WATERMARK_FILE\";s:1:\"N\";s:14:\"WATERMARK_FILE\";N;s:20:\"WATERMARK_FILE_ALPHA\";s:0:\"\";s:23:\"WATERMARK_FILE_POSITION\";N;s:20:\"WATERMARK_FILE_ORDER\";N;}'),(4,'PREVIEW_TEXT','N',''),(4,'PREVIEW_TEXT_TYPE','Y','text'),(4,'PREVIEW_TEXT_TYPE_ALLOW_CHANGE','N','Y'),(4,'SECTION_CODE','N','a:8:{s:6:\"UNIQUE\";s:1:\"N\";s:15:\"TRANSLITERATION\";s:1:\"N\";s:9:\"TRANS_LEN\";i:100;s:10:\"TRANS_CASE\";s:1:\"L\";s:11:\"TRANS_SPACE\";s:1:\"-\";s:11:\"TRANS_OTHER\";s:1:\"-\";s:9:\"TRANS_EAT\";s:1:\"Y\";s:10:\"USE_GOOGLE\";s:1:\"N\";}'),(4,'SECTION_DESCRIPTION','N',NULL),(4,'SECTION_DESCRIPTION_TYPE','Y',NULL),(4,'SECTION_DESCRIPTION_TYPE_ALLOW_CHANGE','N','Y'),(4,'SECTION_DETAIL_PICTURE','N','a:17:{s:5:\"SCALE\";s:1:\"N\";s:5:\"WIDTH\";s:0:\"\";s:6:\"HEIGHT\";s:0:\"\";s:13:\"IGNORE_ERRORS\";s:1:\"N\";s:6:\"METHOD\";s:8:\"resample\";s:11:\"COMPRESSION\";i:95;s:18:\"USE_WATERMARK_TEXT\";s:1:\"N\";s:14:\"WATERMARK_TEXT\";N;s:19:\"WATERMARK_TEXT_FONT\";N;s:20:\"WATERMARK_TEXT_COLOR\";N;s:19:\"WATERMARK_TEXT_SIZE\";s:0:\"\";s:23:\"WATERMARK_TEXT_POSITION\";N;s:18:\"USE_WATERMARK_FILE\";s:1:\"N\";s:14:\"WATERMARK_FILE\";N;s:20:\"WATERMARK_FILE_ALPHA\";s:0:\"\";s:23:\"WATERMARK_FILE_POSITION\";N;s:20:\"WATERMARK_FILE_ORDER\";N;}'),(4,'SECTION_NAME','Y',NULL),(4,'SECTION_PICTURE','N','a:20:{s:11:\"FROM_DETAIL\";s:1:\"N\";s:5:\"SCALE\";s:1:\"N\";s:5:\"WIDTH\";s:0:\"\";s:6:\"HEIGHT\";s:0:\"\";s:13:\"IGNORE_ERRORS\";s:1:\"N\";s:6:\"METHOD\";s:8:\"resample\";s:11:\"COMPRESSION\";i:95;s:18:\"DELETE_WITH_DETAIL\";s:1:\"N\";s:18:\"UPDATE_WITH_DETAIL\";s:1:\"N\";s:18:\"USE_WATERMARK_TEXT\";s:1:\"N\";s:14:\"WATERMARK_TEXT\";N;s:19:\"WATERMARK_TEXT_FONT\";N;s:20:\"WATERMARK_TEXT_COLOR\";N;s:19:\"WATERMARK_TEXT_SIZE\";s:0:\"\";s:23:\"WATERMARK_TEXT_POSITION\";N;s:18:\"USE_WATERMARK_FILE\";s:1:\"N\";s:14:\"WATERMARK_FILE\";N;s:20:\"WATERMARK_FILE_ALPHA\";s:0:\"\";s:23:\"WATERMARK_FILE_POSITION\";N;s:20:\"WATERMARK_FILE_ORDER\";N;}'),(4,'SECTION_XML_ID','N',NULL),(4,'SORT','N','0'),(4,'TAGS','N',''),(4,'XML_ID','Y',''),(4,'XML_IMPORT_START_TIME','N','2018-04-13 16:17:44'),(5,'ACTIVE','Y','Y'),(5,'ACTIVE_FROM','N',''),(5,'ACTIVE_TO','N',''),(5,'CODE','N','a:8:{s:6:\"UNIQUE\";s:1:\"N\";s:15:\"TRANSLITERATION\";s:1:\"N\";s:9:\"TRANS_LEN\";i:100;s:10:\"TRANS_CASE\";s:1:\"L\";s:11:\"TRANS_SPACE\";s:1:\"-\";s:11:\"TRANS_OTHER\";s:1:\"-\";s:9:\"TRANS_EAT\";s:1:\"Y\";s:10:\"USE_GOOGLE\";s:1:\"N\";}'),(5,'DETAIL_PICTURE','N','a:17:{s:5:\"SCALE\";s:1:\"N\";s:5:\"WIDTH\";s:0:\"\";s:6:\"HEIGHT\";s:0:\"\";s:13:\"IGNORE_ERRORS\";s:1:\"N\";s:6:\"METHOD\";s:8:\"resample\";s:11:\"COMPRESSION\";i:95;s:18:\"USE_WATERMARK_TEXT\";s:1:\"N\";s:14:\"WATERMARK_TEXT\";s:0:\"\";s:19:\"WATERMARK_TEXT_FONT\";s:0:\"\";s:20:\"WATERMARK_TEXT_COLOR\";s:0:\"\";s:19:\"WATERMARK_TEXT_SIZE\";s:0:\"\";s:23:\"WATERMARK_TEXT_POSITION\";s:2:\"tl\";s:18:\"USE_WATERMARK_FILE\";s:1:\"N\";s:14:\"WATERMARK_FILE\";s:0:\"\";s:20:\"WATERMARK_FILE_ALPHA\";s:0:\"\";s:23:\"WATERMARK_FILE_POSITION\";s:2:\"tl\";s:20:\"WATERMARK_FILE_ORDER\";N;}'),(5,'DETAIL_TEXT','N',''),(5,'DETAIL_TEXT_TYPE','Y','text'),(5,'DETAIL_TEXT_TYPE_ALLOW_CHANGE','N','Y'),(5,'IBLOCK_SECTION','N','a:1:{s:22:\"KEEP_IBLOCK_SECTION_ID\";s:1:\"N\";}'),(5,'LOG_ELEMENT_ADD','N',NULL),(5,'LOG_ELEMENT_DELETE','N',NULL),(5,'LOG_ELEMENT_EDIT','N',NULL),(5,'LOG_SECTION_ADD','N',NULL),(5,'LOG_SECTION_DELETE','N',NULL),(5,'LOG_SECTION_EDIT','N',NULL),(5,'NAME','Y',''),(5,'PREVIEW_PICTURE','N','a:20:{s:11:\"FROM_DETAIL\";s:1:\"N\";s:5:\"SCALE\";s:1:\"N\";s:5:\"WIDTH\";s:0:\"\";s:6:\"HEIGHT\";s:0:\"\";s:13:\"IGNORE_ERRORS\";s:1:\"N\";s:6:\"METHOD\";s:8:\"resample\";s:11:\"COMPRESSION\";i:95;s:18:\"DELETE_WITH_DETAIL\";s:1:\"N\";s:18:\"UPDATE_WITH_DETAIL\";s:1:\"N\";s:18:\"USE_WATERMARK_TEXT\";s:1:\"N\";s:14:\"WATERMARK_TEXT\";s:0:\"\";s:19:\"WATERMARK_TEXT_FONT\";s:0:\"\";s:20:\"WATERMARK_TEXT_COLOR\";s:0:\"\";s:19:\"WATERMARK_TEXT_SIZE\";s:0:\"\";s:23:\"WATERMARK_TEXT_POSITION\";s:2:\"tl\";s:18:\"USE_WATERMARK_FILE\";s:1:\"N\";s:14:\"WATERMARK_FILE\";s:0:\"\";s:20:\"WATERMARK_FILE_ALPHA\";s:0:\"\";s:23:\"WATERMARK_FILE_POSITION\";s:2:\"tl\";s:20:\"WATERMARK_FILE_ORDER\";N;}'),(5,'PREVIEW_TEXT','N',''),(5,'PREVIEW_TEXT_TYPE','Y','text'),(5,'PREVIEW_TEXT_TYPE_ALLOW_CHANGE','N','Y'),(5,'SECTION_CODE','N','a:8:{s:6:\"UNIQUE\";s:1:\"N\";s:15:\"TRANSLITERATION\";s:1:\"N\";s:9:\"TRANS_LEN\";i:100;s:10:\"TRANS_CASE\";s:1:\"L\";s:11:\"TRANS_SPACE\";s:1:\"-\";s:11:\"TRANS_OTHER\";s:1:\"-\";s:9:\"TRANS_EAT\";s:1:\"Y\";s:10:\"USE_GOOGLE\";s:1:\"N\";}'),(5,'SECTION_DESCRIPTION','N',''),(5,'SECTION_DESCRIPTION_TYPE','Y','text'),(5,'SECTION_DESCRIPTION_TYPE_ALLOW_CHANGE','N','Y'),(5,'SECTION_DETAIL_PICTURE','N','a:17:{s:5:\"SCALE\";s:1:\"N\";s:5:\"WIDTH\";s:0:\"\";s:6:\"HEIGHT\";s:0:\"\";s:13:\"IGNORE_ERRORS\";s:1:\"N\";s:6:\"METHOD\";s:8:\"resample\";s:11:\"COMPRESSION\";i:95;s:18:\"USE_WATERMARK_TEXT\";s:1:\"N\";s:14:\"WATERMARK_TEXT\";s:0:\"\";s:19:\"WATERMARK_TEXT_FONT\";s:0:\"\";s:20:\"WATERMARK_TEXT_COLOR\";s:0:\"\";s:19:\"WATERMARK_TEXT_SIZE\";s:0:\"\";s:23:\"WATERMARK_TEXT_POSITION\";s:2:\"tl\";s:18:\"USE_WATERMARK_FILE\";s:1:\"N\";s:14:\"WATERMARK_FILE\";s:0:\"\";s:20:\"WATERMARK_FILE_ALPHA\";s:0:\"\";s:23:\"WATERMARK_FILE_POSITION\";s:2:\"tl\";s:20:\"WATERMARK_FILE_ORDER\";N;}'),(5,'SECTION_NAME','Y',''),(5,'SECTION_PICTURE','N','a:20:{s:11:\"FROM_DETAIL\";s:1:\"N\";s:5:\"SCALE\";s:1:\"N\";s:5:\"WIDTH\";s:0:\"\";s:6:\"HEIGHT\";s:0:\"\";s:13:\"IGNORE_ERRORS\";s:1:\"N\";s:6:\"METHOD\";s:8:\"resample\";s:11:\"COMPRESSION\";i:95;s:18:\"DELETE_WITH_DETAIL\";s:1:\"N\";s:18:\"UPDATE_WITH_DETAIL\";s:1:\"N\";s:18:\"USE_WATERMARK_TEXT\";s:1:\"N\";s:14:\"WATERMARK_TEXT\";s:0:\"\";s:19:\"WATERMARK_TEXT_FONT\";s:0:\"\";s:20:\"WATERMARK_TEXT_COLOR\";s:0:\"\";s:19:\"WATERMARK_TEXT_SIZE\";s:0:\"\";s:23:\"WATERMARK_TEXT_POSITION\";s:2:\"tl\";s:18:\"USE_WATERMARK_FILE\";s:1:\"N\";s:14:\"WATERMARK_FILE\";s:0:\"\";s:20:\"WATERMARK_FILE_ALPHA\";s:0:\"\";s:23:\"WATERMARK_FILE_POSITION\";s:2:\"tl\";s:20:\"WATERMARK_FILE_ORDER\";N;}'),(5,'SECTION_XML_ID','N',''),(5,'SORT','N','0'),(5,'TAGS','N',''),(5,'XML_ID','Y',''),(5,'XML_IMPORT_START_TIME','N',NULL);
/*!40000 ALTER TABLE `b_iblock_fields` ENABLE KEYS */;
UNLOCK TABLES;

--
-- Table structure for table `b_iblock_group`
--

DROP TABLE IF EXISTS `b_iblock_group`;
/*!40101 SET @saved_cs_client     = @@character_set_client */;
/*!40101 SET character_set_client = utf8 */;
CREATE TABLE `b_iblock_group` (
  `IBLOCK_ID` int(11) NOT NULL,
  `GROUP_ID` int(11) NOT NULL,
  `PERMISSION` char(1) COLLATE utf8_unicode_ci NOT NULL,
  UNIQUE KEY `ux_iblock_group_1` (`IBLOCK_ID`,`GROUP_ID`)
) ENGINE=InnoDB DEFAULT CHARSET=utf8 COLLATE=utf8_unicode_ci;
/*!40101 SET character_set_client = @saved_cs_client */;

--
-- Dumping data for table `b_iblock_group`
--

LOCK TABLES `b_iblock_group` WRITE;
/*!40000 ALTER TABLE `b_iblock_group` DISABLE KEYS */;
INSERT INTO `b_iblock_group` VALUES (1,1,'X'),(1,2,'R'),(1,5,'W'),(2,1,'X'),(2,2,'R'),(2,5,'W'),(3,1,'X'),(3,2,'R'),(3,5,'W'),(4,1,'X'),(4,2,'R'),(4,5,'W'),(5,1,'X'),(5,2,'R'),(5,5,'W');
/*!40000 ALTER TABLE `b_iblock_group` ENABLE KEYS */;
UNLOCK TABLES;

--
-- Table structure for table `b_iblock_iblock_iprop`
--

DROP TABLE IF EXISTS `b_iblock_iblock_iprop`;
/*!40101 SET @saved_cs_client     = @@character_set_client */;
/*!40101 SET character_set_client = utf8 */;
CREATE TABLE `b_iblock_iblock_iprop` (
  `IBLOCK_ID` int(11) NOT NULL,
  `IPROP_ID` int(11) NOT NULL,
  `VALUE` text COLLATE utf8_unicode_ci NOT NULL,
  PRIMARY KEY (`IBLOCK_ID`,`IPROP_ID`),
  KEY `ix_b_iblock_iblock_iprop_0` (`IPROP_ID`)
) ENGINE=InnoDB DEFAULT CHARSET=utf8 COLLATE=utf8_unicode_ci;
/*!40101 SET character_set_client = @saved_cs_client */;

--
-- Dumping data for table `b_iblock_iblock_iprop`
--

LOCK TABLES `b_iblock_iblock_iprop` WRITE;
/*!40000 ALTER TABLE `b_iblock_iblock_iprop` DISABLE KEYS */;
/*!40000 ALTER TABLE `b_iblock_iblock_iprop` ENABLE KEYS */;
UNLOCK TABLES;

--
-- Table structure for table `b_iblock_iproperty`
--

DROP TABLE IF EXISTS `b_iblock_iproperty`;
/*!40101 SET @saved_cs_client     = @@character_set_client */;
/*!40101 SET character_set_client = utf8 */;
CREATE TABLE `b_iblock_iproperty` (
  `ID` int(11) NOT NULL AUTO_INCREMENT,
  `IBLOCK_ID` int(11) NOT NULL,
  `CODE` varchar(50) COLLATE utf8_unicode_ci NOT NULL,
  `ENTITY_TYPE` char(1) COLLATE utf8_unicode_ci NOT NULL,
  `ENTITY_ID` int(11) NOT NULL,
  `TEMPLATE` text COLLATE utf8_unicode_ci NOT NULL,
  PRIMARY KEY (`ID`),
  KEY `ix_b_iblock_iprop_0` (`IBLOCK_ID`,`ENTITY_TYPE`,`ENTITY_ID`)
) ENGINE=InnoDB DEFAULT CHARSET=utf8 COLLATE=utf8_unicode_ci;
/*!40101 SET character_set_client = @saved_cs_client */;

--
-- Dumping data for table `b_iblock_iproperty`
--

LOCK TABLES `b_iblock_iproperty` WRITE;
/*!40000 ALTER TABLE `b_iblock_iproperty` DISABLE KEYS */;
/*!40000 ALTER TABLE `b_iblock_iproperty` ENABLE KEYS */;
UNLOCK TABLES;

--
-- Table structure for table `b_iblock_messages`
--

DROP TABLE IF EXISTS `b_iblock_messages`;
/*!40101 SET @saved_cs_client     = @@character_set_client */;
/*!40101 SET character_set_client = utf8 */;
CREATE TABLE `b_iblock_messages` (
  `IBLOCK_ID` int(18) NOT NULL,
  `MESSAGE_ID` varchar(50) COLLATE utf8_unicode_ci NOT NULL,
  `MESSAGE_TEXT` varchar(255) COLLATE utf8_unicode_ci DEFAULT NULL,
  PRIMARY KEY (`IBLOCK_ID`,`MESSAGE_ID`)
) ENGINE=InnoDB DEFAULT CHARSET=utf8 COLLATE=utf8_unicode_ci;
/*!40101 SET character_set_client = @saved_cs_client */;

--
-- Dumping data for table `b_iblock_messages`
--

LOCK TABLES `b_iblock_messages` WRITE;
/*!40000 ALTER TABLE `b_iblock_messages` DISABLE KEYS */;
INSERT INTO `b_iblock_messages` VALUES (1,'ELEMENT_ADD',' '),(1,'ELEMENT_DELETE',' '),(1,'ELEMENT_EDIT',' '),(1,'ELEMENT_NAME',''),(1,'ELEMENTS_NAME',''),(1,'SECTION_ADD',' '),(1,'SECTION_DELETE',' '),(1,'SECTION_EDIT',' '),(1,'SECTION_NAME',''),(1,'SECTIONS_NAME',''),(2,'ELEMENT_ADD',' '),(2,'ELEMENT_DELETE',' '),(2,'ELEMENT_EDIT',' '),(2,'ELEMENT_NAME',''),(2,'ELEMENTS_NAME',''),(2,'SECTION_ADD',' '),(2,'SECTION_DELETE',' '),(2,'SECTION_EDIT',' '),(2,'SECTION_NAME',''),(2,'SECTIONS_NAME',''),(3,'ELEMENT_ADD',' '),(3,'ELEMENT_DELETE',' '),(3,'ELEMENT_EDIT',' '),(3,'ELEMENT_NAME',''),(3,'ELEMENTS_NAME',''),(3,'SECTION_ADD',' '),(3,'SECTION_DELETE',' '),(3,'SECTION_EDIT',' '),(3,'SECTION_NAME',''),(3,'SECTIONS_NAME',''),(4,'ELEMENT_ADD',' '),(4,'ELEMENT_DELETE',' '),(4,'ELEMENT_EDIT',' '),(4,'ELEMENT_NAME',''),(4,'ELEMENTS_NAME',''),(4,'SECTION_ADD',' '),(4,'SECTION_DELETE',' '),(4,'SECTION_EDIT',' '),(4,'SECTION_NAME',''),(4,'SECTIONS_NAME',''),(5,'ELEMENT_ADD',' '),(5,'ELEMENT_DELETE',' '),(5,'ELEMENT_EDIT',' '),(5,'ELEMENT_NAME',''),(5,'ELEMENTS_NAME','');
/*!40000 ALTER TABLE `b_iblock_messages` ENABLE KEYS */;
UNLOCK TABLES;

--
-- Table structure for table `b_iblock_offers_tmp`
--

DROP TABLE IF EXISTS `b_iblock_offers_tmp`;
/*!40101 SET @saved_cs_client     = @@character_set_client */;
/*!40101 SET character_set_client = utf8 */;
CREATE TABLE `b_iblock_offers_tmp` (
  `ID` int(11) unsigned NOT NULL AUTO_INCREMENT,
  `PRODUCT_IBLOCK_ID` int(11) unsigned NOT NULL,
  `OFFERS_IBLOCK_ID` int(11) unsigned NOT NULL,
  `TIMESTAMP_X` timestamp NOT NULL DEFAULT CURRENT_TIMESTAMP ON UPDATE CURRENT_TIMESTAMP,
  PRIMARY KEY (`ID`)
) ENGINE=InnoDB DEFAULT CHARSET=utf8 COLLATE=utf8_unicode_ci;
/*!40101 SET character_set_client = @saved_cs_client */;

--
-- Dumping data for table `b_iblock_offers_tmp`
--

LOCK TABLES `b_iblock_offers_tmp` WRITE;
/*!40000 ALTER TABLE `b_iblock_offers_tmp` DISABLE KEYS */;
/*!40000 ALTER TABLE `b_iblock_offers_tmp` ENABLE KEYS */;
UNLOCK TABLES;

--
-- Table structure for table `b_iblock_property`
--

DROP TABLE IF EXISTS `b_iblock_property`;
/*!40101 SET @saved_cs_client     = @@character_set_client */;
/*!40101 SET character_set_client = utf8 */;
CREATE TABLE `b_iblock_property` (
  `ID` int(11) NOT NULL AUTO_INCREMENT,
  `TIMESTAMP_X` timestamp NOT NULL DEFAULT CURRENT_TIMESTAMP ON UPDATE CURRENT_TIMESTAMP,
  `IBLOCK_ID` int(11) NOT NULL,
  `NAME` varchar(255) COLLATE utf8_unicode_ci NOT NULL,
  `ACTIVE` char(1) COLLATE utf8_unicode_ci NOT NULL DEFAULT 'Y',
  `SORT` int(11) NOT NULL DEFAULT '500',
  `CODE` varchar(50) COLLATE utf8_unicode_ci DEFAULT NULL,
  `DEFAULT_VALUE` text COLLATE utf8_unicode_ci,
  `PROPERTY_TYPE` char(1) COLLATE utf8_unicode_ci NOT NULL DEFAULT 'S',
  `ROW_COUNT` int(11) NOT NULL DEFAULT '1',
  `COL_COUNT` int(11) NOT NULL DEFAULT '30',
  `LIST_TYPE` char(1) COLLATE utf8_unicode_ci NOT NULL DEFAULT 'L',
  `MULTIPLE` char(1) COLLATE utf8_unicode_ci NOT NULL DEFAULT 'N',
  `XML_ID` varchar(100) COLLATE utf8_unicode_ci DEFAULT NULL,
  `FILE_TYPE` varchar(200) COLLATE utf8_unicode_ci DEFAULT NULL,
  `MULTIPLE_CNT` int(11) DEFAULT NULL,
  `TMP_ID` varchar(40) COLLATE utf8_unicode_ci DEFAULT NULL,
  `LINK_IBLOCK_ID` int(18) DEFAULT NULL,
  `WITH_DESCRIPTION` char(1) COLLATE utf8_unicode_ci DEFAULT NULL,
  `SEARCHABLE` char(1) COLLATE utf8_unicode_ci NOT NULL DEFAULT 'N',
  `FILTRABLE` char(1) COLLATE utf8_unicode_ci NOT NULL DEFAULT 'N',
  `IS_REQUIRED` char(1) COLLATE utf8_unicode_ci DEFAULT NULL,
  `VERSION` int(11) NOT NULL DEFAULT '1',
  `USER_TYPE` varchar(255) COLLATE utf8_unicode_ci DEFAULT NULL,
  `USER_TYPE_SETTINGS` text COLLATE utf8_unicode_ci,
  `HINT` varchar(255) COLLATE utf8_unicode_ci DEFAULT NULL,
  PRIMARY KEY (`ID`),
  KEY `ix_iblock_property_1` (`IBLOCK_ID`),
  KEY `ix_iblock_property_3` (`LINK_IBLOCK_ID`),
  KEY `ix_iblock_property_2` (`CODE`)
) ENGINE=InnoDB AUTO_INCREMENT=13 DEFAULT CHARSET=utf8 COLLATE=utf8_unicode_ci;
/*!40101 SET character_set_client = @saved_cs_client */;

--
-- Dumping data for table `b_iblock_property`
--

LOCK TABLES `b_iblock_property` WRITE;
/*!40000 ALTER TABLE `b_iblock_property` DISABLE KEYS */;
INSERT INTO `b_iblock_property` VALUES (1,'2018-04-13 13:16:23',2,' ','Y',100,'SPECIALOFFER',NULL,'L',1,30,'C','N','5',NULL,5,NULL,NULL,'N','N','N','N',1,NULL,NULL,NULL),(2,'2018-04-13 13:16:24',2,'','Y',200,'PRICE',NULL,'N',1,30,'L','N','6',NULL,5,NULL,NULL,'N','N','N','N',1,NULL,NULL,NULL),(3,'2018-04-13 13:16:24',2,'  ()','Y',300,'PRICECURRENCY',NULL,'L',1,30,'C','N','7',NULL,5,NULL,NULL,'N','N','N','N',1,NULL,NULL,NULL),(4,'2018-04-13 13:16:24',2,' (    )','Y',400,'SIZE',NULL,'S',1,30,'L','N','8',NULL,5,NULL,NULL,'N','N','N','N',1,NULL,NULL,NULL),(5,'2018-04-13 13:16:24',2,'  ','Y',500,'S_SIZE',NULL,'S',1,30,'L','N','9',NULL,5,NULL,NULL,'N','N','N','N',1,NULL,NULL,NULL),(6,'2018-04-13 13:16:24',2,'','Y',600,'ARTNUMBER',NULL,'S',1,30,'L','N','10',NULL,5,NULL,NULL,'N','N','N','N',1,NULL,NULL,NULL),(7,'2018-04-13 13:16:24',2,'','Y',700,'MATERIAL',NULL,'S',1,30,'L','N','11',NULL,5,NULL,NULL,'N','N','N','N',1,NULL,NULL,NULL),(8,'2018-04-13 13:16:24',2,'','Y',800,'MANUFACTURER',NULL,'S',1,30,'L','N','12',NULL,5,NULL,NULL,'N','N','N','N',1,NULL,NULL,NULL),(9,'2018-04-16 05:31:42',5,'','Y',500,'NEWS_LINK','','E',1,30,'L','N',NULL,'',5,NULL,1,'N','N','N','N',1,'EList','a:4:{s:4:\"size\";i:1;s:5:\"width\";i:0;s:5:\"group\";s:1:\"N\";s:8:\"multiple\";s:1:\"N\";}',''),(10,'2018-04-16 07:34:55',1,'','Y',500,'AUTHOR_LINK',NULL,'S',1,30,'L','Y',NULL,'',5,NULL,0,'N','N','N','N',1,'UserID',NULL,''),(11,'2018-04-16 11:59:42',1,'  ','Y',500,'ENG_NAME','','S',1,30,'L','N',NULL,'',5,NULL,0,'N','N','N','N',1,NULL,NULL,''),(12,'2018-04-16 11:59:42',1,'  ','Y',500,'ENG_ANONCE','','S',1,30,'L','N',NULL,'',5,NULL,0,'N','N','N','N',1,NULL,NULL,'');
/*!40000 ALTER TABLE `b_iblock_property` ENABLE KEYS */;
UNLOCK TABLES;

--
-- Table structure for table `b_iblock_property_enum`
--

DROP TABLE IF EXISTS `b_iblock_property_enum`;
/*!40101 SET @saved_cs_client     = @@character_set_client */;
/*!40101 SET character_set_client = utf8 */;
CREATE TABLE `b_iblock_property_enum` (
  `ID` int(11) NOT NULL AUTO_INCREMENT,
  `PROPERTY_ID` int(11) NOT NULL,
  `VALUE` varchar(255) COLLATE utf8_unicode_ci NOT NULL,
  `DEF` char(1) COLLATE utf8_unicode_ci NOT NULL DEFAULT 'N',
  `SORT` int(11) NOT NULL DEFAULT '500',
  `XML_ID` varchar(200) COLLATE utf8_unicode_ci NOT NULL,
  `TMP_ID` varchar(40) COLLATE utf8_unicode_ci DEFAULT NULL,
  PRIMARY KEY (`ID`),
  UNIQUE KEY `ux_iblock_property_enum` (`PROPERTY_ID`,`XML_ID`)
) ENGINE=InnoDB AUTO_INCREMENT=5 DEFAULT CHARSET=utf8 COLLATE=utf8_unicode_ci;
/*!40101 SET character_set_client = @saved_cs_client */;

--
-- Dumping data for table `b_iblock_property_enum`
--

LOCK TABLES `b_iblock_property_enum` WRITE;
/*!40000 ALTER TABLE `b_iblock_property_enum` DISABLE KEYS */;
INSERT INTO `b_iblock_property_enum` VALUES (1,1,'','N',500,'Y',NULL),(2,3,'.','Y',10,'corp_cf_cur_1',NULL),(3,3,'$','N',20,'corp_cf_cur_3',NULL),(4,3,'','N',30,'corp_cf_cur_2',NULL);
/*!40000 ALTER TABLE `b_iblock_property_enum` ENABLE KEYS */;
UNLOCK TABLES;

--
-- Table structure for table `b_iblock_right`
--

DROP TABLE IF EXISTS `b_iblock_right`;
/*!40101 SET @saved_cs_client     = @@character_set_client */;
/*!40101 SET character_set_client = utf8 */;
CREATE TABLE `b_iblock_right` (
  `ID` int(11) NOT NULL AUTO_INCREMENT,
  `IBLOCK_ID` int(11) NOT NULL,
  `GROUP_CODE` varchar(50) COLLATE utf8_unicode_ci NOT NULL,
  `ENTITY_TYPE` varchar(32) COLLATE utf8_unicode_ci NOT NULL,
  `ENTITY_ID` int(11) NOT NULL,
  `DO_INHERIT` char(1) COLLATE utf8_unicode_ci NOT NULL,
  `TASK_ID` int(11) NOT NULL,
  `OP_SREAD` char(1) COLLATE utf8_unicode_ci NOT NULL,
  `OP_EREAD` char(1) COLLATE utf8_unicode_ci NOT NULL,
  `XML_ID` varchar(32) COLLATE utf8_unicode_ci DEFAULT NULL,
  PRIMARY KEY (`ID`),
  KEY `ix_b_iblock_right_iblock_id` (`IBLOCK_ID`,`ENTITY_TYPE`,`ENTITY_ID`),
  KEY `ix_b_iblock_right_group_code` (`GROUP_CODE`,`IBLOCK_ID`),
  KEY `ix_b_iblock_right_entity` (`ENTITY_ID`,`ENTITY_TYPE`),
  KEY `ix_b_iblock_right_op_eread` (`ID`,`OP_EREAD`,`GROUP_CODE`),
  KEY `ix_b_iblock_right_op_sread` (`ID`,`OP_SREAD`,`GROUP_CODE`),
  KEY `ix_b_iblock_right_task_id` (`TASK_ID`)
) ENGINE=InnoDB DEFAULT CHARSET=utf8 COLLATE=utf8_unicode_ci;
/*!40101 SET character_set_client = @saved_cs_client */;

--
-- Dumping data for table `b_iblock_right`
--

LOCK TABLES `b_iblock_right` WRITE;
/*!40000 ALTER TABLE `b_iblock_right` DISABLE KEYS */;
/*!40000 ALTER TABLE `b_iblock_right` ENABLE KEYS */;
UNLOCK TABLES;

--
-- Table structure for table `b_iblock_rss`
--

DROP TABLE IF EXISTS `b_iblock_rss`;
/*!40101 SET @saved_cs_client     = @@character_set_client */;
/*!40101 SET character_set_client = utf8 */;
CREATE TABLE `b_iblock_rss` (
  `ID` int(11) NOT NULL AUTO_INCREMENT,
  `IBLOCK_ID` int(11) NOT NULL,
  `NODE` varchar(50) COLLATE utf8_unicode_ci NOT NULL,
  `NODE_VALUE` varchar(250) COLLATE utf8_unicode_ci DEFAULT NULL,
  PRIMARY KEY (`ID`)
) ENGINE=InnoDB DEFAULT CHARSET=utf8 COLLATE=utf8_unicode_ci;
/*!40101 SET character_set_client = @saved_cs_client */;

--
-- Dumping data for table `b_iblock_rss`
--

LOCK TABLES `b_iblock_rss` WRITE;
/*!40000 ALTER TABLE `b_iblock_rss` DISABLE KEYS */;
/*!40000 ALTER TABLE `b_iblock_rss` ENABLE KEYS */;
UNLOCK TABLES;

--
-- Table structure for table `b_iblock_section`
--

DROP TABLE IF EXISTS `b_iblock_section`;
/*!40101 SET @saved_cs_client     = @@character_set_client */;
/*!40101 SET character_set_client = utf8 */;
CREATE TABLE `b_iblock_section` (
  `ID` int(11) NOT NULL AUTO_INCREMENT,
  `TIMESTAMP_X` timestamp NOT NULL DEFAULT CURRENT_TIMESTAMP ON UPDATE CURRENT_TIMESTAMP,
  `MODIFIED_BY` int(18) DEFAULT NULL,
  `DATE_CREATE` datetime DEFAULT NULL,
  `CREATED_BY` int(18) DEFAULT NULL,
  `IBLOCK_ID` int(11) NOT NULL,
  `IBLOCK_SECTION_ID` int(11) DEFAULT NULL,
  `ACTIVE` char(1) COLLATE utf8_unicode_ci NOT NULL DEFAULT 'Y',
  `GLOBAL_ACTIVE` char(1) COLLATE utf8_unicode_ci NOT NULL DEFAULT 'Y',
  `SORT` int(11) NOT NULL DEFAULT '500',
  `NAME` varchar(255) COLLATE utf8_unicode_ci NOT NULL,
  `PICTURE` int(18) DEFAULT NULL,
  `LEFT_MARGIN` int(18) DEFAULT NULL,
  `RIGHT_MARGIN` int(18) DEFAULT NULL,
  `DEPTH_LEVEL` int(18) DEFAULT NULL,
  `DESCRIPTION` text COLLATE utf8_unicode_ci,
  `DESCRIPTION_TYPE` char(4) COLLATE utf8_unicode_ci NOT NULL DEFAULT 'text',
  `SEARCHABLE_CONTENT` text COLLATE utf8_unicode_ci,
  `CODE` varchar(255) COLLATE utf8_unicode_ci DEFAULT NULL,
  `XML_ID` varchar(255) COLLATE utf8_unicode_ci DEFAULT NULL,
  `TMP_ID` varchar(40) COLLATE utf8_unicode_ci DEFAULT NULL,
  `DETAIL_PICTURE` int(18) DEFAULT NULL,
  `SOCNET_GROUP_ID` int(18) DEFAULT NULL,
  PRIMARY KEY (`ID`),
  KEY `ix_iblock_section_1` (`IBLOCK_ID`,`IBLOCK_SECTION_ID`),
  KEY `ix_iblock_section_depth_level` (`IBLOCK_ID`,`DEPTH_LEVEL`),
  KEY `ix_iblock_section_left_margin` (`IBLOCK_ID`,`LEFT_MARGIN`,`RIGHT_MARGIN`),
  KEY `ix_iblock_section_right_margin` (`IBLOCK_ID`,`RIGHT_MARGIN`,`LEFT_MARGIN`),
  KEY `ix_iblock_section_code` (`IBLOCK_ID`,`CODE`)
) ENGINE=InnoDB AUTO_INCREMENT=5 DEFAULT CHARSET=utf8 COLLATE=utf8_unicode_ci;
/*!40101 SET character_set_client = @saved_cs_client */;

--
-- Dumping data for table `b_iblock_section`
--

LOCK TABLES `b_iblock_section` WRITE;
/*!40000 ALTER TABLE `b_iblock_section` DISABLE KEYS */;
INSERT INTO `b_iblock_section` VALUES (1,'2018-04-13 13:16:25',1,'2018-04-13 16:16:25',1,2,NULL,'Y','Y',100,' ',1,1,2,1,',     ','html',' \r\n,     ',NULL,'2',NULL,NULL,NULL),(2,'2018-04-13 13:16:25',1,'2018-04-13 16:16:25',1,2,NULL,'Y','Y',200,' ',2,3,4,1,', , ','html',' \r\n, , ',NULL,'3',NULL,NULL,NULL),(3,'2018-04-13 13:16:26',1,'2018-04-13 16:16:26',1,2,NULL,'Y','Y',300,'  ',3,5,6,1,', ,   ','html','  \r\n, ,   ',NULL,'4',NULL,NULL,NULL),(4,'2018-04-13 13:16:27',1,'2018-04-13 16:16:27',1,2,NULL,'Y','Y',400,' ',4,7,8,1,', ,   ','html',' \r\n, ,   ',NULL,'5',NULL,NULL,NULL);
/*!40000 ALTER TABLE `b_iblock_section` ENABLE KEYS */;
UNLOCK TABLES;

--
-- Table structure for table `b_iblock_section_element`
--

DROP TABLE IF EXISTS `b_iblock_section_element`;
/*!40101 SET @saved_cs_client     = @@character_set_client */;
/*!40101 SET character_set_client = utf8 */;
CREATE TABLE `b_iblock_section_element` (
  `IBLOCK_SECTION_ID` int(11) NOT NULL,
  `IBLOCK_ELEMENT_ID` int(11) NOT NULL,
  `ADDITIONAL_PROPERTY_ID` int(18) DEFAULT NULL,
  UNIQUE KEY `ux_iblock_section_element` (`IBLOCK_SECTION_ID`,`IBLOCK_ELEMENT_ID`,`ADDITIONAL_PROPERTY_ID`),
  KEY `UX_IBLOCK_SECTION_ELEMENT2` (`IBLOCK_ELEMENT_ID`)
) ENGINE=InnoDB DEFAULT CHARSET=utf8 COLLATE=utf8_unicode_ci;
/*!40101 SET character_set_client = @saved_cs_client */;

--
-- Dumping data for table `b_iblock_section_element`
--

LOCK TABLES `b_iblock_section_element` WRITE;
/*!40000 ALTER TABLE `b_iblock_section_element` DISABLE KEYS */;
INSERT INTO `b_iblock_section_element` VALUES (1,4,NULL),(1,5,NULL),(1,9,NULL),(1,10,NULL),(1,11,NULL),(1,12,NULL),(1,13,NULL),(1,14,NULL),(2,6,NULL),(2,7,NULL),(2,15,NULL),(2,16,NULL),(2,17,NULL),(2,18,NULL),(2,19,NULL),(2,20,NULL),(3,8,NULL),(3,21,NULL),(3,22,NULL),(3,23,NULL),(4,24,NULL),(4,25,NULL),(4,26,NULL),(4,27,NULL);
/*!40000 ALTER TABLE `b_iblock_section_element` ENABLE KEYS */;
UNLOCK TABLES;

--
-- Table structure for table `b_iblock_section_iprop`
--

DROP TABLE IF EXISTS `b_iblock_section_iprop`;
/*!40101 SET @saved_cs_client     = @@character_set_client */;
/*!40101 SET character_set_client = utf8 */;
CREATE TABLE `b_iblock_section_iprop` (
  `IBLOCK_ID` int(11) NOT NULL,
  `SECTION_ID` int(11) NOT NULL,
  `IPROP_ID` int(11) NOT NULL,
  `VALUE` text COLLATE utf8_unicode_ci NOT NULL,
  PRIMARY KEY (`SECTION_ID`,`IPROP_ID`),
  KEY `ix_b_iblock_section_iprop_0` (`IPROP_ID`),
  KEY `ix_b_iblock_section_iprop_1` (`IBLOCK_ID`)
) ENGINE=InnoDB DEFAULT CHARSET=utf8 COLLATE=utf8_unicode_ci;
/*!40101 SET character_set_client = @saved_cs_client */;

--
-- Dumping data for table `b_iblock_section_iprop`
--

LOCK TABLES `b_iblock_section_iprop` WRITE;
/*!40000 ALTER TABLE `b_iblock_section_iprop` DISABLE KEYS */;
/*!40000 ALTER TABLE `b_iblock_section_iprop` ENABLE KEYS */;
UNLOCK TABLES;

--
-- Table structure for table `b_iblock_section_property`
--

DROP TABLE IF EXISTS `b_iblock_section_property`;
/*!40101 SET @saved_cs_client     = @@character_set_client */;
/*!40101 SET character_set_client = utf8 */;
CREATE TABLE `b_iblock_section_property` (
  `IBLOCK_ID` int(11) NOT NULL,
  `SECTION_ID` int(11) NOT NULL,
  `PROPERTY_ID` int(11) NOT NULL,
  `SMART_FILTER` char(1) COLLATE utf8_unicode_ci DEFAULT NULL,
  `DISPLAY_TYPE` char(1) COLLATE utf8_unicode_ci DEFAULT NULL,
  `DISPLAY_EXPANDED` char(1) COLLATE utf8_unicode_ci DEFAULT NULL,
  `FILTER_HINT` varchar(255) COLLATE utf8_unicode_ci DEFAULT NULL,
  PRIMARY KEY (`IBLOCK_ID`,`SECTION_ID`,`PROPERTY_ID`),
  KEY `ix_b_iblock_section_property_1` (`PROPERTY_ID`),
  KEY `ix_b_iblock_section_property_2` (`SECTION_ID`)
) ENGINE=InnoDB DEFAULT CHARSET=utf8 COLLATE=utf8_unicode_ci;
/*!40101 SET character_set_client = @saved_cs_client */;

--
-- Dumping data for table `b_iblock_section_property`
--

LOCK TABLES `b_iblock_section_property` WRITE;
/*!40000 ALTER TABLE `b_iblock_section_property` DISABLE KEYS */;
/*!40000 ALTER TABLE `b_iblock_section_property` ENABLE KEYS */;
UNLOCK TABLES;

--
-- Table structure for table `b_iblock_section_right`
--

DROP TABLE IF EXISTS `b_iblock_section_right`;
/*!40101 SET @saved_cs_client     = @@character_set_client */;
/*!40101 SET character_set_client = utf8 */;
CREATE TABLE `b_iblock_section_right` (
  `IBLOCK_ID` int(11) NOT NULL,
  `SECTION_ID` int(11) NOT NULL,
  `RIGHT_ID` int(11) NOT NULL,
  `IS_INHERITED` char(1) COLLATE utf8_unicode_ci NOT NULL,
  PRIMARY KEY (`RIGHT_ID`,`SECTION_ID`),
  KEY `ix_b_iblock_section_right_1` (`SECTION_ID`,`IBLOCK_ID`),
  KEY `ix_b_iblock_section_right_2` (`IBLOCK_ID`,`RIGHT_ID`)
) ENGINE=InnoDB DEFAULT CHARSET=utf8 COLLATE=utf8_unicode_ci;
/*!40101 SET character_set_client = @saved_cs_client */;

--
-- Dumping data for table `b_iblock_section_right`
--

LOCK TABLES `b_iblock_section_right` WRITE;
/*!40000 ALTER TABLE `b_iblock_section_right` DISABLE KEYS */;
/*!40000 ALTER TABLE `b_iblock_section_right` ENABLE KEYS */;
UNLOCK TABLES;

--
-- Table structure for table `b_iblock_sequence`
--

DROP TABLE IF EXISTS `b_iblock_sequence`;
/*!40101 SET @saved_cs_client     = @@character_set_client */;
/*!40101 SET character_set_client = utf8 */;
CREATE TABLE `b_iblock_sequence` (
  `IBLOCK_ID` int(18) NOT NULL,
  `CODE` varchar(50) COLLATE utf8_unicode_ci NOT NULL,
  `SEQ_VALUE` int(11) DEFAULT NULL,
  PRIMARY KEY (`IBLOCK_ID`,`CODE`)
) ENGINE=InnoDB DEFAULT CHARSET=utf8 COLLATE=utf8_unicode_ci;
/*!40101 SET character_set_client = @saved_cs_client */;

--
-- Dumping data for table `b_iblock_sequence`
--

LOCK TABLES `b_iblock_sequence` WRITE;
/*!40000 ALTER TABLE `b_iblock_sequence` DISABLE KEYS */;
/*!40000 ALTER TABLE `b_iblock_sequence` ENABLE KEYS */;
UNLOCK TABLES;

--
-- Table structure for table `b_iblock_site`
--

DROP TABLE IF EXISTS `b_iblock_site`;
/*!40101 SET @saved_cs_client     = @@character_set_client */;
/*!40101 SET character_set_client = utf8 */;
CREATE TABLE `b_iblock_site` (
  `IBLOCK_ID` int(18) NOT NULL,
  `SITE_ID` char(2) COLLATE utf8_unicode_ci NOT NULL,
  PRIMARY KEY (`IBLOCK_ID`,`SITE_ID`)
) ENGINE=InnoDB DEFAULT CHARSET=utf8 COLLATE=utf8_unicode_ci;
/*!40101 SET character_set_client = @saved_cs_client */;

--
-- Dumping data for table `b_iblock_site`
--

LOCK TABLES `b_iblock_site` WRITE;
/*!40000 ALTER TABLE `b_iblock_site` DISABLE KEYS */;
INSERT INTO `b_iblock_site` VALUES (1,'s1'),(1,'s2'),(2,'s1'),(3,'s1'),(4,'s1'),(5,'s1');
/*!40000 ALTER TABLE `b_iblock_site` ENABLE KEYS */;
UNLOCK TABLES;

--
-- Table structure for table `b_iblock_type`
--

DROP TABLE IF EXISTS `b_iblock_type`;
/*!40101 SET @saved_cs_client     = @@character_set_client */;
/*!40101 SET character_set_client = utf8 */;
CREATE TABLE `b_iblock_type` (
  `ID` varchar(50) COLLATE utf8_unicode_ci NOT NULL,
  `SECTIONS` char(1) COLLATE utf8_unicode_ci NOT NULL DEFAULT 'Y',
  `EDIT_FILE_BEFORE` varchar(255) COLLATE utf8_unicode_ci DEFAULT NULL,
  `EDIT_FILE_AFTER` varchar(255) COLLATE utf8_unicode_ci DEFAULT NULL,
  `IN_RSS` char(1) COLLATE utf8_unicode_ci NOT NULL DEFAULT 'N',
  `SORT` int(18) NOT NULL DEFAULT '500',
  PRIMARY KEY (`ID`)
) ENGINE=InnoDB DEFAULT CHARSET=utf8 COLLATE=utf8_unicode_ci;
/*!40101 SET character_set_client = @saved_cs_client */;

--
-- Dumping data for table `b_iblock_type`
--

LOCK TABLES `b_iblock_type` WRITE;
/*!40000 ALTER TABLE `b_iblock_type` DISABLE KEYS */;
INSERT INTO `b_iblock_type` VALUES ('news','N',NULL,NULL,'Y',50),('products','Y',NULL,NULL,'N',100),('vacancies','Y',NULL,NULL,'N',150);
/*!40000 ALTER TABLE `b_iblock_type` ENABLE KEYS */;
UNLOCK TABLES;

--
-- Table structure for table `b_iblock_type_lang`
--

DROP TABLE IF EXISTS `b_iblock_type_lang`;
/*!40101 SET @saved_cs_client     = @@character_set_client */;
/*!40101 SET character_set_client = utf8 */;
CREATE TABLE `b_iblock_type_lang` (
  `IBLOCK_TYPE_ID` varchar(50) COLLATE utf8_unicode_ci NOT NULL,
  `LID` char(2) COLLATE utf8_unicode_ci NOT NULL,
  `NAME` varchar(100) COLLATE utf8_unicode_ci NOT NULL,
  `SECTION_NAME` varchar(100) COLLATE utf8_unicode_ci DEFAULT NULL,
  `ELEMENT_NAME` varchar(100) COLLATE utf8_unicode_ci DEFAULT NULL
) ENGINE=InnoDB DEFAULT CHARSET=utf8 COLLATE=utf8_unicode_ci;
/*!40101 SET character_set_client = @saved_cs_client */;

--
-- Dumping data for table `b_iblock_type_lang`
--

LOCK TABLES `b_iblock_type_lang` WRITE;
/*!40000 ALTER TABLE `b_iblock_type_lang` DISABLE KEYS */;
INSERT INTO `b_iblock_type_lang` VALUES ('news','en','News','','News'),('news','ru','','',''),('products','en','Products and services','Sections','Products and services'),('products','ru','  ','','  '),('vacancies','en','Job','Categories','Vacancies'),('vacancies','ru','','','');
/*!40000 ALTER TABLE `b_iblock_type_lang` ENABLE KEYS */;
UNLOCK TABLES;

--
-- Table structure for table `b_lang`
--

DROP TABLE IF EXISTS `b_lang`;
/*!40101 SET @saved_cs_client     = @@character_set_client */;
/*!40101 SET character_set_client = utf8 */;
CREATE TABLE `b_lang` (
  `LID` char(2) COLLATE utf8_unicode_ci NOT NULL,
  `SORT` int(18) NOT NULL DEFAULT '100',
  `DEF` char(1) COLLATE utf8_unicode_ci NOT NULL DEFAULT 'N',
  `ACTIVE` char(1) COLLATE utf8_unicode_ci NOT NULL DEFAULT 'Y',
  `NAME` varchar(50) COLLATE utf8_unicode_ci NOT NULL,
  `DIR` varchar(50) COLLATE utf8_unicode_ci NOT NULL,
  `FORMAT_DATE` varchar(50) COLLATE utf8_unicode_ci DEFAULT NULL,
  `FORMAT_DATETIME` varchar(50) COLLATE utf8_unicode_ci DEFAULT NULL,
  `FORMAT_NAME` varchar(255) COLLATE utf8_unicode_ci DEFAULT NULL,
  `WEEK_START` int(11) DEFAULT NULL,
  `CHARSET` varchar(255) COLLATE utf8_unicode_ci DEFAULT NULL,
  `LANGUAGE_ID` char(2) COLLATE utf8_unicode_ci NOT NULL,
  `DOC_ROOT` varchar(255) COLLATE utf8_unicode_ci DEFAULT NULL,
  `DOMAIN_LIMITED` char(1) COLLATE utf8_unicode_ci NOT NULL DEFAULT 'N',
  `SERVER_NAME` varchar(255) COLLATE utf8_unicode_ci DEFAULT NULL,
  `SITE_NAME` varchar(255) COLLATE utf8_unicode_ci DEFAULT NULL,
  `EMAIL` varchar(255) COLLATE utf8_unicode_ci DEFAULT NULL,
  `CULTURE_ID` int(11) DEFAULT NULL,
  PRIMARY KEY (`LID`)
) ENGINE=InnoDB DEFAULT CHARSET=utf8 COLLATE=utf8_unicode_ci;
/*!40101 SET character_set_client = @saved_cs_client */;

--
-- Dumping data for table `b_lang`
--

LOCK TABLES `b_lang` WRITE;
/*!40000 ALTER TABLE `b_lang` DISABLE KEYS */;
INSERT INTO `b_lang` VALUES ('s1',1,'Y','Y','C  (  )','/',NULL,NULL,NULL,NULL,NULL,'ru',NULL,'N',NULL,'C ',NULL,1),('s2',1,'N','Y','Furniture company','/ex2/site2/',NULL,NULL,NULL,NULL,NULL,'en','','N','','','',2);
/*!40000 ALTER TABLE `b_lang` ENABLE KEYS */;
UNLOCK TABLES;

--
-- Table structure for table `b_lang_domain`
--

DROP TABLE IF EXISTS `b_lang_domain`;
/*!40101 SET @saved_cs_client     = @@character_set_client */;
/*!40101 SET character_set_client = utf8 */;
CREATE TABLE `b_lang_domain` (
  `LID` char(2) COLLATE utf8_unicode_ci NOT NULL,
  `DOMAIN` varchar(255) COLLATE utf8_unicode_ci NOT NULL,
  PRIMARY KEY (`LID`,`DOMAIN`)
) ENGINE=InnoDB DEFAULT CHARSET=utf8 COLLATE=utf8_unicode_ci;
/*!40101 SET character_set_client = @saved_cs_client */;

--
-- Dumping data for table `b_lang_domain`
--

LOCK TABLES `b_lang_domain` WRITE;
/*!40000 ALTER TABLE `b_lang_domain` DISABLE KEYS */;
/*!40000 ALTER TABLE `b_lang_domain` ENABLE KEYS */;
UNLOCK TABLES;

--
-- Table structure for table `b_language`
--

DROP TABLE IF EXISTS `b_language`;
/*!40101 SET @saved_cs_client     = @@character_set_client */;
/*!40101 SET character_set_client = utf8 */;
CREATE TABLE `b_language` (
  `LID` char(2) COLLATE utf8_unicode_ci NOT NULL,
  `SORT` int(11) NOT NULL DEFAULT '100',
  `DEF` char(1) COLLATE utf8_unicode_ci NOT NULL DEFAULT 'N',
  `ACTIVE` char(1) COLLATE utf8_unicode_ci NOT NULL DEFAULT 'Y',
  `NAME` varchar(50) COLLATE utf8_unicode_ci NOT NULL,
  `FORMAT_DATE` varchar(50) COLLATE utf8_unicode_ci DEFAULT NULL,
  `FORMAT_DATETIME` varchar(50) COLLATE utf8_unicode_ci DEFAULT NULL,
  `FORMAT_NAME` varchar(255) COLLATE utf8_unicode_ci DEFAULT NULL,
  `WEEK_START` int(11) DEFAULT NULL,
  `CHARSET` varchar(255) COLLATE utf8_unicode_ci DEFAULT NULL,
  `DIRECTION` char(1) COLLATE utf8_unicode_ci DEFAULT NULL,
  `CULTURE_ID` int(11) DEFAULT NULL,
  PRIMARY KEY (`LID`)
) ENGINE=InnoDB DEFAULT CHARSET=utf8 COLLATE=utf8_unicode_ci;
/*!40101 SET character_set_client = @saved_cs_client */;

--
-- Dumping data for table `b_language`
--

LOCK TABLES `b_language` WRITE;
/*!40000 ALTER TABLE `b_language` DISABLE KEYS */;
INSERT INTO `b_language` VALUES ('en',2,'N','Y','English',NULL,NULL,NULL,NULL,NULL,NULL,2),('ru',1,'Y','Y','Russian',NULL,NULL,NULL,NULL,NULL,NULL,1);
/*!40000 ALTER TABLE `b_language` ENABLE KEYS */;
UNLOCK TABLES;

--
-- Table structure for table `b_list_rubric`
--

DROP TABLE IF EXISTS `b_list_rubric`;
/*!40101 SET @saved_cs_client     = @@character_set_client */;
/*!40101 SET character_set_client = utf8 */;
CREATE TABLE `b_list_rubric` (
  `ID` int(11) NOT NULL AUTO_INCREMENT,
  `LID` char(2) COLLATE utf8_unicode_ci NOT NULL,
  `CODE` varchar(100) COLLATE utf8_unicode_ci DEFAULT NULL,
  `NAME` varchar(100) COLLATE utf8_unicode_ci DEFAULT NULL,
  `DESCRIPTION` text COLLATE utf8_unicode_ci,
  `SORT` int(11) NOT NULL DEFAULT '100',
  `ACTIVE` char(1) COLLATE utf8_unicode_ci NOT NULL DEFAULT 'Y',
  `AUTO` char(1) COLLATE utf8_unicode_ci NOT NULL DEFAULT 'N',
  `DAYS_OF_MONTH` varchar(100) COLLATE utf8_unicode_ci DEFAULT NULL,
  `DAYS_OF_WEEK` varchar(15) COLLATE utf8_unicode_ci DEFAULT NULL,
  `TIMES_OF_DAY` varchar(255) COLLATE utf8_unicode_ci DEFAULT NULL,
  `TEMPLATE` varchar(100) COLLATE utf8_unicode_ci DEFAULT NULL,
  `LAST_EXECUTED` datetime DEFAULT NULL,
  `VISIBLE` char(1) COLLATE utf8_unicode_ci NOT NULL DEFAULT 'Y',
  `FROM_FIELD` varchar(255) COLLATE utf8_unicode_ci DEFAULT NULL,
  PRIMARY KEY (`ID`)
) ENGINE=InnoDB DEFAULT CHARSET=utf8 COLLATE=utf8_unicode_ci;
/*!40101 SET character_set_client = @saved_cs_client */;

--
-- Dumping data for table `b_list_rubric`
--

LOCK TABLES `b_list_rubric` WRITE;
/*!40000 ALTER TABLE `b_list_rubric` DISABLE KEYS */;
/*!40000 ALTER TABLE `b_list_rubric` ENABLE KEYS */;
UNLOCK TABLES;

--
-- Table structure for table `b_medialib_collection`
--

DROP TABLE IF EXISTS `b_medialib_collection`;
/*!40101 SET @saved_cs_client     = @@character_set_client */;
/*!40101 SET character_set_client = utf8 */;
CREATE TABLE `b_medialib_collection` (
  `ID` int(11) NOT NULL AUTO_INCREMENT,
  `NAME` varchar(255) COLLATE utf8_unicode_ci NOT NULL,
  `DESCRIPTION` text COLLATE utf8_unicode_ci,
  `ACTIVE` char(1) COLLATE utf8_unicode_ci NOT NULL DEFAULT 'Y',
  `DATE_UPDATE` datetime NOT NULL,
  `OWNER_ID` int(11) DEFAULT NULL,
  `PARENT_ID` int(11) DEFAULT NULL,
  `SITE_ID` char(2) COLLATE utf8_unicode_ci DEFAULT NULL,
  `KEYWORDS` varchar(255) COLLATE utf8_unicode_ci DEFAULT NULL,
  `ITEMS_COUNT` int(11) DEFAULT NULL,
  `ML_TYPE` int(11) NOT NULL DEFAULT '0',
  PRIMARY KEY (`ID`)
) ENGINE=InnoDB DEFAULT CHARSET=utf8 COLLATE=utf8_unicode_ci;
/*!40101 SET character_set_client = @saved_cs_client */;

--
-- Dumping data for table `b_medialib_collection`
--

LOCK TABLES `b_medialib_collection` WRITE;
/*!40000 ALTER TABLE `b_medialib_collection` DISABLE KEYS */;
/*!40000 ALTER TABLE `b_medialib_collection` ENABLE KEYS */;
UNLOCK TABLES;

--
-- Table structure for table `b_medialib_collection_item`
--

DROP TABLE IF EXISTS `b_medialib_collection_item`;
/*!40101 SET @saved_cs_client     = @@character_set_client */;
/*!40101 SET character_set_client = utf8 */;
CREATE TABLE `b_medialib_collection_item` (
  `COLLECTION_ID` int(11) NOT NULL,
  `ITEM_ID` int(11) NOT NULL,
  PRIMARY KEY (`ITEM_ID`,`COLLECTION_ID`)
) ENGINE=InnoDB DEFAULT CHARSET=utf8 COLLATE=utf8_unicode_ci;
/*!40101 SET character_set_client = @saved_cs_client */;

--
-- Dumping data for table `b_medialib_collection_item`
--

LOCK TABLES `b_medialib_collection_item` WRITE;
/*!40000 ALTER TABLE `b_medialib_collection_item` DISABLE KEYS */;
/*!40000 ALTER TABLE `b_medialib_collection_item` ENABLE KEYS */;
UNLOCK TABLES;

--
-- Table structure for table `b_medialib_item`
--

DROP TABLE IF EXISTS `b_medialib_item`;
/*!40101 SET @saved_cs_client     = @@character_set_client */;
/*!40101 SET character_set_client = utf8 */;
CREATE TABLE `b_medialib_item` (
  `ID` int(11) NOT NULL AUTO_INCREMENT,
  `NAME` varchar(255) COLLATE utf8_unicode_ci NOT NULL,
  `ITEM_TYPE` char(30) COLLATE utf8_unicode_ci DEFAULT NULL,
  `DESCRIPTION` text COLLATE utf8_unicode_ci,
  `DATE_CREATE` datetime NOT NULL,
  `DATE_UPDATE` datetime NOT NULL,
  `SOURCE_ID` int(11) NOT NULL,
  `KEYWORDS` varchar(255) COLLATE utf8_unicode_ci DEFAULT NULL,
  `SEARCHABLE_CONTENT` text COLLATE utf8_unicode_ci,
  PRIMARY KEY (`ID`)
) ENGINE=InnoDB DEFAULT CHARSET=utf8 COLLATE=utf8_unicode_ci;
/*!40101 SET character_set_client = @saved_cs_client */;

--
-- Dumping data for table `b_medialib_item`
--

LOCK TABLES `b_medialib_item` WRITE;
/*!40000 ALTER TABLE `b_medialib_item` DISABLE KEYS */;
/*!40000 ALTER TABLE `b_medialib_item` ENABLE KEYS */;
UNLOCK TABLES;

--
-- Table structure for table `b_medialib_type`
--

DROP TABLE IF EXISTS `b_medialib_type`;
/*!40101 SET @saved_cs_client     = @@character_set_client */;
/*!40101 SET character_set_client = utf8 */;
CREATE TABLE `b_medialib_type` (
  `ID` int(11) NOT NULL AUTO_INCREMENT,
  `NAME` varchar(255) COLLATE utf8_unicode_ci DEFAULT NULL,
  `CODE` varchar(255) COLLATE utf8_unicode_ci NOT NULL,
  `EXT` varchar(255) COLLATE utf8_unicode_ci NOT NULL,
  `SYSTEM` char(1) COLLATE utf8_unicode_ci NOT NULL DEFAULT 'N',
  `DESCRIPTION` text COLLATE utf8_unicode_ci,
  PRIMARY KEY (`ID`)
) ENGINE=InnoDB AUTO_INCREMENT=4 DEFAULT CHARSET=utf8 COLLATE=utf8_unicode_ci;
/*!40101 SET character_set_client = @saved_cs_client */;

--
-- Dumping data for table `b_medialib_type`
--

LOCK TABLES `b_medialib_type` WRITE;
/*!40000 ALTER TABLE `b_medialib_type` DISABLE KEYS */;
INSERT INTO `b_medialib_type` VALUES (1,'image_name','image','jpg,jpeg,gif,png','Y','image_desc'),(2,'video_name','video','flv,mp4,wmv','Y','video_desc'),(3,'sound_name','sound','mp3,wma,aac','Y','sound_desc');
/*!40000 ALTER TABLE `b_medialib_type` ENABLE KEYS */;
UNLOCK TABLES;

--
-- Table structure for table `b_mobileapp_app`
--

DROP TABLE IF EXISTS `b_mobileapp_app`;
/*!40101 SET @saved_cs_client     = @@character_set_client */;
/*!40101 SET character_set_client = utf8 */;
CREATE TABLE `b_mobileapp_app` (
  `CODE` varchar(50) COLLATE utf8_unicode_ci NOT NULL,
  `SHORT_NAME` varchar(50) COLLATE utf8_unicode_ci NOT NULL,
  `NAME` varchar(50) COLLATE utf8_unicode_ci NOT NULL,
  `DESCRIPTION` text COLLATE utf8_unicode_ci NOT NULL,
  `FILES` text COLLATE utf8_unicode_ci NOT NULL,
  `LAUNCH_ICONS` text COLLATE utf8_unicode_ci NOT NULL,
  `LAUNCH_SCREENS` text COLLATE utf8_unicode_ci NOT NULL,
  `FOLDER` varchar(50) COLLATE utf8_unicode_ci NOT NULL,
  `DATE_CREATE` datetime NOT NULL,
  PRIMARY KEY (`CODE`)
) ENGINE=InnoDB DEFAULT CHARSET=utf8 COLLATE=utf8_unicode_ci;
/*!40101 SET character_set_client = @saved_cs_client */;

--
-- Dumping data for table `b_mobileapp_app`
--

LOCK TABLES `b_mobileapp_app` WRITE;
/*!40000 ALTER TABLE `b_mobileapp_app` DISABLE KEYS */;
/*!40000 ALTER TABLE `b_mobileapp_app` ENABLE KEYS */;
UNLOCK TABLES;

--
-- Table structure for table `b_mobileapp_config`
--

DROP TABLE IF EXISTS `b_mobileapp_config`;
/*!40101 SET @saved_cs_client     = @@character_set_client */;
/*!40101 SET character_set_client = utf8 */;
CREATE TABLE `b_mobileapp_config` (
  `APP_CODE` varchar(150) COLLATE utf8_unicode_ci NOT NULL,
  `PLATFORM` varchar(150) COLLATE utf8_unicode_ci NOT NULL,
  `PARAMS` text COLLATE utf8_unicode_ci NOT NULL,
  `DATE_CREATE` datetime NOT NULL,
  PRIMARY KEY (`APP_CODE`,`PLATFORM`)
) ENGINE=InnoDB DEFAULT CHARSET=utf8 COLLATE=utf8_unicode_ci;
/*!40101 SET character_set_client = @saved_cs_client */;

--
-- Dumping data for table `b_mobileapp_config`
--

LOCK TABLES `b_mobileapp_config` WRITE;
/*!40000 ALTER TABLE `b_mobileapp_config` DISABLE KEYS */;
/*!40000 ALTER TABLE `b_mobileapp_config` ENABLE KEYS */;
UNLOCK TABLES;

--
-- Table structure for table `b_module`
--

DROP TABLE IF EXISTS `b_module`;
/*!40101 SET @saved_cs_client     = @@character_set_client */;
/*!40101 SET character_set_client = utf8 */;
CREATE TABLE `b_module` (
  `ID` varchar(50) COLLATE utf8_unicode_ci NOT NULL,
  `DATE_ACTIVE` timestamp NOT NULL DEFAULT CURRENT_TIMESTAMP ON UPDATE CURRENT_TIMESTAMP,
  PRIMARY KEY (`ID`)
) ENGINE=InnoDB DEFAULT CHARSET=utf8 COLLATE=utf8_unicode_ci;
/*!40101 SET character_set_client = @saved_cs_client */;

--
-- Dumping data for table `b_module`
--

LOCK TABLES `b_module` WRITE;
/*!40000 ALTER TABLE `b_module` DISABLE KEYS */;
INSERT INTO `b_module` VALUES ('b24connector','2018-04-13 13:08:08'),('bitrix.sitecorporate','2018-04-13 13:08:14'),('bitrix.siteinfoportal','2018-04-13 13:08:17'),('bitrix.sitepersonal','2018-04-13 13:08:20'),('bitrixcloud','2018-04-13 13:08:24'),('blog','2018-04-13 13:08:44'),('clouds','2018-04-13 13:08:56'),('compression','2018-04-13 13:09:00'),('fileman','2018-04-13 13:09:06'),('form','2018-04-13 13:09:21'),('forum','2018-04-13 13:09:37'),('highloadblock','2018-04-13 13:10:11'),('iblock','2018-04-13 13:10:29'),('main','2018-04-13 13:07:52'),('mobileapp','2018-04-13 13:10:41'),('perfmon','2018-04-13 13:10:53'),('photogallery','2018-04-13 13:10:56'),('scale','2018-04-13 13:10:59'),('search','2018-04-13 13:11:07'),('security','2018-04-13 13:11:19'),('seo','2018-04-13 13:11:28'),('socialservices','2018-04-13 13:11:34'),('subscribe','2018-04-13 13:11:38'),('translate','2018-04-13 13:11:40'),('ui','2018-04-13 13:11:40'),('vote','2018-04-13 13:11:46');
/*!40000 ALTER TABLE `b_module` ENABLE KEYS */;
UNLOCK TABLES;

--
-- Table structure for table `b_module_group`
--

DROP TABLE IF EXISTS `b_module_group`;
/*!40101 SET @saved_cs_client     = @@character_set_client */;
/*!40101 SET character_set_client = utf8 */;
CREATE TABLE `b_module_group` (
  `ID` int(11) NOT NULL AUTO_INCREMENT,
  `MODULE_ID` varchar(50) COLLATE utf8_unicode_ci NOT NULL,
  `GROUP_ID` int(11) NOT NULL,
  `G_ACCESS` varchar(255) COLLATE utf8_unicode_ci NOT NULL,
  `SITE_ID` char(2) COLLATE utf8_unicode_ci DEFAULT NULL,
  PRIMARY KEY (`ID`),
  UNIQUE KEY `UK_GROUP_MODULE` (`MODULE_ID`,`GROUP_ID`,`SITE_ID`)
) ENGINE=InnoDB AUTO_INCREMENT=3 DEFAULT CHARSET=utf8 COLLATE=utf8_unicode_ci;
/*!40101 SET character_set_client = @saved_cs_client */;

--
-- Dumping data for table `b_module_group`
--

LOCK TABLES `b_module_group` WRITE;
/*!40000 ALTER TABLE `b_module_group` DISABLE KEYS */;
INSERT INTO `b_module_group` VALUES (1,'main',5,'Q',NULL),(2,'fileman',5,'F',NULL);
/*!40000 ALTER TABLE `b_module_group` ENABLE KEYS */;
UNLOCK TABLES;

--
-- Table structure for table `b_module_to_module`
--

DROP TABLE IF EXISTS `b_module_to_module`;
/*!40101 SET @saved_cs_client     = @@character_set_client */;
/*!40101 SET character_set_client = utf8 */;
CREATE TABLE `b_module_to_module` (
  `ID` int(11) NOT NULL AUTO_INCREMENT,
  `TIMESTAMP_X` timestamp NOT NULL DEFAULT CURRENT_TIMESTAMP ON UPDATE CURRENT_TIMESTAMP,
  `SORT` int(18) NOT NULL DEFAULT '100',
  `FROM_MODULE_ID` varchar(50) COLLATE utf8_unicode_ci NOT NULL,
  `MESSAGE_ID` varchar(255) COLLATE utf8_unicode_ci NOT NULL,
  `TO_MODULE_ID` varchar(50) COLLATE utf8_unicode_ci NOT NULL,
  `TO_PATH` varchar(255) COLLATE utf8_unicode_ci DEFAULT NULL,
  `TO_CLASS` varchar(255) COLLATE utf8_unicode_ci DEFAULT NULL,
  `TO_METHOD` varchar(255) COLLATE utf8_unicode_ci DEFAULT NULL,
  `TO_METHOD_ARG` varchar(255) COLLATE utf8_unicode_ci DEFAULT NULL,
  `VERSION` int(18) DEFAULT NULL,
  PRIMARY KEY (`ID`),
  KEY `ix_module_to_module` (`FROM_MODULE_ID`(20),`MESSAGE_ID`(20),`TO_MODULE_ID`(20),`TO_CLASS`(20),`TO_METHOD`(20))
) ENGINE=InnoDB AUTO_INCREMENT=249 DEFAULT CHARSET=utf8 COLLATE=utf8_unicode_ci;
/*!40101 SET character_set_client = @saved_cs_client */;

--
-- Dumping data for table `b_module_to_module`
--

LOCK TABLES `b_module_to_module` WRITE;
/*!40000 ALTER TABLE `b_module_to_module` DISABLE KEYS */;
INSERT INTO `b_module_to_module` VALUES (1,'2018-04-13 13:07:52',100,'iblock','OnIBlockPropertyBuildList','main','/modules/main/tools/prop_userid.php','CIBlockPropertyUserID','GetUserTypeDescription','',1),(2,'2018-04-13 13:07:52',100,'main','OnUserDelete','main','/modules/main/classes/mysql/favorites.php','CFavorites','OnUserDelete','',1),(3,'2018-04-13 13:07:52',100,'main','OnLanguageDelete','main','/modules/main/classes/mysql/favorites.php','CFavorites','OnLanguageDelete','',1),(4,'2018-04-13 13:07:52',100,'main','OnUserDelete','main','','CUserOptions','OnUserDelete','',1),(5,'2018-04-13 13:07:52',100,'main','OnChangeFile','main','','CMain','OnChangeFileComponent','',1),(6,'2018-04-13 13:07:53',100,'main','OnUserTypeRightsCheck','main','','CUser','UserTypeRightsCheck','',1),(7,'2018-04-13 13:07:53',100,'main','OnUserLogin','main','','UpdateTools','CheckUpdates','',1),(8,'2018-04-13 13:07:53',100,'main','OnModuleUpdate','main','','UpdateTools','SetUpdateResult','',1),(9,'2018-04-13 13:07:53',100,'main','OnUpdateCheck','main','','UpdateTools','SetUpdateError','',1),(10,'2018-04-13 13:07:53',100,'main','OnPanelCreate','main','','CUndo','CheckNotifyMessage','',1),(11,'2018-04-13 13:07:53',100,'main','OnAfterAddRating','main','','CRatingsComponentsMain','OnAfterAddRating','',1),(12,'2018-04-13 13:07:53',100,'main','OnAfterUpdateRating','main','','CRatingsComponentsMain','OnAfterUpdateRating','',1),(13,'2018-04-13 13:07:53',100,'main','OnSetRatingsConfigs','main','','CRatingsComponentsMain','OnSetRatingConfigs','',1),(14,'2018-04-13 13:07:53',100,'main','OnGetRatingsConfigs','main','','CRatingsComponentsMain','OnGetRatingConfigs','',1),(15,'2018-04-13 13:07:53',100,'main','OnGetRatingsObjects','main','','CRatingsComponentsMain','OnGetRatingObject','',1),(16,'2018-04-13 13:07:53',100,'main','OnGetRatingContentOwner','main','','CRatingsComponentsMain','OnGetRatingContentOwner','',1),(17,'2018-04-13 13:07:53',100,'main','OnAfterAddRatingRule','main','','CRatingRulesMain','OnAfterAddRatingRule','',1),(18,'2018-04-13 13:07:53',100,'main','OnAfterUpdateRatingRule','main','','CRatingRulesMain','OnAfterUpdateRatingRule','',1),(19,'2018-04-13 13:07:53',100,'main','OnGetRatingRuleObjects','main','','CRatingRulesMain','OnGetRatingRuleObjects','',1),(20,'2018-04-13 13:07:53',100,'main','OnGetRatingRuleConfigs','main','','CRatingRulesMain','OnGetRatingRuleConfigs','',1),(21,'2018-04-13 13:07:53',100,'main','OnAfterUserAdd','main','','CRatings','OnAfterUserRegister','',1),(22,'2018-04-13 13:07:53',100,'main','OnUserDelete','main','','CRatings','OnUserDelete','',1),(23,'2018-04-13 13:07:53',100,'main','OnUserDelete','main','','CAccess','OnUserDelete','',1),(24,'2018-04-13 13:07:53',100,'main','OnAfterGroupAdd','main','','CGroupAuthProvider','OnAfterGroupAdd','',1),(25,'2018-04-13 13:07:54',100,'main','OnBeforeGroupUpdate','main','','CGroupAuthProvider','OnBeforeGroupUpdate','',1),(26,'2018-04-13 13:07:54',100,'main','OnBeforeGroupDelete','main','','CGroupAuthProvider','OnBeforeGroupDelete','',1),(27,'2018-04-13 13:07:54',100,'main','OnAfterSetUserGroup','main','','CGroupAuthProvider','OnAfterSetUserGroup','',1),(28,'2018-04-13 13:07:54',100,'main','OnUserLogin','main','','CGroupAuthProvider','OnUserLogin','',1),(29,'2018-04-13 13:07:54',100,'main','OnEventLogGetAuditTypes','main','','CEventMain','GetAuditTypes','',1),(30,'2018-04-13 13:07:54',100,'main','OnEventLogGetAuditHandlers','main','','CEventMain','MakeMainObject','',1),(31,'2018-04-13 13:07:54',100,'perfmon','OnGetTableSchema','main','','CTableSchema','OnGetTableSchema','',1),(32,'2018-04-13 13:07:54',100,'sender','OnConnectorList','main','','\\Bitrix\\Main\\SenderEventHandler','onConnectorListUser','',1),(33,'2018-04-13 13:07:54',110,'main','OnUserTypeBuildList','main','','CUserTypeString','GetUserTypeDescription','',1),(34,'2018-04-13 13:07:54',120,'main','OnUserTypeBuildList','main','','CUserTypeInteger','GetUserTypeDescription','',1),(35,'2018-04-13 13:07:54',130,'main','OnUserTypeBuildList','main','','CUserTypeDouble','GetUserTypeDescription','',1),(36,'2018-04-13 13:07:54',140,'main','OnUserTypeBuildList','main','','CUserTypeDateTime','GetUserTypeDescription','',1),(37,'2018-04-13 13:07:54',145,'main','OnUserTypeBuildList','main','','CUserTypeDate','GetUserTypeDescription','',1),(38,'2018-04-13 13:07:54',150,'main','OnUserTypeBuildList','main','','CUserTypeBoolean','GetUserTypeDescription','',1),(39,'2018-04-13 13:07:54',155,'main','OnUserTypeBuildList','main','','CUserTypeUrl','GetUserTypeDescription','',1),(40,'2018-04-13 13:07:54',160,'main','OnUserTypeBuildList','main','','CUserTypeFile','GetUserTypeDescription','',1),(41,'2018-04-13 13:07:54',170,'main','OnUserTypeBuildList','main','','CUserTypeEnum','GetUserTypeDescription','',1),(42,'2018-04-13 13:07:54',180,'main','OnUserTypeBuildList','main','','CUserTypeIBlockSection','GetUserTypeDescription','',1),(43,'2018-04-13 13:07:55',190,'main','OnUserTypeBuildList','main','','CUserTypeIBlockElement','GetUserTypeDescription','',1),(44,'2018-04-13 13:07:55',200,'main','OnUserTypeBuildList','main','','CUserTypeStringFormatted','GetUserTypeDescription','',1),(45,'2018-04-13 13:07:55',210,'main','OnUserTypeBuildList','main','','\\Bitrix\\Main\\UrlPreview\\UrlPreviewUserType','getUserTypeDescription','',1),(46,'2018-04-13 13:07:55',100,'main','OnBeforeEndBufferContent','main','','\\Bitrix\\Main\\Analytics\\Counter','onBeforeEndBufferContent','',1),(47,'2018-04-13 13:07:55',100,'main','OnBeforeRestartBuffer','main','','\\Bitrix\\Main\\Analytics\\Counter','onBeforeRestartBuffer','',1),(48,'2018-04-13 13:07:55',100,'disk','onAfterAjaxActionCreateFolderWithSharing','main','','\\Bitrix\\Main\\FinderDestTable','onAfterDiskAjaxAction','',1),(49,'2018-04-13 13:07:55',100,'disk','onAfterAjaxActionAppendSharing','main','','\\Bitrix\\Main\\FinderDestTable','onAfterDiskAjaxAction','',1),(50,'2018-04-13 13:07:55',100,'disk','onAfterAjaxActionChangeSharingAndRights','main','','\\Bitrix\\Main\\FinderDestTable','onAfterDiskAjaxAction','',1),(51,'2018-04-13 13:07:55',100,'socialnetwork','OnSocNetLogDelete','main','','CUserCounter','OnSocNetLogDelete','',1),(52,'2018-04-13 13:07:55',100,'socialnetwork','OnSocNetLogCommentDelete','main','','CUserCounter','OnSocNetLogCommentDelete','',1),(53,'2018-04-13 13:07:57',100,'sale','OnSaleBasketItemSaved','main','','\\Bitrix\\Main\\Analytics\\Catalog','catchCatalogBasket','',2),(54,'2018-04-13 13:07:57',100,'sale','OnSaleOrderSaved','main','','\\Bitrix\\Main\\Analytics\\Catalog','catchCatalogOrder','',2),(55,'2018-04-13 13:07:57',100,'sale','OnSaleOrderPaid','main','','\\Bitrix\\Main\\Analytics\\Catalog','catchCatalogOrderPayment','',2),(56,'2018-04-13 13:08:08',100,'main','OnBuildGlobalMenu','b24connector','','\\Bitrix\\B24Connector\\Helper','onBuildGlobalMenu','',1),(57,'2018-04-13 13:08:08',100,'main','OnBeforeProlog','b24connector','','\\Bitrix\\B24Connector\\Helper','onBeforeProlog','',1),(58,'2018-04-13 13:08:14',100,'main','OnBeforeProlog','bitrix.sitecorporate','','CSiteCorporate','ShowPanel','',1),(59,'2018-04-13 13:08:17',100,'main','OnBeforeProlog','bitrix.siteinfoportal','','CSiteInfoportal','ShowPanel','',1),(60,'2018-04-13 13:08:20',100,'main','OnBeforeProlog','bitrix.sitepersonal','','CSitePersonal','ShowPanel','',1),(61,'2018-04-13 13:08:24',100,'main','OnAdminInformerInsertItems','bitrixcloud','','CBitrixCloudCDN','OnAdminInformerInsertItems','',1),(62,'2018-04-13 13:08:24',100,'main','OnAdminInformerInsertItems','bitrixcloud','','CBitrixCloudBackup','OnAdminInformerInsertItems','',1),(63,'2018-04-13 13:08:24',100,'mobileapp','OnBeforeAdminMobileMenuBuild','bitrixcloud','','CBitrixCloudMobile','OnBeforeAdminMobileMenuBuild','',1),(64,'2018-04-13 13:08:44',100,'search','OnReindex','blog','','CBlogSearch','OnSearchReindex','',1),(65,'2018-04-13 13:08:44',100,'main','OnUserDelete','blog','','CBlogUser','Delete','',1),(66,'2018-04-13 13:08:44',100,'main','OnSiteDelete','blog','','CBlogSitePath','DeleteBySiteID','',1),(67,'2018-04-13 13:08:44',100,'socialnetwork','OnSocNetGroupDelete','blog','','CBlogSoNetPost','OnGroupDelete','',1),(68,'2018-04-13 13:08:44',100,'socialnetwork','OnSocNetFeaturesAdd','blog','','CBlogSearch','SetSoNetFeatureIndexSearch','',1),(69,'2018-04-13 13:08:44',100,'socialnetwork','OnSocNetFeaturesUpdate','blog','','CBlogSearch','SetSoNetFeatureIndexSearch','',1),(70,'2018-04-13 13:08:44',100,'socialnetwork','OnSocNetFeaturesPermsAdd','blog','','CBlogSearch','SetSoNetFeaturePermIndexSearch','',1),(71,'2018-04-13 13:08:44',100,'socialnetwork','OnSocNetFeaturesPermsUpdate','blog','','CBlogSearch','SetSoNetFeaturePermIndexSearch','',1),(72,'2018-04-13 13:08:44',200,'main','OnAfterAddRating','blog','','CRatingsComponentsBlog','OnAfterAddRating','',1),(73,'2018-04-13 13:08:44',200,'main','OnAfterUpdateRating','blog','','CRatingsComponentsBlog','OnAfterUpdateRating','',1),(74,'2018-04-13 13:08:44',200,'main','OnSetRatingsConfigs','blog','','CRatingsComponentsBlog','OnSetRatingConfigs','',1),(75,'2018-04-13 13:08:44',200,'main','OnGetRatingsConfigs','blog','','CRatingsComponentsBlog','OnGetRatingConfigs','',1),(76,'2018-04-13 13:08:44',200,'main','OnGetRatingsObjects','blog','','CRatingsComponentsBlog','OnGetRatingObject','',1),(77,'2018-04-13 13:08:45',200,'main','OnGetRatingContentOwner','blog','','CRatingsComponentsBlog','OnGetRatingContentOwner','',1),(78,'2018-04-13 13:08:45',100,'im','OnGetNotifySchema','blog','','CBlogNotifySchema','OnGetNotifySchema','',1),(79,'2018-04-13 13:08:45',100,'im','OnAnswerNotify','blog','','CBlogNotifySchema','CBlogEventsIMCallback','',1),(80,'2018-04-13 13:08:45',100,'main','OnAfterRegisterModule','main','/modules/blog/install/index.php','blog','installUserFields','',1),(81,'2018-04-13 13:08:45',100,'conversion','OnGetCounterTypes','blog','','\\Bitrix\\Blog\\Internals\\ConversionHandlers','onGetCounterTypes','',1),(82,'2018-04-13 13:08:45',100,'conversion','OnGetRateTypes','blog','','\\Bitrix\\Blog\\Internals\\ConversionHandlers','onGetRateTypes','',1),(83,'2018-04-13 13:08:45',100,'blog','OnPostAdd','blog','','\\Bitrix\\Blog\\Internals\\ConversionHandlers','onPostAdd','',1),(84,'2018-04-13 13:08:45',100,'mail','onReplyReceivedBLOG_POST','blog','','\\Bitrix\\Blog\\Internals\\MailHandler','handleReplyReceivedBlogPost','',2),(85,'2018-04-13 13:08:45',100,'mail','onForwardReceivedBLOG_POST','blog','','\\Bitrix\\Blog\\Internals\\MailHandler','handleForwardReceivedBlogPost','',2),(86,'2018-04-13 13:08:45',100,'socialnetwork','onLogIndexGetContent','blog','','\\Bitrix\\Blog\\Integration\\Socialnetwork\\Log','onIndexGetContent','',2),(87,'2018-04-13 13:08:45',100,'socialnetwork','onLogCommentIndexGetContent','blog','','\\Bitrix\\Blog\\Integration\\Socialnetwork\\LogComment','onIndexGetContent','',2),(88,'2018-04-13 13:08:45',100,'socialnetwork','onContentViewed','blog','','\\Bitrix\\Blog\\Integration\\Socialnetwork\\ContentViewHandler','onContentViewed','',2),(89,'2018-04-13 13:08:56',100,'main','OnEventLogGetAuditTypes','clouds','','CCloudStorage','GetAuditTypes','',1),(90,'2018-04-13 13:08:56',100,'main','OnBeforeProlog','clouds','','CCloudStorage','OnBeforeProlog','',1),(91,'2018-04-13 13:08:56',100,'main','OnAdminListDisplay','clouds','','CCloudStorage','OnAdminListDisplay','',1),(92,'2018-04-13 13:08:56',100,'main','OnBuildGlobalMenu','clouds','','CCloudStorage','OnBuildGlobalMenu','',1),(93,'2018-04-13 13:08:56',100,'main','OnFileSave','clouds','','CCloudStorage','OnFileSave','',1),(94,'2018-04-13 13:08:56',100,'main','OnGetFileSRC','clouds','','CCloudStorage','OnGetFileSRC','',1),(95,'2018-04-13 13:08:56',100,'main','OnFileCopy','clouds','','CCloudStorage','OnFileCopy','',1),(96,'2018-04-13 13:08:56',100,'main','OnFileDelete','clouds','','CCloudStorage','OnFileDelete','',1),(97,'2018-04-13 13:08:57',100,'main','OnMakeFileArray','clouds','','CCloudStorage','OnMakeFileArray','',1),(98,'2018-04-13 13:08:57',100,'main','OnBeforeResizeImage','clouds','','CCloudStorage','OnBeforeResizeImage','',1),(99,'2018-04-13 13:08:57',100,'main','OnAfterResizeImage','clouds','','CCloudStorage','OnAfterResizeImage','',1),(100,'2018-04-13 13:08:57',100,'clouds','OnGetStorageService','clouds','','CCloudStorageService_AmazonS3','GetObjectInstance','',1),(101,'2018-04-13 13:08:57',100,'clouds','OnGetStorageService','clouds','','CCloudStorageService_GoogleStorage','GetObjectInstance','',1),(102,'2018-04-13 13:08:57',100,'clouds','OnGetStorageService','clouds','','CCloudStorageService_OpenStackStorage','GetObjectInstance','',1),(103,'2018-04-13 13:08:57',100,'clouds','OnGetStorageService','clouds','','CCloudStorageService_RackSpaceCloudFiles','GetObjectInstance','',1),(104,'2018-04-13 13:08:57',100,'clouds','OnGetStorageService','clouds','','CCloudStorageService_ClodoRU','GetObjectInstance','',1),(105,'2018-04-13 13:08:57',100,'clouds','OnGetStorageService','clouds','','CCloudStorageService_Selectel','GetObjectInstance','',1),(106,'2018-04-13 13:08:57',100,'clouds','OnGetStorageService','clouds','','CCloudStorageService_HotBox','GetObjectInstance','',1),(107,'2018-04-13 13:09:00',1,'main','OnPageStart','compression','','CCompress','OnPageStart','',1),(108,'2018-04-13 13:09:00',10000,'main','OnAfterEpilog','compression','','CCompress','OnAfterEpilog','',1),(109,'2018-04-13 13:09:06',100,'main','OnGroupDelete','fileman','','CFileman','OnGroupDelete','',1),(110,'2018-04-13 13:09:06',100,'main','OnPanelCreate','fileman','','CFileman','OnPanelCreate','',1),(111,'2018-04-13 13:09:06',100,'main','OnModuleUpdate','fileman','','CFileman','OnModuleUpdate','',1),(112,'2018-04-13 13:09:06',100,'main','OnModuleInstalled','fileman','','CFileman','ClearComponentsListCache','',1),(113,'2018-04-13 13:09:06',100,'iblock','OnIBlockPropertyBuildList','fileman','','CIBlockPropertyMapGoogle','GetUserTypeDescription','',1),(114,'2018-04-13 13:09:06',100,'iblock','OnIBlockPropertyBuildList','fileman','','CIBlockPropertyMapYandex','GetUserTypeDescription','',1),(115,'2018-04-13 13:09:06',100,'iblock','OnIBlockPropertyBuildList','fileman','','CIBlockPropertyVideo','GetUserTypeDescription','',1),(116,'2018-04-13 13:09:06',100,'main','OnUserTypeBuildList','fileman','','CUserTypeVideo','GetUserTypeDescription','',1),(117,'2018-04-13 13:09:06',100,'main','OnEventLogGetAuditTypes','fileman','','CEventFileman','GetAuditTypes','',1),(118,'2018-04-13 13:09:06',100,'main','OnEventLogGetAuditHandlers','fileman','','CEventFileman','MakeFilemanObject','',1),(119,'2018-04-13 13:09:06',154,'main','OnUserTypeBuildList','fileman','','\\Bitrix\\Fileman\\UserField\\Address','getUserTypeDescription','',1),(120,'2018-04-13 13:09:21',100,'sender','OnConnectorList','form','','\\Bitrix\\Form\\SenderEventHandler','onConnectorListForm','',1),(121,'2018-04-13 13:09:37',100,'main','OnAfterUserUpdate','forum','','CForumUser','OnAfterUserUpdate','',1),(122,'2018-04-13 13:09:37',100,'main','OnGroupDelete','forum','','CForumNew','OnGroupDelete','',1),(123,'2018-04-13 13:09:38',100,'main','OnBeforeLangDelete','forum','','CForumNew','OnBeforeLangDelete','',1),(124,'2018-04-13 13:09:38',100,'main','OnFileDelete','forum','','CForumFiles','OnFileDelete','',1),(125,'2018-04-13 13:09:38',100,'search','OnReindex','forum','','CForumNew','OnReindex','',1),(126,'2018-04-13 13:09:38',100,'main','OnUserDelete','forum','','CForumUser','OnUserDelete','',1),(127,'2018-04-13 13:09:38',100,'iblock','OnIBlockPropertyBuildList','main','/modules/forum/tools/prop_topicid.php','CIBlockPropertyTopicID','GetUserTypeDescription','',1),(128,'2018-04-13 13:09:38',100,'iblock','OnBeforeIBlockElementDelete','forum','','CForumTopic','OnBeforeIBlockElementDelete','',1),(129,'2018-04-13 13:09:38',100,'main','OnEventLogGetAuditTypes','forum','','CForumEventLog','GetAuditTypes','',1),(130,'2018-04-13 13:09:38',100,'main','OnEventLogGetAuditHandlers','forum','','CEventForum','MakeForumObject','',1),(131,'2018-04-13 13:09:38',100,'socialnetwork','OnSocNetGroupDelete','forum','','CForumUser','OnSocNetGroupDelete','',1),(132,'2018-04-13 13:09:38',100,'socialnetwork','OnSocNetLogFormatEvent','forum','','CForumMessage','OnSocNetLogFormatEvent','',1),(133,'2018-04-13 13:09:38',100,'mail','OnGetFilterList','forum','','CForumEMail','OnGetSocNetFilterList','',1),(134,'2018-04-13 13:09:38',100,'main','OnAfterAddRating','forum','','CRatingsComponentsForum','OnAfterAddRating','',1),(135,'2018-04-13 13:09:38',100,'main','OnAfterUpdateRating','forum','','CRatingsComponentsForum','OnAfterUpdateRating','',1),(136,'2018-04-13 13:09:38',100,'main','OnSetRatingsConfigs','forum','','CRatingsComponentsForum','OnSetRatingConfigs','',1),(137,'2018-04-13 13:09:38',100,'main','OnGetRatingsConfigs','forum','','CRatingsComponentsForum','OnGetRatingConfigs','',1),(138,'2018-04-13 13:09:38',100,'main','OnGetRatingsObjects','forum','','CRatingsComponentsForum','OnGetRatingObject','',1),(139,'2018-04-13 13:09:39',100,'main','OnGetRatingContentOwner','forum','','CRatingsComponentsForum','OnGetRatingContentOwner','',1),(140,'2018-04-13 13:09:39',100,'im','OnGetNotifySchema','forum','','CForumNotifySchema','OnGetNotifySchema','',1),(141,'2018-04-13 13:09:39',100,'main','OnAfterRegisterModule','main','/modules/forum/install/index.php','forum','InstallUserFields','',1),(142,'2018-04-13 13:09:39',100,'conversion','OnGetCounterTypes','forum','','\\Bitrix\\Forum\\Internals\\ConversionHandlers','onGetCounterTypes','',1),(143,'2018-04-13 13:09:39',100,'conversion','OnGetRateTypes','forum','','\\Bitrix\\Forum\\Internals\\ConversionHandlers','onGetRateTypes','',1),(144,'2018-04-13 13:09:39',100,'forum','onAfterTopicAdd','forum','','\\Bitrix\\Forum\\Internals\\ConversionHandlers','onTopicAdd','',1),(145,'2018-04-13 13:09:39',100,'forum','onAfterMessageAdd','forum','','\\Bitrix\\Forum\\Internals\\ConversionHandlers','onMessageAdd','',1),(146,'2018-04-13 13:09:39',100,'socialnetwork','onLogIndexGetContent','forum','','\\Bitrix\\Forum\\Integration\\Socialnetwork\\Log','onIndexGetContent','',2),(147,'2018-04-13 13:09:39',100,'socialnetwork','onLogCommentIndexGetContent','forum','','\\Bitrix\\Forum\\Integration\\Socialnetwork\\LogComment','onIndexGetContent','',2),(148,'2018-04-13 13:09:39',100,'socialnetwork','onContentViewed','forum','','\\Bitrix\\Forum\\Integration\\Socialnetwork\\ContentViewHandler','onContentViewed','',2),(149,'2018-04-13 13:10:11',100,'main','OnBeforeUserTypeAdd','highloadblock','','\\Bitrix\\Highloadblock\\HighloadBlockTable','OnBeforeUserTypeAdd','',1),(150,'2018-04-13 13:10:11',100,'main','OnAfterUserTypeAdd','highloadblock','','\\Bitrix\\Highloadblock\\HighloadBlockTable','onAfterUserTypeAdd','',1),(151,'2018-04-13 13:10:11',100,'main','OnBeforeUserTypeDelete','highloadblock','','\\Bitrix\\Highloadblock\\HighloadBlockTable','OnBeforeUserTypeDelete','',1),(152,'2018-04-13 13:10:11',100,'main','OnUserTypeBuildList','highloadblock','','CUserTypeHlblock','GetUserTypeDescription','',1),(153,'2018-04-13 13:10:11',100,'iblock','OnIBlockPropertyBuildList','highloadblock','','CIBlockPropertyDirectory','GetUserTypeDescription','',1),(154,'2018-04-13 13:10:29',100,'main','OnGroupDelete','iblock','','CIBlock','OnGroupDelete','',1),(155,'2018-04-13 13:10:29',100,'main','OnBeforeLangDelete','iblock','','CIBlock','OnBeforeLangDelete','',1),(156,'2018-04-13 13:10:29',100,'main','OnLangDelete','iblock','','CIBlock','OnLangDelete','',1),(157,'2018-04-13 13:10:29',100,'main','OnUserTypeRightsCheck','iblock','','CIBlockSection','UserTypeRightsCheck','',1),(158,'2018-04-13 13:10:29',100,'search','OnReindex','iblock','','CIBlock','OnSearchReindex','',1),(159,'2018-04-13 13:10:29',100,'search','OnSearchGetURL','iblock','','CIBlock','OnSearchGetURL','',1),(160,'2018-04-13 13:10:29',100,'main','OnEventLogGetAuditTypes','iblock','','CIBlock','GetAuditTypes','',1),(161,'2018-04-13 13:10:29',100,'main','OnEventLogGetAuditHandlers','iblock','','CEventIBlock','MakeIBlockObject','',1),(162,'2018-04-13 13:10:29',200,'main','OnGetRatingContentOwner','iblock','','CRatingsComponentsIBlock','OnGetRatingContentOwner','',1),(163,'2018-04-13 13:10:30',100,'main','OnTaskOperationsChanged','iblock','','CIBlockRightsStorage','OnTaskOperationsChanged','',1),(164,'2018-04-13 13:10:30',100,'main','OnGroupDelete','iblock','','CIBlockRightsStorage','OnGroupDelete','',1),(165,'2018-04-13 13:10:30',100,'main','OnUserDelete','iblock','','CIBlockRightsStorage','OnUserDelete','',1),(166,'2018-04-13 13:10:30',100,'perfmon','OnGetTableSchema','iblock','','iblock','OnGetTableSchema','',1),(167,'2018-04-13 13:10:30',100,'sender','OnConnectorList','iblock','','\\Bitrix\\Iblock\\SenderEventHandler','onConnectorListIblock','',1),(168,'2018-04-13 13:10:30',10,'iblock','OnIBlockPropertyBuildList','iblock','','CIBlockPropertyDate','GetUserTypeDescription','',1),(169,'2018-04-13 13:10:30',20,'iblock','OnIBlockPropertyBuildList','iblock','','CIBlockPropertyDateTime','GetUserTypeDescription','',1),(170,'2018-04-13 13:10:30',30,'iblock','OnIBlockPropertyBuildList','iblock','','CIBlockPropertyXmlID','GetUserTypeDescription','',1),(171,'2018-04-13 13:10:30',40,'iblock','OnIBlockPropertyBuildList','iblock','','CIBlockPropertyFileMan','GetUserTypeDescription','',1),(172,'2018-04-13 13:10:30',50,'iblock','OnIBlockPropertyBuildList','iblock','','CIBlockPropertyHTML','GetUserTypeDescription','',1),(173,'2018-04-13 13:10:30',60,'iblock','OnIBlockPropertyBuildList','iblock','','CIBlockPropertyElementList','GetUserTypeDescription','',1),(174,'2018-04-13 13:10:30',70,'iblock','OnIBlockPropertyBuildList','iblock','','CIBlockPropertySequence','GetUserTypeDescription','',1),(175,'2018-04-13 13:10:30',80,'iblock','OnIBlockPropertyBuildList','iblock','','CIBlockPropertyElementAutoComplete','GetUserTypeDescription','',1),(176,'2018-04-13 13:10:30',90,'iblock','OnIBlockPropertyBuildList','iblock','','CIBlockPropertySKU','GetUserTypeDescription','',1),(177,'2018-04-13 13:10:30',100,'iblock','OnIBlockPropertyBuildList','iblock','','CIBlockPropertySectionAutoComplete','GetUserTypeDescription','',1),(178,'2018-04-13 13:10:41',100,'pull','OnGetDependentModule','mobileapp','','CMobileAppPullSchema','OnGetDependentModule','',1),(179,'2018-04-13 13:10:53',100,'perfmon','OnGetTableSchema','perfmon','','perfmon','OnGetTableSchema','',1),(180,'2018-04-13 13:10:56',100,'iblock','OnBeforeIBlockElementDelete','photogallery','','CPhotogalleryElement','OnBeforeIBlockElementDelete','',1),(181,'2018-04-13 13:10:56',100,'iblock','OnAfterIBlockElementAdd','photogallery','','CPhotogalleryElement','OnAfterIBlockElementAdd','',1),(182,'2018-04-13 13:10:56',100,'search','BeforeIndex','photogallery','','CRatingsComponentsPhotogallery','BeforeIndex','',1),(183,'2018-04-13 13:10:56',100,'im','OnGetNotifySchema','photogallery','','CPhotogalleryNotifySchema','OnGetNotifySchema','',1),(184,'2018-04-13 13:10:59',100,'main','OnEventLogGetAuditTypes','scale','','\\Bitrix\\Scale\\Logger','onEventLogGetAuditTypes','',1),(185,'2018-04-13 13:11:08',100,'main','OnChangePermissions','search','','CSearch','OnChangeFilePermissions','',1),(186,'2018-04-13 13:11:08',100,'main','OnChangeFile','search','','CSearch','OnChangeFile','',1),(187,'2018-04-13 13:11:08',100,'main','OnGroupDelete','search','','CSearch','OnGroupDelete','',1),(188,'2018-04-13 13:11:08',100,'main','OnLangDelete','search','','CSearch','OnLangDelete','',1),(189,'2018-04-13 13:11:08',100,'main','OnAfterUserUpdate','search','','CSearchUser','OnAfterUserUpdate','',1),(190,'2018-04-13 13:11:08',100,'main','OnUserDelete','search','','CSearchUser','DeleteByUserID','',1),(191,'2018-04-13 13:11:08',100,'cluster','OnGetTableList','search','','search','OnGetTableList','',1),(192,'2018-04-13 13:11:08',100,'perfmon','OnGetTableSchema','search','','search','OnGetTableSchema','',1),(193,'2018-04-13 13:11:08',90,'main','OnEpilog','search','','CSearchStatistic','OnEpilog','',1),(194,'2018-04-13 13:11:20',100,'main','OnUserDelete','security','','CSecurityUser','OnUserDelete','',1),(195,'2018-04-13 13:11:20',100,'main','OnEventLogGetAuditTypes','security','','CSecurityFilter','GetAuditTypes','',1),(196,'2018-04-13 13:11:20',100,'main','OnEventLogGetAuditTypes','security','','CSecurityAntiVirus','GetAuditTypes','',1),(197,'2018-04-13 13:11:20',100,'main','OnAdminInformerInsertItems','security','','CSecurityFilter','OnAdminInformerInsertItems','',1),(198,'2018-04-13 13:11:20',100,'main','OnAdminInformerInsertItems','security','','CSecuritySiteChecker','OnAdminInformerInsertItems','',1),(199,'2018-04-13 13:11:20',5,'main','OnBeforeProlog','security','','CSecurityFilter','OnBeforeProlog','',1),(200,'2018-04-13 13:11:20',9999,'main','OnEndBufferContent','security','','CSecurityXSSDetect','OnEndBufferContent','',1),(201,'2018-04-13 13:11:20',1,'main','OnBeforeLocalRedirect','security','','CSecurityRedirect','BeforeLocalRedirect','',1),(202,'2018-04-13 13:11:20',1,'main','OnEndBufferContent','security','','CSecurityRedirect','EndBufferContent','',1),(203,'2018-04-13 13:11:29',100,'main','OnPanelCreate','seo','','CSeoEventHandlers','SeoOnPanelCreate','',2),(204,'2018-04-13 13:11:29',100,'fileman','OnIncludeHTMLEditorScript','seo','','CSeoEventHandlers','OnIncludeHTMLEditorScript','',2),(205,'2018-04-13 13:11:29',100,'fileman','OnBeforeHTMLEditorScriptRuns','seo','','CSeoEventHandlers','OnBeforeHTMLEditorScriptRuns','',2),(206,'2018-04-13 13:11:29',100,'iblock','OnAfterIBlockSectionAdd','seo','','\\Bitrix\\Seo\\SitemapIblock','addSection','',2),(207,'2018-04-13 13:11:29',100,'iblock','OnAfterIBlockElementAdd','seo','','\\Bitrix\\Seo\\SitemapIblock','addElement','',2),(208,'2018-04-13 13:11:29',100,'iblock','OnBeforeIBlockSectionDelete','seo','','\\Bitrix\\Seo\\SitemapIblock','beforeDeleteSection','',2),(209,'2018-04-13 13:11:29',100,'iblock','OnBeforeIBlockElementDelete','seo','','\\Bitrix\\Seo\\SitemapIblock','beforeDeleteElement','',2),(210,'2018-04-13 13:11:30',100,'iblock','OnAfterIBlockSectionDelete','seo','','\\Bitrix\\Seo\\SitemapIblock','deleteSection','',2),(211,'2018-04-13 13:11:30',100,'iblock','OnAfterIBlockElementDelete','seo','','\\Bitrix\\Seo\\SitemapIblock','deleteElement','',2),(212,'2018-04-13 13:11:30',100,'iblock','OnBeforeIBlockSectionUpdate','seo','','\\Bitrix\\Seo\\SitemapIblock','beforeUpdateSection','',2),(213,'2018-04-13 13:11:30',100,'iblock','OnBeforeIBlockElementUpdate','seo','','\\Bitrix\\Seo\\SitemapIblock','beforeUpdateElement','',2),(214,'2018-04-13 13:11:30',100,'iblock','OnAfterIBlockSectionUpdate','seo','','\\Bitrix\\Seo\\SitemapIblock','updateSection','',2),(215,'2018-04-13 13:11:30',100,'iblock','OnAfterIBlockElementUpdate','seo','','\\Bitrix\\Seo\\SitemapIblock','updateElement','',2),(216,'2018-04-13 13:11:30',100,'forum','onAfterTopicAdd','seo','','\\Bitrix\\Seo\\SitemapForum','addTopic','',2),(217,'2018-04-13 13:11:31',100,'forum','onAfterTopicUpdate','seo','','\\Bitrix\\Seo\\SitemapForum','updateTopic','',2),(218,'2018-04-13 13:11:31',100,'forum','onAfterTopicDelete','seo','','\\Bitrix\\Seo\\SitemapForum','deleteTopic','',2),(219,'2018-04-13 13:11:31',100,'main','OnAdminIBlockElementEdit','seo','','\\Bitrix\\Seo\\AdvTabEngine','eventHandler','',2),(220,'2018-04-13 13:11:31',100,'main','OnBeforeProlog','seo','','\\Bitrix\\Seo\\AdvSession','checkSession','',2),(221,'2018-04-13 13:11:31',100,'sale','OnOrderSave','seo','','\\Bitrix\\Seo\\AdvSession','onOrderSave','',2),(222,'2018-04-13 13:11:31',100,'sale','OnBasketOrder','seo','','\\Bitrix\\Seo\\AdvSession','onBasketOrder','',2),(223,'2018-04-13 13:11:31',100,'sale','onSalePayOrder','seo','','\\Bitrix\\Seo\\AdvSession','onSalePayOrder','',2),(224,'2018-04-13 13:11:31',100,'sale','onSaleDeductOrder','seo','','\\Bitrix\\Seo\\AdvSession','onSaleDeductOrder','',2),(225,'2018-04-13 13:11:31',100,'sale','onSaleDeliveryOrder','seo','','\\Bitrix\\Seo\\AdvSession','onSaleDeliveryOrder','',2),(226,'2018-04-13 13:11:31',100,'sale','onSaleStatusOrder','seo','','\\Bitrix\\Seo\\AdvSession','onSaleStatusOrder','',2),(227,'2018-04-13 13:11:31',100,'conversion','OnSetDayContextAttributes','seo','','\\Bitrix\\Seo\\ConversionHandler','onSetDayContextAttributes','',2),(228,'2018-04-13 13:11:31',100,'conversion','OnGetAttributeTypes','seo','','\\Bitrix\\Seo\\ConversionHandler','onGetAttributeTypes','',2),(229,'2018-04-13 13:11:31',100,'catalog','OnProductUpdate','seo','','\\Bitrix\\Seo\\Adv\\Auto','checkQuantity','',2),(230,'2018-04-13 13:11:31',100,'catalog','OnProductSetAvailableUpdate','seo','','\\Bitrix\\Seo\\Adv\\Auto','checkQuantity','',2),(231,'2018-04-13 13:11:34',100,'main','OnUserDelete','socialservices','','CSocServAuthDB','OnUserDelete','',1),(232,'2018-04-13 13:11:35',100,'timeman','OnAfterTMReportDailyAdd','socialservices','','CSocServAuthDB','OnAfterTMReportDailyAdd','',1),(233,'2018-04-13 13:11:35',100,'timeman','OnAfterTMDayStart','socialservices','','CSocServAuthDB','OnAfterTMDayStart','',1),(234,'2018-04-13 13:11:35',100,'timeman','OnTimeManShow','socialservices','','CSocServEventHandlers','OnTimeManShow','',1),(235,'2018-04-13 13:11:35',100,'main','OnFindExternalUser','socialservices','','CSocServAuthDB','OnFindExternalUser','',1),(236,'2018-04-13 13:11:35',100,'socialservices','OnFindSocialservicesUser','socialservices','','CSocServAuthManager','checkOldUser','',1),(237,'2018-04-13 13:11:35',100,'socialservices','OnFindSocialservicesUser','socialservices','','CSocServAuthManager','checkAbandonedUser','',1),(238,'2018-04-13 13:11:38',100,'main','OnBeforeLangDelete','subscribe','','CRubric','OnBeforeLangDelete','',1),(239,'2018-04-13 13:11:38',100,'main','OnUserDelete','subscribe','','CSubscription','OnUserDelete','',1),(240,'2018-04-13 13:11:39',100,'main','OnUserLogout','subscribe','','CSubscription','OnUserLogout','',1),(241,'2018-04-13 13:11:39',100,'main','OnGroupDelete','subscribe','','CPosting','OnGroupDelete','',1),(242,'2018-04-13 13:11:39',100,'sender','OnConnectorList','subscribe','','Bitrix\\Subscribe\\SenderEventHandler','onConnectorListSubscriber','',1),(243,'2018-04-13 13:11:40',100,'main','OnPanelCreate','translate','','CTranslateEventHandlers','TranslatOnPanelCreate','',1),(244,'2018-04-13 13:11:46',100,'main','OnBeforeProlog','main','/modules/vote/keepvoting.php','','','',1),(245,'2018-04-13 13:11:46',200,'main','OnUserTypeBuildList','vote','','Bitrix\\Vote\\Uf\\VoteUserType','getUserTypeDescription','',1),(246,'2018-04-13 13:11:46',200,'main','OnUserLogin','vote','','CVoteUser','OnUserLogin','',1),(247,'2018-04-13 13:11:46',100,'im','OnGetNotifySchema','vote','','CVoteNotifySchema','OnGetNotifySchema','',1),(248,'2018-04-13 13:12:08',100,'main','OnBeforeProlog','main','/modules/main/install/wizard_sol/panel_button.php','CWizardSolPanel','ShowPanel','',1);
/*!40000 ALTER TABLE `b_module_to_module` ENABLE KEYS */;
UNLOCK TABLES;

--
-- Table structure for table `b_operation`
--

DROP TABLE IF EXISTS `b_operation`;
/*!40101 SET @saved_cs_client     = @@character_set_client */;
/*!40101 SET character_set_client = utf8 */;
CREATE TABLE `b_operation` (
  `ID` int(18) NOT NULL AUTO_INCREMENT,
  `NAME` varchar(50) COLLATE utf8_unicode_ci NOT NULL,
  `MODULE_ID` varchar(50) COLLATE utf8_unicode_ci NOT NULL,
  `DESCRIPTION` varchar(255) COLLATE utf8_unicode_ci DEFAULT NULL,
  `BINDING` varchar(50) COLLATE utf8_unicode_ci DEFAULT 'module',
  PRIMARY KEY (`ID`)
) ENGINE=InnoDB AUTO_INCREMENT=116 DEFAULT CHARSET=utf8 COLLATE=utf8_unicode_ci;
/*!40101 SET character_set_client = @saved_cs_client */;

--
-- Dumping data for table `b_operation`
--

LOCK TABLES `b_operation` WRITE;
/*!40000 ALTER TABLE `b_operation` DISABLE KEYS */;
INSERT INTO `b_operation` VALUES (1,'edit_php','main',NULL,'module'),(2,'view_own_profile','main',NULL,'module'),(3,'edit_own_profile','main',NULL,'module'),(4,'view_all_users','main',NULL,'module'),(5,'view_groups','main',NULL,'module'),(6,'view_tasks','main',NULL,'module'),(7,'view_other_settings','main',NULL,'module'),(8,'view_subordinate_users','main',NULL,'module'),(9,'edit_subordinate_users','main',NULL,'module'),(10,'edit_all_users','main',NULL,'module'),(11,'edit_groups','main',NULL,'module'),(12,'edit_tasks','main',NULL,'module'),(13,'edit_other_settings','main',NULL,'module'),(14,'cache_control','main',NULL,'module'),(15,'lpa_template_edit','main',NULL,'module'),(16,'view_event_log','main',NULL,'module'),(17,'edit_ratings','main',NULL,'module'),(18,'manage_short_uri','main',NULL,'module'),(19,'fm_view_permission','main',NULL,'file'),(20,'fm_view_file','main',NULL,'file'),(21,'fm_view_listing','main',NULL,'file'),(22,'fm_edit_existent_folder','main',NULL,'file'),(23,'fm_create_new_file','main',NULL,'file'),(24,'fm_edit_existent_file','main',NULL,'file'),(25,'fm_create_new_folder','main',NULL,'file'),(26,'fm_delete_file','main',NULL,'file'),(27,'fm_delete_folder','main',NULL,'file'),(28,'fm_edit_in_workflow','main',NULL,'file'),(29,'fm_rename_file','main',NULL,'file'),(30,'fm_rename_folder','main',NULL,'file'),(31,'fm_upload_file','main',NULL,'file'),(32,'fm_add_to_menu','main',NULL,'file'),(33,'fm_download_file','main',NULL,'file'),(34,'fm_lpa','main',NULL,'file'),(35,'fm_edit_permission','main',NULL,'file'),(36,'bitrixcloud_monitoring','bitrixcloud',NULL,'module'),(37,'bitrixcloud_backup','bitrixcloud',NULL,'module'),(38,'bitrixcloud_cdn','bitrixcloud',NULL,'module'),(39,'clouds_browse','clouds',NULL,'module'),(40,'clouds_upload','clouds',NULL,'module'),(41,'clouds_config','clouds',NULL,'module'),(42,'fileman_view_all_settings','fileman','','module'),(43,'fileman_edit_menu_types','fileman','','module'),(44,'fileman_add_element_to_menu','fileman','','module'),(45,'fileman_edit_menu_elements','fileman','','module'),(46,'fileman_edit_existent_files','fileman','','module'),(47,'fileman_edit_existent_folders','fileman','','module'),(48,'fileman_admin_files','fileman','','module'),(49,'fileman_admin_folders','fileman','','module'),(50,'fileman_view_permissions','fileman','','module'),(51,'fileman_edit_all_settings','fileman','','module'),(52,'fileman_upload_files','fileman','','module'),(53,'fileman_view_file_structure','fileman','','module'),(54,'fileman_install_control','fileman','','module'),(55,'medialib_view_collection','fileman','','medialib'),(56,'medialib_new_collection','fileman','','medialib'),(57,'medialib_edit_collection','fileman','','medialib'),(58,'medialib_del_collection','fileman','','medialib'),(59,'medialib_access','fileman','','medialib'),(60,'medialib_new_item','fileman','','medialib'),(61,'medialib_edit_item','fileman','','medialib'),(62,'medialib_del_item','fileman','','medialib'),(63,'sticker_view','fileman','','stickers'),(64,'sticker_edit','fileman','','stickers'),(65,'sticker_new','fileman','','stickers'),(66,'sticker_del','fileman','','stickers'),(67,'hl_element_read','highloadblock',NULL,'module'),(68,'hl_element_write','highloadblock',NULL,'module'),(69,'hl_element_delete','highloadblock',NULL,'module'),(70,'section_read','iblock',NULL,'iblock'),(71,'element_read','iblock',NULL,'iblock'),(72,'section_element_bind','iblock',NULL,'iblock'),(73,'iblock_admin_display','iblock',NULL,'iblock'),(74,'element_edit','iblock',NULL,'iblock'),(75,'element_edit_price','iblock',NULL,'iblock'),(76,'element_delete','iblock',NULL,'iblock'),(77,'element_bizproc_start','iblock',NULL,'iblock'),(78,'section_edit','iblock',NULL,'iblock'),(79,'section_delete','iblock',NULL,'iblock'),(80,'section_section_bind','iblock',NULL,'iblock'),(81,'element_edit_any_wf_status','iblock',NULL,'iblock'),(82,'iblock_edit','iblock',NULL,'iblock'),(83,'iblock_delete','iblock',NULL,'iblock'),(84,'iblock_rights_edit','iblock',NULL,'iblock'),(85,'iblock_export','iblock',NULL,'iblock'),(86,'section_rights_edit','iblock',NULL,'iblock'),(87,'element_rights_edit','iblock',NULL,'iblock'),(88,'security_filter_bypass','security',NULL,'module'),(89,'security_edit_user_otp','security',NULL,'module'),(90,'security_module_settings_read','security',NULL,'module'),(91,'security_panel_view','security',NULL,'module'),(92,'security_filter_settings_read','security',NULL,'module'),(93,'security_otp_settings_read','security',NULL,'module'),(94,'security_iprule_admin_settings_read','security',NULL,'module'),(95,'security_session_settings_read','security',NULL,'module'),(96,'security_redirect_settings_read','security',NULL,'module'),(97,'security_stat_activity_settings_read','security',NULL,'module'),(98,'security_iprule_settings_read','security',NULL,'module'),(99,'security_antivirus_settings_read','security',NULL,'module'),(100,'security_frame_settings_read','security',NULL,'module'),(101,'security_module_settings_write','security',NULL,'module'),(102,'security_filter_settings_write','security',NULL,'module'),(103,'security_otp_settings_write','security',NULL,'module'),(104,'security_iprule_admin_settings_write','security',NULL,'module'),(105,'security_session_settings_write','security',NULL,'module'),(106,'security_redirect_settings_write','security',NULL,'module'),(107,'security_stat_activity_settings_write','security',NULL,'module'),(108,'security_iprule_settings_write','security',NULL,'module'),(109,'security_file_verifier_sign','security',NULL,'module'),(110,'security_file_verifier_collect','security',NULL,'module'),(111,'security_file_verifier_verify','security',NULL,'module'),(112,'security_antivirus_settings_write','security',NULL,'module'),(113,'security_frame_settings_write','security',NULL,'module'),(114,'seo_settings','seo','','module'),(115,'seo_tools','seo','','module');
/*!40000 ALTER TABLE `b_operation` ENABLE KEYS */;
UNLOCK TABLES;

--
-- Table structure for table `b_option`
--

DROP TABLE IF EXISTS `b_option`;
/*!40101 SET @saved_cs_client     = @@character_set_client */;
/*!40101 SET character_set_client = utf8 */;
CREATE TABLE `b_option` (
  `MODULE_ID` varchar(50) COLLATE utf8_unicode_ci DEFAULT NULL,
  `NAME` varchar(50) COLLATE utf8_unicode_ci NOT NULL,
  `VALUE` text COLLATE utf8_unicode_ci,
  `DESCRIPTION` varchar(255) COLLATE utf8_unicode_ci DEFAULT NULL,
  `SITE_ID` char(2) COLLATE utf8_unicode_ci DEFAULT NULL,
  UNIQUE KEY `ix_option` (`MODULE_ID`,`NAME`,`SITE_ID`),
  KEY `ix_option_name` (`NAME`)
) ENGINE=InnoDB DEFAULT CHARSET=utf8 COLLATE=utf8_unicode_ci;
/*!40101 SET character_set_client = @saved_cs_client */;

--
-- Dumping data for table `b_option`
--

LOCK TABLES `b_option` WRITE;
/*!40000 ALTER TABLE `b_option` DISABLE KEYS */;
INSERT INTO `b_option` VALUES ('main','~ft_b_user','a:3:{s:19:\"SEARCH_USER_CONTENT\";b:1;s:25:\"SEARCH_DEPARTMENT_CONTENT\";b:1;s:20:\"SEARCH_ADMIN_CONTENT\";b:1;}',NULL,NULL),('main','rating_authority_rating','2',NULL,NULL),('main','rating_assign_rating_group_add','1',NULL,NULL),('main','rating_assign_rating_group_delete','1',NULL,NULL),('main','rating_assign_rating_group','3',NULL,NULL),('main','rating_assign_authority_group_add','2',NULL,NULL),('main','rating_assign_authority_group_delete','2',NULL,NULL),('main','rating_assign_authority_group','4',NULL,NULL),('main','rating_community_size','1',NULL,NULL),('main','rating_community_authority','30',NULL,NULL),('main','rating_vote_weight','10',NULL,NULL),('main','rating_normalization_type','auto',NULL,NULL),('main','rating_normalization','10',NULL,NULL),('main','rating_count_vote','10',NULL,NULL),('main','rating_authority_weight_formula','Y',NULL,NULL),('main','rating_community_last_visit','90',NULL,NULL),('main','rating_text_like_y','',NULL,NULL),('main','rating_text_like_n',' ',NULL,NULL),('main','rating_text_like_d',' ',NULL,NULL),('main','rating_assign_type','auto',NULL,NULL),('main','rating_vote_type','like',NULL,NULL),('main','rating_self_vote','Y',NULL,NULL),('main','rating_vote_show','Y',NULL,NULL),('main','rating_vote_template','like',NULL,NULL),('main','rating_start_authority','3',NULL,NULL),('main','PARAM_MAX_SITES','2',NULL,NULL),('main','PARAM_MAX_USERS','0',NULL,NULL),('main','distributive6','Y',NULL,NULL),('main','~new_license11_sign','Y',NULL,NULL),('main','GROUP_DEFAULT_TASK','1',NULL,NULL),('main','vendor','1c_bitrix',NULL,NULL),('main','admin_lid','ru',NULL,NULL),('main','update_site','www.bitrixsoft.com',NULL,NULL),('main','update_site_ns','Y',NULL,NULL),('main','optimize_css_files','Y',NULL,NULL),('main','optimize_js_files','Y',NULL,NULL),('main','admin_passwordh','FVkQfWYUBgYtCUVcDxcECgsTAQ==',NULL,NULL),('main','server_uniq_id','507fd9c8517af5b34ff408471b991b08',NULL,NULL),('blog','socNetNewPerms','Y',NULL,NULL),('fileman','use_editor_3','Y',NULL,NULL),('forum','FILTER_DICT_W','1',NULL,'ru'),('forum','FILTER_DICT_T','2',NULL,'ru'),('forum','FILTER_DICT_W','3',NULL,'en'),('forum','FILTER_DICT_T','4',NULL,'en'),('forum','FILTER','N',NULL,NULL),('search','version','v2.0',NULL,NULL),('search','dbnode_id','N',NULL,NULL),('search','dbnode_status','ok',NULL,NULL),('security','ipcheck_disable_file','/bitrix/modules/ipcheck_disable_b09f20b60076660f39acbcd264e6787d',NULL,NULL),('security','redirect_sid','w0eu8hmjrmnv0h781pkpy4qmratg82a9',NULL,NULL),('vote','VOTE_DIR','',NULL,NULL),('vote','VOTE_COMPATIBLE_OLD_TEMPLATE','N',NULL,NULL),('main','email_from','admin@ad.min',NULL,NULL),('fileman','different_set','Y',NULL,NULL),('fileman','menutypes','a:3:{s:4:\\\"left\\\";s:19:\\\" \\\";s:3:\\\"top\\\";s:23:\\\" \\\";s:6:\\\"bottom\\\";s:21:\\\" \\\";}',NULL,'s1'),('main','wizard_template_id','furniture',NULL,'s1'),('main','wizard_site_logo','0',NULL,'s1'),('main','wizard_furniture_theme_id','pale-blue',NULL,'s1'),('socialnetwork','allow_tooltip','N',NULL,NULL),('fileman','propstypes','a:4:{s:11:\"description\";s:33:\" \";s:8:\"keywords\";s:27:\" \";s:5:\"title\";s:44:\"  \";s:14:\"keywords_inner\";s:35:\" \";}',NULL,'s1'),('search','suggest_save_days','250',NULL,NULL),('search','use_tf_cache','Y',NULL,NULL),('search','use_word_distance','Y',NULL,NULL),('search','use_social_rating','Y',NULL,NULL),('iblock','use_htmledit','Y',NULL,NULL),('socialservices','auth_services','a:12:{s:9:\"VKontakte\";s:1:\"N\";s:8:\"MyMailRu\";s:1:\"N\";s:7:\"Twitter\";s:1:\"N\";s:8:\"Facebook\";s:1:\"N\";s:11:\"Livejournal\";s:1:\"Y\";s:12:\"YandexOpenID\";s:1:\"Y\";s:7:\"Rambler\";s:1:\"Y\";s:12:\"MailRuOpenID\";s:1:\"Y\";s:12:\"Liveinternet\";s:1:\"Y\";s:7:\"Blogger\";s:1:\"Y\";s:6:\"OpenID\";s:1:\"Y\";s:6:\"LiveID\";s:1:\"N\";}',NULL,NULL),('main','wizard_firstcorp_furniture_s1','Y',NULL,NULL),('main','wizard_solution','corp_furniture',NULL,'s1'),('fileman','stickers_use_hotkeys','N',NULL,NULL),('main','site_checker_success','N',NULL,NULL),('main','signer_default_key','b2bfdf8fa36dddb92c14928ac32c6ac7ae3f5405a0e93717fd24e6ac469c8a43e90f7d5178ab72f582264d311e17abb5afb1761825c3d03535774d2a81779620',NULL,NULL);
/*!40000 ALTER TABLE `b_option` ENABLE KEYS */;
UNLOCK TABLES;

--
-- Table structure for table `b_perf_cache`
--

DROP TABLE IF EXISTS `b_perf_cache`;
/*!40101 SET @saved_cs_client     = @@character_set_client */;
/*!40101 SET character_set_client = utf8 */;
CREATE TABLE `b_perf_cache` (
  `ID` int(18) NOT NULL AUTO_INCREMENT,
  `HIT_ID` int(18) DEFAULT NULL,
  `COMPONENT_ID` int(18) DEFAULT NULL,
  `NN` int(18) DEFAULT NULL,
  `CACHE_SIZE` float DEFAULT NULL,
  `OP_MODE` char(1) COLLATE utf8_unicode_ci DEFAULT NULL,
  `MODULE_NAME` text COLLATE utf8_unicode_ci,
  `COMPONENT_NAME` text COLLATE utf8_unicode_ci,
  `BASE_DIR` text COLLATE utf8_unicode_ci,
  `INIT_DIR` text COLLATE utf8_unicode_ci,
  `FILE_NAME` text COLLATE utf8_unicode_ci,
  `FILE_PATH` text COLLATE utf8_unicode_ci,
  PRIMARY KEY (`ID`),
  UNIQUE KEY `IX_B_PERF_CACHE_0` (`HIT_ID`,`NN`),
  KEY `IX_B_PERF_CACHE_1` (`COMPONENT_ID`)
) ENGINE=InnoDB DEFAULT CHARSET=utf8 COLLATE=utf8_unicode_ci;
/*!40101 SET character_set_client = @saved_cs_client */;

--
-- Dumping data for table `b_perf_cache`
--

LOCK TABLES `b_perf_cache` WRITE;
/*!40000 ALTER TABLE `b_perf_cache` DISABLE KEYS */;
/*!40000 ALTER TABLE `b_perf_cache` ENABLE KEYS */;
UNLOCK TABLES;

--
-- Table structure for table `b_perf_cluster`
--

DROP TABLE IF EXISTS `b_perf_cluster`;
/*!40101 SET @saved_cs_client     = @@character_set_client */;
/*!40101 SET character_set_client = utf8 */;
CREATE TABLE `b_perf_cluster` (
  `ID` int(11) NOT NULL AUTO_INCREMENT,
  `TIMESTAMP_X` timestamp NOT NULL DEFAULT CURRENT_TIMESTAMP ON UPDATE CURRENT_TIMESTAMP,
  `THREADS` int(11) DEFAULT NULL,
  `HITS` int(11) DEFAULT NULL,
  `ERRORS` int(11) DEFAULT NULL,
  `PAGES_PER_SECOND` float DEFAULT NULL,
  `PAGE_EXEC_TIME` float DEFAULT NULL,
  `PAGE_RESP_TIME` float DEFAULT NULL,
  PRIMARY KEY (`ID`)
) ENGINE=InnoDB DEFAULT CHARSET=utf8 COLLATE=utf8_unicode_ci;
/*!40101 SET character_set_client = @saved_cs_client */;

--
-- Dumping data for table `b_perf_cluster`
--

LOCK TABLES `b_perf_cluster` WRITE;
/*!40000 ALTER TABLE `b_perf_cluster` DISABLE KEYS */;
/*!40000 ALTER TABLE `b_perf_cluster` ENABLE KEYS */;
UNLOCK TABLES;

--
-- Table structure for table `b_perf_component`
--

DROP TABLE IF EXISTS `b_perf_component`;
/*!40101 SET @saved_cs_client     = @@character_set_client */;
/*!40101 SET character_set_client = utf8 */;
CREATE TABLE `b_perf_component` (
  `ID` int(18) NOT NULL AUTO_INCREMENT,
  `HIT_ID` int(18) DEFAULT NULL,
  `NN` int(18) DEFAULT NULL,
  `CACHE_TYPE` char(1) COLLATE utf8_unicode_ci DEFAULT NULL,
  `CACHE_SIZE` int(11) DEFAULT NULL,
  `CACHE_COUNT_R` int(11) DEFAULT NULL,
  `CACHE_COUNT_W` int(11) DEFAULT NULL,
  `CACHE_COUNT_C` int(11) DEFAULT NULL,
  `COMPONENT_TIME` float DEFAULT NULL,
  `QUERIES` int(11) DEFAULT NULL,
  `QUERIES_TIME` float DEFAULT NULL,
  `COMPONENT_NAME` text COLLATE utf8_unicode_ci,
  PRIMARY KEY (`ID`),
  UNIQUE KEY `IX_B_PERF_COMPONENT_0` (`HIT_ID`,`NN`)
) ENGINE=InnoDB DEFAULT CHARSET=utf8 COLLATE=utf8_unicode_ci;
/*!40101 SET character_set_client = @saved_cs_client */;

--
-- Dumping data for table `b_perf_component`
--

LOCK TABLES `b_perf_component` WRITE;
/*!40000 ALTER TABLE `b_perf_component` DISABLE KEYS */;
/*!40000 ALTER TABLE `b_perf_component` ENABLE KEYS */;
UNLOCK TABLES;

--
-- Table structure for table `b_perf_error`
--

DROP TABLE IF EXISTS `b_perf_error`;
/*!40101 SET @saved_cs_client     = @@character_set_client */;
/*!40101 SET character_set_client = utf8 */;
CREATE TABLE `b_perf_error` (
  `ID` int(18) NOT NULL AUTO_INCREMENT,
  `HIT_ID` int(18) DEFAULT NULL,
  `ERRNO` int(18) DEFAULT NULL,
  `ERRSTR` text COLLATE utf8_unicode_ci,
  `ERRFILE` text COLLATE utf8_unicode_ci,
  `ERRLINE` int(18) DEFAULT NULL,
  PRIMARY KEY (`ID`),
  KEY `IX_B_PERF_ERROR_0` (`HIT_ID`)
) ENGINE=InnoDB DEFAULT CHARSET=utf8 COLLATE=utf8_unicode_ci;
/*!40101 SET character_set_client = @saved_cs_client */;

--
-- Dumping data for table `b_perf_error`
--

LOCK TABLES `b_perf_error` WRITE;
/*!40000 ALTER TABLE `b_perf_error` DISABLE KEYS */;
/*!40000 ALTER TABLE `b_perf_error` ENABLE KEYS */;
UNLOCK TABLES;

--
-- Table structure for table `b_perf_history`
--

DROP TABLE IF EXISTS `b_perf_history`;
/*!40101 SET @saved_cs_client     = @@character_set_client */;
/*!40101 SET character_set_client = utf8 */;
CREATE TABLE `b_perf_history` (
  `ID` int(18) NOT NULL AUTO_INCREMENT,
  `TIMESTAMP_X` timestamp NOT NULL DEFAULT CURRENT_TIMESTAMP ON UPDATE CURRENT_TIMESTAMP,
  `TOTAL_MARK` float DEFAULT NULL,
  `ACCELERATOR_ENABLED` char(1) COLLATE utf8_unicode_ci DEFAULT NULL,
  PRIMARY KEY (`ID`)
) ENGINE=InnoDB DEFAULT CHARSET=utf8 COLLATE=utf8_unicode_ci;
/*!40101 SET character_set_client = @saved_cs_client */;

--
-- Dumping data for table `b_perf_history`
--

LOCK TABLES `b_perf_history` WRITE;
/*!40000 ALTER TABLE `b_perf_history` DISABLE KEYS */;
/*!40000 ALTER TABLE `b_perf_history` ENABLE KEYS */;
UNLOCK TABLES;

--
-- Table structure for table `b_perf_hit`
--

DROP TABLE IF EXISTS `b_perf_hit`;
/*!40101 SET @saved_cs_client     = @@character_set_client */;
/*!40101 SET character_set_client = utf8 */;
CREATE TABLE `b_perf_hit` (
  `ID` int(11) NOT NULL AUTO_INCREMENT,
  `DATE_HIT` datetime DEFAULT NULL,
  `IS_ADMIN` char(1) COLLATE utf8_unicode_ci DEFAULT NULL,
  `REQUEST_METHOD` varchar(50) COLLATE utf8_unicode_ci DEFAULT NULL,
  `SERVER_NAME` varchar(50) COLLATE utf8_unicode_ci DEFAULT NULL,
  `SERVER_PORT` int(11) DEFAULT NULL,
  `SCRIPT_NAME` text COLLATE utf8_unicode_ci,
  `REQUEST_URI` text COLLATE utf8_unicode_ci,
  `INCLUDED_FILES` int(11) DEFAULT NULL,
  `MEMORY_PEAK_USAGE` int(11) DEFAULT NULL,
  `CACHE_TYPE` char(1) COLLATE utf8_unicode_ci DEFAULT NULL,
  `CACHE_SIZE` int(11) DEFAULT NULL,
  `CACHE_COUNT_R` int(11) DEFAULT NULL,
  `CACHE_COUNT_W` int(11) DEFAULT NULL,
  `CACHE_COUNT_C` int(11) DEFAULT NULL,
  `QUERIES` int(11) DEFAULT NULL,
  `QUERIES_TIME` float DEFAULT NULL,
  `COMPONENTS` int(11) DEFAULT NULL,
  `COMPONENTS_TIME` float DEFAULT NULL,
  `SQL_LOG` char(1) COLLATE utf8_unicode_ci DEFAULT NULL,
  `PAGE_TIME` float DEFAULT NULL,
  `PROLOG_TIME` float DEFAULT NULL,
  `PROLOG_BEFORE_TIME` float DEFAULT NULL,
  `AGENTS_TIME` float DEFAULT NULL,
  `PROLOG_AFTER_TIME` float DEFAULT NULL,
  `WORK_AREA_TIME` float DEFAULT NULL,
  `EPILOG_TIME` float DEFAULT NULL,
  `EPILOG_BEFORE_TIME` float DEFAULT NULL,
  `EVENTS_TIME` float DEFAULT NULL,
  `EPILOG_AFTER_TIME` float DEFAULT NULL,
  `MENU_RECALC` int(11) DEFAULT NULL,
  PRIMARY KEY (`ID`),
  KEY `IX_B_PERF_HIT_0` (`DATE_HIT`)
) ENGINE=InnoDB DEFAULT CHARSET=utf8 COLLATE=utf8_unicode_ci;
/*!40101 SET character_set_client = @saved_cs_client */;

--
-- Dumping data for table `b_perf_hit`
--

LOCK TABLES `b_perf_hit` WRITE;
/*!40000 ALTER TABLE `b_perf_hit` DISABLE KEYS */;
/*!40000 ALTER TABLE `b_perf_hit` ENABLE KEYS */;
UNLOCK TABLES;

--
-- Table structure for table `b_perf_index_ban`
--

DROP TABLE IF EXISTS `b_perf_index_ban`;
/*!40101 SET @saved_cs_client     = @@character_set_client */;
/*!40101 SET character_set_client = utf8 */;
CREATE TABLE `b_perf_index_ban` (
  `ID` int(11) NOT NULL AUTO_INCREMENT,
  `BAN_TYPE` char(1) COLLATE utf8_unicode_ci DEFAULT NULL,
  `TABLE_NAME` varchar(50) COLLATE utf8_unicode_ci DEFAULT NULL,
  `COLUMN_NAMES` varchar(250) COLLATE utf8_unicode_ci DEFAULT NULL,
  PRIMARY KEY (`ID`)
) ENGINE=InnoDB DEFAULT CHARSET=utf8 COLLATE=utf8_unicode_ci;
/*!40101 SET character_set_client = @saved_cs_client */;

--
-- Dumping data for table `b_perf_index_ban`
--

LOCK TABLES `b_perf_index_ban` WRITE;
/*!40000 ALTER TABLE `b_perf_index_ban` DISABLE KEYS */;
/*!40000 ALTER TABLE `b_perf_index_ban` ENABLE KEYS */;
UNLOCK TABLES;

--
-- Table structure for table `b_perf_index_complete`
--

DROP TABLE IF EXISTS `b_perf_index_complete`;
/*!40101 SET @saved_cs_client     = @@character_set_client */;
/*!40101 SET character_set_client = utf8 */;
CREATE TABLE `b_perf_index_complete` (
  `ID` int(11) NOT NULL AUTO_INCREMENT,
  `BANNED` char(1) COLLATE utf8_unicode_ci DEFAULT NULL,
  `TABLE_NAME` varchar(50) COLLATE utf8_unicode_ci DEFAULT NULL,
  `COLUMN_NAMES` varchar(250) COLLATE utf8_unicode_ci DEFAULT NULL,
  `INDEX_NAME` varchar(50) COLLATE utf8_unicode_ci DEFAULT NULL,
  PRIMARY KEY (`ID`),
  KEY `ix_b_perf_index_complete_0` (`TABLE_NAME`)
) ENGINE=InnoDB DEFAULT CHARSET=utf8 COLLATE=utf8_unicode_ci;
/*!40101 SET character_set_client = @saved_cs_client */;

--
-- Dumping data for table `b_perf_index_complete`
--

LOCK TABLES `b_perf_index_complete` WRITE;
/*!40000 ALTER TABLE `b_perf_index_complete` DISABLE KEYS */;
/*!40000 ALTER TABLE `b_perf_index_complete` ENABLE KEYS */;
UNLOCK TABLES;

--
-- Table structure for table `b_perf_index_suggest`
--

DROP TABLE IF EXISTS `b_perf_index_suggest`;
/*!40101 SET @saved_cs_client     = @@character_set_client */;
/*!40101 SET character_set_client = utf8 */;
CREATE TABLE `b_perf_index_suggest` (
  `ID` int(11) NOT NULL AUTO_INCREMENT,
  `SQL_MD5` char(32) COLLATE utf8_unicode_ci DEFAULT NULL,
  `SQL_COUNT` int(11) DEFAULT NULL,
  `SQL_TIME` float DEFAULT NULL,
  `TABLE_NAME` varchar(50) COLLATE utf8_unicode_ci DEFAULT NULL,
  `TABLE_ALIAS` varchar(50) COLLATE utf8_unicode_ci DEFAULT NULL,
  `COLUMN_NAMES` varchar(250) COLLATE utf8_unicode_ci DEFAULT NULL,
  `SQL_TEXT` text COLLATE utf8_unicode_ci,
  `SQL_EXPLAIN` longtext COLLATE utf8_unicode_ci,
  PRIMARY KEY (`ID`),
  KEY `ix_b_perf_index_suggest_0` (`SQL_MD5`)
) ENGINE=InnoDB DEFAULT CHARSET=utf8 COLLATE=utf8_unicode_ci;
/*!40101 SET character_set_client = @saved_cs_client */;

--
-- Dumping data for table `b_perf_index_suggest`
--

LOCK TABLES `b_perf_index_suggest` WRITE;
/*!40000 ALTER TABLE `b_perf_index_suggest` DISABLE KEYS */;
/*!40000 ALTER TABLE `b_perf_index_suggest` ENABLE KEYS */;
UNLOCK TABLES;

--
-- Table structure for table `b_perf_index_suggest_sql`
--

DROP TABLE IF EXISTS `b_perf_index_suggest_sql`;
/*!40101 SET @saved_cs_client     = @@character_set_client */;
/*!40101 SET character_set_client = utf8 */;
CREATE TABLE `b_perf_index_suggest_sql` (
  `SUGGEST_ID` int(11) NOT NULL,
  `SQL_ID` int(11) NOT NULL,
  PRIMARY KEY (`SUGGEST_ID`,`SQL_ID`),
  KEY `ix_b_perf_index_suggest_sql_0` (`SQL_ID`,`SUGGEST_ID`)
) ENGINE=InnoDB DEFAULT CHARSET=utf8 COLLATE=utf8_unicode_ci;
/*!40101 SET character_set_client = @saved_cs_client */;

--
-- Dumping data for table `b_perf_index_suggest_sql`
--

LOCK TABLES `b_perf_index_suggest_sql` WRITE;
/*!40000 ALTER TABLE `b_perf_index_suggest_sql` DISABLE KEYS */;
/*!40000 ALTER TABLE `b_perf_index_suggest_sql` ENABLE KEYS */;
UNLOCK TABLES;

--
-- Table structure for table `b_perf_sql`
--

DROP TABLE IF EXISTS `b_perf_sql`;
/*!40101 SET @saved_cs_client     = @@character_set_client */;
/*!40101 SET character_set_client = utf8 */;
CREATE TABLE `b_perf_sql` (
  `ID` int(18) NOT NULL AUTO_INCREMENT,
  `HIT_ID` int(18) DEFAULT NULL,
  `COMPONENT_ID` int(18) DEFAULT NULL,
  `NN` int(18) DEFAULT NULL,
  `QUERY_TIME` float DEFAULT NULL,
  `NODE_ID` int(18) DEFAULT NULL,
  `MODULE_NAME` text COLLATE utf8_unicode_ci,
  `COMPONENT_NAME` text COLLATE utf8_unicode_ci,
  `SQL_TEXT` text COLLATE utf8_unicode_ci,
  PRIMARY KEY (`ID`),
  UNIQUE KEY `IX_B_PERF_SQL_0` (`HIT_ID`,`NN`),
  KEY `IX_B_PERF_SQL_1` (`COMPONENT_ID`)
) ENGINE=InnoDB DEFAULT CHARSET=utf8 COLLATE=utf8_unicode_ci;
/*!40101 SET character_set_client = @saved_cs_client */;

--
-- Dumping data for table `b_perf_sql`
--

LOCK TABLES `b_perf_sql` WRITE;
/*!40000 ALTER TABLE `b_perf_sql` DISABLE KEYS */;
/*!40000 ALTER TABLE `b_perf_sql` ENABLE KEYS */;
UNLOCK TABLES;

--
-- Table structure for table `b_perf_sql_backtrace`
--

DROP TABLE IF EXISTS `b_perf_sql_backtrace`;
/*!40101 SET @saved_cs_client     = @@character_set_client */;
/*!40101 SET character_set_client = utf8 */;
CREATE TABLE `b_perf_sql_backtrace` (
  `SQL_ID` int(18) NOT NULL,
  `NN` int(18) NOT NULL,
  `FILE_NAME` varchar(500) COLLATE utf8_unicode_ci DEFAULT NULL,
  `LINE_NO` int(18) DEFAULT NULL,
  `CLASS_NAME` varchar(500) COLLATE utf8_unicode_ci DEFAULT NULL,
  `FUNCTION_NAME` varchar(500) COLLATE utf8_unicode_ci DEFAULT NULL,
  PRIMARY KEY (`SQL_ID`,`NN`)
) ENGINE=InnoDB DEFAULT CHARSET=utf8 COLLATE=utf8_unicode_ci;
/*!40101 SET character_set_client = @saved_cs_client */;

--
-- Dumping data for table `b_perf_sql_backtrace`
--

LOCK TABLES `b_perf_sql_backtrace` WRITE;
/*!40000 ALTER TABLE `b_perf_sql_backtrace` DISABLE KEYS */;
/*!40000 ALTER TABLE `b_perf_sql_backtrace` ENABLE KEYS */;
UNLOCK TABLES;

--
-- Table structure for table `b_perf_tab_column_stat`
--

DROP TABLE IF EXISTS `b_perf_tab_column_stat`;
/*!40101 SET @saved_cs_client     = @@character_set_client */;
/*!40101 SET character_set_client = utf8 */;
CREATE TABLE `b_perf_tab_column_stat` (
  `ID` int(11) NOT NULL AUTO_INCREMENT,
  `TABLE_NAME` varchar(50) COLLATE utf8_unicode_ci DEFAULT NULL,
  `COLUMN_NAME` varchar(50) COLLATE utf8_unicode_ci DEFAULT NULL,
  `TABLE_ROWS` float DEFAULT NULL,
  `COLUMN_ROWS` float DEFAULT NULL,
  `VALUE` varchar(100) COLLATE utf8_unicode_ci DEFAULT NULL,
  PRIMARY KEY (`ID`),
  KEY `ix_b_perf_tab_column_stat` (`TABLE_NAME`,`COLUMN_NAME`)
) ENGINE=InnoDB DEFAULT CHARSET=utf8 COLLATE=utf8_unicode_ci;
/*!40101 SET character_set_client = @saved_cs_client */;

--
-- Dumping data for table `b_perf_tab_column_stat`
--

LOCK TABLES `b_perf_tab_column_stat` WRITE;
/*!40000 ALTER TABLE `b_perf_tab_column_stat` DISABLE KEYS */;
/*!40000 ALTER TABLE `b_perf_tab_column_stat` ENABLE KEYS */;
UNLOCK TABLES;

--
-- Table structure for table `b_perf_tab_stat`
--

DROP TABLE IF EXISTS `b_perf_tab_stat`;
/*!40101 SET @saved_cs_client     = @@character_set_client */;
/*!40101 SET character_set_client = utf8 */;
CREATE TABLE `b_perf_tab_stat` (
  `TABLE_NAME` varchar(50) COLLATE utf8_unicode_ci NOT NULL,
  `TABLE_SIZE` float DEFAULT NULL,
  `TABLE_ROWS` float DEFAULT NULL,
  PRIMARY KEY (`TABLE_NAME`)
) ENGINE=InnoDB DEFAULT CHARSET=utf8 COLLATE=utf8_unicode_ci;
/*!40101 SET character_set_client = @saved_cs_client */;

--
-- Dumping data for table `b_perf_tab_stat`
--

LOCK TABLES `b_perf_tab_stat` WRITE;
/*!40000 ALTER TABLE `b_perf_tab_stat` DISABLE KEYS */;
/*!40000 ALTER TABLE `b_perf_tab_stat` ENABLE KEYS */;
UNLOCK TABLES;

--
-- Table structure for table `b_perf_test`
--

DROP TABLE IF EXISTS `b_perf_test`;
/*!40101 SET @saved_cs_client     = @@character_set_client */;
/*!40101 SET character_set_client = utf8 */;
CREATE TABLE `b_perf_test` (
  `ID` int(18) NOT NULL AUTO_INCREMENT,
  `REFERENCE_ID` int(18) DEFAULT NULL,
  `NAME` varchar(200) COLLATE utf8_unicode_ci DEFAULT NULL,
  PRIMARY KEY (`ID`),
  KEY `IX_B_PERF_TEST_0` (`REFERENCE_ID`)
) ENGINE=InnoDB DEFAULT CHARSET=utf8 COLLATE=utf8_unicode_ci;
/*!40101 SET character_set_client = @saved_cs_client */;

--
-- Dumping data for table `b_perf_test`
--

LOCK TABLES `b_perf_test` WRITE;
/*!40000 ALTER TABLE `b_perf_test` DISABLE KEYS */;
/*!40000 ALTER TABLE `b_perf_test` ENABLE KEYS */;
UNLOCK TABLES;

--
-- Table structure for table `b_posting`
--

DROP TABLE IF EXISTS `b_posting`;
/*!40101 SET @saved_cs_client     = @@character_set_client */;
/*!40101 SET character_set_client = utf8 */;
CREATE TABLE `b_posting` (
  `ID` int(11) NOT NULL AUTO_INCREMENT,
  `TIMESTAMP_X` timestamp NOT NULL DEFAULT CURRENT_TIMESTAMP ON UPDATE CURRENT_TIMESTAMP,
  `STATUS` char(1) COLLATE utf8_unicode_ci NOT NULL DEFAULT 'D',
  `VERSION` char(1) COLLATE utf8_unicode_ci DEFAULT NULL,
  `DATE_SENT` datetime DEFAULT NULL,
  `SENT_BCC` mediumtext COLLATE utf8_unicode_ci,
  `FROM_FIELD` varchar(255) COLLATE utf8_unicode_ci NOT NULL,
  `TO_FIELD` varchar(255) COLLATE utf8_unicode_ci DEFAULT NULL,
  `BCC_FIELD` mediumtext COLLATE utf8_unicode_ci,
  `EMAIL_FILTER` varchar(255) COLLATE utf8_unicode_ci DEFAULT NULL,
  `SUBJECT` varchar(255) COLLATE utf8_unicode_ci NOT NULL,
  `BODY_TYPE` varchar(4) COLLATE utf8_unicode_ci NOT NULL DEFAULT 'text',
  `BODY` mediumtext COLLATE utf8_unicode_ci NOT NULL,
  `DIRECT_SEND` char(1) COLLATE utf8_unicode_ci NOT NULL DEFAULT 'N',
  `CHARSET` varchar(50) COLLATE utf8_unicode_ci DEFAULT NULL,
  `MSG_CHARSET` varchar(255) COLLATE utf8_unicode_ci DEFAULT NULL,
  `SUBSCR_FORMAT` varchar(4) COLLATE utf8_unicode_ci DEFAULT NULL,
  `ERROR_EMAIL` mediumtext COLLATE utf8_unicode_ci,
  `AUTO_SEND_TIME` datetime DEFAULT NULL,
  `BCC_TO_SEND` mediumtext COLLATE utf8_unicode_ci,
  PRIMARY KEY (`ID`)
) ENGINE=InnoDB DEFAULT CHARSET=utf8 COLLATE=utf8_unicode_ci;
/*!40101 SET character_set_client = @saved_cs_client */;

--
-- Dumping data for table `b_posting`
--

LOCK TABLES `b_posting` WRITE;
/*!40000 ALTER TABLE `b_posting` DISABLE KEYS */;
/*!40000 ALTER TABLE `b_posting` ENABLE KEYS */;
UNLOCK TABLES;

--
-- Table structure for table `b_posting_email`
--

DROP TABLE IF EXISTS `b_posting_email`;
/*!40101 SET @saved_cs_client     = @@character_set_client */;
/*!40101 SET character_set_client = utf8 */;
CREATE TABLE `b_posting_email` (
  `ID` int(11) NOT NULL AUTO_INCREMENT,
  `POSTING_ID` int(11) NOT NULL,
  `STATUS` char(1) COLLATE utf8_unicode_ci NOT NULL,
  `EMAIL` varchar(255) COLLATE utf8_unicode_ci NOT NULL,
  `SUBSCRIPTION_ID` int(11) DEFAULT NULL,
  `USER_ID` int(11) DEFAULT NULL,
  PRIMARY KEY (`ID`),
  KEY `ix_posting_email_status` (`POSTING_ID`,`STATUS`),
  KEY `ix_posting_email_email` (`POSTING_ID`,`EMAIL`)
) ENGINE=InnoDB DEFAULT CHARSET=utf8 COLLATE=utf8_unicode_ci;
/*!40101 SET character_set_client = @saved_cs_client */;

--
-- Dumping data for table `b_posting_email`
--

LOCK TABLES `b_posting_email` WRITE;
/*!40000 ALTER TABLE `b_posting_email` DISABLE KEYS */;
/*!40000 ALTER TABLE `b_posting_email` ENABLE KEYS */;
UNLOCK TABLES;

--
-- Table structure for table `b_posting_file`
--

DROP TABLE IF EXISTS `b_posting_file`;
/*!40101 SET @saved_cs_client     = @@character_set_client */;
/*!40101 SET character_set_client = utf8 */;
CREATE TABLE `b_posting_file` (
  `POSTING_ID` int(11) NOT NULL,
  `FILE_ID` int(11) NOT NULL,
  UNIQUE KEY `UK_POSTING_POSTING_FILE` (`POSTING_ID`,`FILE_ID`)
) ENGINE=InnoDB DEFAULT CHARSET=utf8 COLLATE=utf8_unicode_ci;
/*!40101 SET character_set_client = @saved_cs_client */;

--
-- Dumping data for table `b_posting_file`
--

LOCK TABLES `b_posting_file` WRITE;
/*!40000 ALTER TABLE `b_posting_file` DISABLE KEYS */;
/*!40000 ALTER TABLE `b_posting_file` ENABLE KEYS */;
UNLOCK TABLES;

--
-- Table structure for table `b_posting_group`
--

DROP TABLE IF EXISTS `b_posting_group`;
/*!40101 SET @saved_cs_client     = @@character_set_client */;
/*!40101 SET character_set_client = utf8 */;
CREATE TABLE `b_posting_group` (
  `POSTING_ID` int(11) NOT NULL,
  `GROUP_ID` int(11) NOT NULL,
  UNIQUE KEY `UK_POSTING_POSTING_GROUP` (`POSTING_ID`,`GROUP_ID`)
) ENGINE=InnoDB DEFAULT CHARSET=utf8 COLLATE=utf8_unicode_ci;
/*!40101 SET character_set_client = @saved_cs_client */;

--
-- Dumping data for table `b_posting_group`
--

LOCK TABLES `b_posting_group` WRITE;
/*!40000 ALTER TABLE `b_posting_group` DISABLE KEYS */;
/*!40000 ALTER TABLE `b_posting_group` ENABLE KEYS */;
UNLOCK TABLES;

--
-- Table structure for table `b_posting_rubric`
--

DROP TABLE IF EXISTS `b_posting_rubric`;
/*!40101 SET @saved_cs_client     = @@character_set_client */;
/*!40101 SET character_set_client = utf8 */;
CREATE TABLE `b_posting_rubric` (
  `POSTING_ID` int(11) NOT NULL,
  `LIST_RUBRIC_ID` int(11) NOT NULL,
  UNIQUE KEY `UK_POSTING_POSTING_RUBRIC` (`POSTING_ID`,`LIST_RUBRIC_ID`)
) ENGINE=InnoDB DEFAULT CHARSET=utf8 COLLATE=utf8_unicode_ci;
/*!40101 SET character_set_client = @saved_cs_client */;

--
-- Dumping data for table `b_posting_rubric`
--

LOCK TABLES `b_posting_rubric` WRITE;
/*!40000 ALTER TABLE `b_posting_rubric` DISABLE KEYS */;
/*!40000 ALTER TABLE `b_posting_rubric` ENABLE KEYS */;
UNLOCK TABLES;

--
-- Table structure for table `b_rating`
--

DROP TABLE IF EXISTS `b_rating`;
/*!40101 SET @saved_cs_client     = @@character_set_client */;
/*!40101 SET character_set_client = utf8 */;
CREATE TABLE `b_rating` (
  `ID` int(11) NOT NULL AUTO_INCREMENT,
  `ACTIVE` char(1) COLLATE utf8_unicode_ci NOT NULL,
  `NAME` varchar(512) COLLATE utf8_unicode_ci NOT NULL,
  `ENTITY_ID` varchar(50) COLLATE utf8_unicode_ci NOT NULL,
  `CALCULATION_METHOD` varchar(3) COLLATE utf8_unicode_ci NOT NULL DEFAULT 'SUM',
  `CREATED` datetime DEFAULT NULL,
  `LAST_MODIFIED` datetime DEFAULT NULL,
  `LAST_CALCULATED` datetime DEFAULT NULL,
  `POSITION` char(1) COLLATE utf8_unicode_ci DEFAULT 'N',
  `AUTHORITY` char(1) COLLATE utf8_unicode_ci DEFAULT 'N',
  `CALCULATED` char(1) COLLATE utf8_unicode_ci NOT NULL DEFAULT 'N',
  `CONFIGS` text COLLATE utf8_unicode_ci,
  PRIMARY KEY (`ID`)
) ENGINE=InnoDB AUTO_INCREMENT=3 DEFAULT CHARSET=utf8 COLLATE=utf8_unicode_ci;
/*!40101 SET character_set_client = @saved_cs_client */;

--
-- Dumping data for table `b_rating`
--

LOCK TABLES `b_rating` WRITE;
/*!40000 ALTER TABLE `b_rating` DISABLE KEYS */;
INSERT INTO `b_rating` VALUES (1,'N','','USER','SUM','2018-04-13 16:07:50',NULL,NULL,'Y','N','N','a:3:{s:4:\"MAIN\";a:2:{s:4:\"VOTE\";a:1:{s:4:\"USER\";a:2:{s:11:\"COEFFICIENT\";s:1:\"1\";s:5:\"LIMIT\";s:2:\"30\";}}s:6:\"RATING\";a:1:{s:5:\"BONUS\";a:2:{s:6:\"ACTIVE\";s:1:\"Y\";s:11:\"COEFFICIENT\";s:1:\"1\";}}}s:5:\"FORUM\";a:2:{s:4:\"VOTE\";a:2:{s:5:\"TOPIC\";a:3:{s:6:\"ACTIVE\";s:1:\"Y\";s:11:\"COEFFICIENT\";s:3:\"0.5\";s:5:\"LIMIT\";s:2:\"30\";}s:4:\"POST\";a:3:{s:6:\"ACTIVE\";s:1:\"Y\";s:11:\"COEFFICIENT\";s:3:\"0.1\";s:5:\"LIMIT\";s:2:\"30\";}}s:6:\"RATING\";a:1:{s:8:\"ACTIVITY\";a:9:{s:6:\"ACTIVE\";s:1:\"Y\";s:16:\"TODAY_TOPIC_COEF\";s:3:\"0.4\";s:15:\"WEEK_TOPIC_COEF\";s:3:\"0.2\";s:16:\"MONTH_TOPIC_COEF\";s:3:\"0.1\";s:14:\"ALL_TOPIC_COEF\";s:1:\"0\";s:15:\"TODAY_POST_COEF\";s:3:\"0.2\";s:14:\"WEEK_POST_COEF\";s:3:\"0.1\";s:15:\"MONTH_POST_COEF\";s:4:\"0.05\";s:13:\"ALL_POST_COEF\";s:1:\"0\";}}}s:4:\"BLOG\";a:2:{s:4:\"VOTE\";a:2:{s:4:\"POST\";a:3:{s:6:\"ACTIVE\";s:1:\"Y\";s:11:\"COEFFICIENT\";s:3:\"0.5\";s:5:\"LIMIT\";s:2:\"30\";}s:7:\"COMMENT\";a:3:{s:6:\"ACTIVE\";s:1:\"Y\";s:11:\"COEFFICIENT\";s:3:\"0.1\";s:5:\"LIMIT\";s:2:\"30\";}}s:6:\"RATING\";a:1:{s:8:\"ACTIVITY\";a:9:{s:6:\"ACTIVE\";s:1:\"Y\";s:15:\"TODAY_POST_COEF\";s:3:\"0.4\";s:14:\"WEEK_POST_COEF\";s:3:\"0.2\";s:15:\"MONTH_POST_COEF\";s:3:\"0.1\";s:13:\"ALL_POST_COEF\";s:1:\"0\";s:18:\"TODAY_COMMENT_COEF\";s:3:\"0.2\";s:17:\"WEEK_COMMENT_COEF\";s:3:\"0.1\";s:18:\"MONTH_COMMENT_COEF\";s:4:\"0.05\";s:16:\"ALL_COMMENT_COEF\";s:1:\"0\";}}}}'),(2,'N','','USER','SUM','2018-04-13 16:07:50',NULL,NULL,'Y','Y','N','a:3:{s:4:\"MAIN\";a:2:{s:4:\"VOTE\";a:1:{s:4:\"USER\";a:3:{s:6:\"ACTIVE\";s:1:\"Y\";s:11:\"COEFFICIENT\";s:1:\"1\";s:5:\"LIMIT\";s:1:\"0\";}}s:6:\"RATING\";a:1:{s:5:\"BONUS\";a:2:{s:6:\"ACTIVE\";s:1:\"Y\";s:11:\"COEFFICIENT\";s:1:\"1\";}}}s:5:\"FORUM\";a:2:{s:4:\"VOTE\";a:2:{s:5:\"TOPIC\";a:2:{s:11:\"COEFFICIENT\";s:1:\"1\";s:5:\"LIMIT\";s:2:\"30\";}s:4:\"POST\";a:2:{s:11:\"COEFFICIENT\";s:1:\"1\";s:5:\"LIMIT\";s:2:\"30\";}}s:6:\"RATING\";a:1:{s:8:\"ACTIVITY\";a:8:{s:16:\"TODAY_TOPIC_COEF\";s:2:\"20\";s:15:\"WEEK_TOPIC_COEF\";s:2:\"10\";s:16:\"MONTH_TOPIC_COEF\";s:1:\"5\";s:14:\"ALL_TOPIC_COEF\";s:1:\"0\";s:15:\"TODAY_POST_COEF\";s:3:\"0.4\";s:14:\"WEEK_POST_COEF\";s:3:\"0.2\";s:15:\"MONTH_POST_COEF\";s:3:\"0.1\";s:13:\"ALL_POST_COEF\";s:1:\"0\";}}}s:4:\"BLOG\";a:2:{s:4:\"VOTE\";a:2:{s:4:\"POST\";a:2:{s:11:\"COEFFICIENT\";s:1:\"1\";s:5:\"LIMIT\";s:2:\"30\";}s:7:\"COMMENT\";a:2:{s:11:\"COEFFICIENT\";s:1:\"1\";s:5:\"LIMIT\";s:2:\"30\";}}s:6:\"RATING\";a:1:{s:8:\"ACTIVITY\";a:8:{s:15:\"TODAY_POST_COEF\";s:3:\"0.4\";s:14:\"WEEK_POST_COEF\";s:3:\"0.2\";s:15:\"MONTH_POST_COEF\";s:3:\"0.1\";s:13:\"ALL_POST_COEF\";s:1:\"0\";s:18:\"TODAY_COMMENT_COEF\";s:3:\"0.2\";s:17:\"WEEK_COMMENT_COEF\";s:3:\"0.1\";s:18:\"MONTH_COMMENT_COEF\";s:4:\"0.05\";s:16:\"ALL_COMMENT_COEF\";s:1:\"0\";}}}}');
/*!40000 ALTER TABLE `b_rating` ENABLE KEYS */;
UNLOCK TABLES;

--
-- Table structure for table `b_rating_component`
--

DROP TABLE IF EXISTS `b_rating_component`;
/*!40101 SET @saved_cs_client     = @@character_set_client */;
/*!40101 SET character_set_client = utf8 */;
CREATE TABLE `b_rating_component` (
  `ID` int(11) NOT NULL AUTO_INCREMENT,
  `RATING_ID` int(11) NOT NULL,
  `ACTIVE` char(1) COLLATE utf8_unicode_ci NOT NULL DEFAULT 'N',
  `ENTITY_ID` varchar(50) COLLATE utf8_unicode_ci NOT NULL,
  `MODULE_ID` varchar(50) COLLATE utf8_unicode_ci NOT NULL,
  `RATING_TYPE` varchar(50) COLLATE utf8_unicode_ci NOT NULL,
  `NAME` varchar(50) COLLATE utf8_unicode_ci NOT NULL,
  `COMPLEX_NAME` varchar(200) COLLATE utf8_unicode_ci NOT NULL,
  `CLASS` varchar(255) COLLATE utf8_unicode_ci NOT NULL,
  `CALC_METHOD` varchar(255) COLLATE utf8_unicode_ci NOT NULL,
  `EXCEPTION_METHOD` varchar(255) COLLATE utf8_unicode_ci DEFAULT NULL,
  `LAST_MODIFIED` datetime DEFAULT NULL,
  `LAST_CALCULATED` datetime DEFAULT NULL,
  `NEXT_CALCULATION` datetime DEFAULT NULL,
  `REFRESH_INTERVAL` int(11) NOT NULL,
  `CONFIG` text COLLATE utf8_unicode_ci,
  PRIMARY KEY (`ID`),
  KEY `IX_RATING_ID_1` (`RATING_ID`,`ACTIVE`,`NEXT_CALCULATION`)
) ENGINE=InnoDB DEFAULT CHARSET=utf8 COLLATE=utf8_unicode_ci;
/*!40101 SET character_set_client = @saved_cs_client */;

--
-- Dumping data for table `b_rating_component`
--

LOCK TABLES `b_rating_component` WRITE;
/*!40000 ALTER TABLE `b_rating_component` DISABLE KEYS */;
/*!40000 ALTER TABLE `b_rating_component` ENABLE KEYS */;
UNLOCK TABLES;

--
-- Table structure for table `b_rating_component_results`
--

DROP TABLE IF EXISTS `b_rating_component_results`;
/*!40101 SET @saved_cs_client     = @@character_set_client */;
/*!40101 SET character_set_client = utf8 */;
CREATE TABLE `b_rating_component_results` (
  `ID` int(11) NOT NULL AUTO_INCREMENT,
  `RATING_ID` int(11) NOT NULL,
  `ENTITY_TYPE_ID` varchar(50) COLLATE utf8_unicode_ci NOT NULL,
  `ENTITY_ID` int(11) NOT NULL,
  `MODULE_ID` varchar(50) COLLATE utf8_unicode_ci NOT NULL,
  `RATING_TYPE` varchar(50) COLLATE utf8_unicode_ci NOT NULL,
  `NAME` varchar(50) COLLATE utf8_unicode_ci NOT NULL,
  `COMPLEX_NAME` varchar(200) COLLATE utf8_unicode_ci NOT NULL,
  `CURRENT_VALUE` decimal(18,4) DEFAULT NULL,
  PRIMARY KEY (`ID`),
  KEY `IX_ENTITY_TYPE_ID` (`ENTITY_TYPE_ID`),
  KEY `IX_COMPLEX_NAME` (`COMPLEX_NAME`),
  KEY `IX_RATING_ID_2` (`RATING_ID`,`COMPLEX_NAME`)
) ENGINE=InnoDB DEFAULT CHARSET=utf8 COLLATE=utf8_unicode_ci;
/*!40101 SET character_set_client = @saved_cs_client */;

--
-- Dumping data for table `b_rating_component_results`
--

LOCK TABLES `b_rating_component_results` WRITE;
/*!40000 ALTER TABLE `b_rating_component_results` DISABLE KEYS */;
/*!40000 ALTER TABLE `b_rating_component_results` ENABLE KEYS */;
UNLOCK TABLES;

--
-- Table structure for table `b_rating_prepare`
--

DROP TABLE IF EXISTS `b_rating_prepare`;
/*!40101 SET @saved_cs_client     = @@character_set_client */;
/*!40101 SET character_set_client = utf8 */;
CREATE TABLE `b_rating_prepare` (
  `ID` int(11) DEFAULT NULL
) ENGINE=InnoDB DEFAULT CHARSET=utf8 COLLATE=utf8_unicode_ci;
/*!40101 SET character_set_client = @saved_cs_client */;

--
-- Dumping data for table `b_rating_prepare`
--

LOCK TABLES `b_rating_prepare` WRITE;
/*!40000 ALTER TABLE `b_rating_prepare` DISABLE KEYS */;
/*!40000 ALTER TABLE `b_rating_prepare` ENABLE KEYS */;
UNLOCK TABLES;

--
-- Table structure for table `b_rating_results`
--

DROP TABLE IF EXISTS `b_rating_results`;
/*!40101 SET @saved_cs_client     = @@character_set_client */;
/*!40101 SET character_set_client = utf8 */;
CREATE TABLE `b_rating_results` (
  `ID` int(11) NOT NULL AUTO_INCREMENT,
  `RATING_ID` int(11) NOT NULL,
  `ENTITY_TYPE_ID` varchar(50) COLLATE utf8_unicode_ci NOT NULL,
  `ENTITY_ID` int(11) NOT NULL,
  `CURRENT_VALUE` decimal(18,4) DEFAULT NULL,
  `PREVIOUS_VALUE` decimal(18,4) DEFAULT NULL,
  `CURRENT_POSITION` int(11) DEFAULT '0',
  `PREVIOUS_POSITION` int(11) DEFAULT '0',
  PRIMARY KEY (`ID`),
  KEY `IX_RATING_3` (`RATING_ID`,`ENTITY_TYPE_ID`,`ENTITY_ID`),
  KEY `IX_RATING_4` (`RATING_ID`,`ENTITY_ID`)
) ENGINE=InnoDB DEFAULT CHARSET=utf8 COLLATE=utf8_unicode_ci;
/*!40101 SET character_set_client = @saved_cs_client */;

--
-- Dumping data for table `b_rating_results`
--

LOCK TABLES `b_rating_results` WRITE;
/*!40000 ALTER TABLE `b_rating_results` DISABLE KEYS */;
/*!40000 ALTER TABLE `b_rating_results` ENABLE KEYS */;
UNLOCK TABLES;

--
-- Table structure for table `b_rating_rule`
--

DROP TABLE IF EXISTS `b_rating_rule`;
/*!40101 SET @saved_cs_client     = @@character_set_client */;
/*!40101 SET character_set_client = utf8 */;
CREATE TABLE `b_rating_rule` (
  `ID` int(11) NOT NULL AUTO_INCREMENT,
  `ACTIVE` char(1) COLLATE utf8_unicode_ci NOT NULL DEFAULT 'N',
  `NAME` varchar(256) COLLATE utf8_unicode_ci NOT NULL,
  `ENTITY_TYPE_ID` varchar(50) COLLATE utf8_unicode_ci NOT NULL,
  `CONDITION_NAME` varchar(200) COLLATE utf8_unicode_ci NOT NULL,
  `CONDITION_MODULE` varchar(50) COLLATE utf8_unicode_ci DEFAULT NULL,
  `CONDITION_CLASS` varchar(255) COLLATE utf8_unicode_ci NOT NULL,
  `CONDITION_METHOD` varchar(255) COLLATE utf8_unicode_ci NOT NULL,
  `CONDITION_CONFIG` text COLLATE utf8_unicode_ci,
  `ACTION_NAME` varchar(200) COLLATE utf8_unicode_ci NOT NULL,
  `ACTION_CONFIG` text COLLATE utf8_unicode_ci,
  `ACTIVATE` char(1) COLLATE utf8_unicode_ci NOT NULL DEFAULT 'N',
  `ACTIVATE_CLASS` varchar(255) COLLATE utf8_unicode_ci NOT NULL,
  `ACTIVATE_METHOD` varchar(255) COLLATE utf8_unicode_ci NOT NULL,
  `DEACTIVATE` char(1) COLLATE utf8_unicode_ci NOT NULL DEFAULT 'N',
  `DEACTIVATE_CLASS` varchar(255) COLLATE utf8_unicode_ci NOT NULL,
  `DEACTIVATE_METHOD` varchar(255) COLLATE utf8_unicode_ci NOT NULL,
  `CREATED` datetime DEFAULT NULL,
  `LAST_MODIFIED` datetime DEFAULT NULL,
  `LAST_APPLIED` datetime DEFAULT NULL,
  PRIMARY KEY (`ID`)
) ENGINE=InnoDB AUTO_INCREMENT=6 DEFAULT CHARSET=utf8 COLLATE=utf8_unicode_ci;
/*!40101 SET character_set_client = @saved_cs_client */;

--
-- Dumping data for table `b_rating_rule`
--

LOCK TABLES `b_rating_rule` WRITE;
/*!40000 ALTER TABLE `b_rating_rule` DISABLE KEYS */;
INSERT INTO `b_rating_rule` VALUES (1,'N','   ,     ','USER','AUTHORITY',NULL,'CRatingRulesMain','ratingCheck','a:1:{s:9:\"AUTHORITY\";a:2:{s:16:\"RATING_CONDITION\";i:1;s:12:\"RATING_VALUE\";i:1;}}','ADD_TO_GROUP','a:1:{s:12:\"ADD_TO_GROUP\";a:1:{s:8:\"GROUP_ID\";s:1:\"3\";}}','N','CRatingRulesMain','addToGroup','N','CRatingRulesMain ','addToGroup','2018-04-13 16:07:50','2018-04-13 16:07:50',NULL),(2,'N','   ,      ','USER','AUTHORITY',NULL,'CRatingRulesMain','ratingCheck','a:1:{s:9:\"AUTHORITY\";a:2:{s:16:\"RATING_CONDITION\";i:2;s:12:\"RATING_VALUE\";i:1;}}','REMOVE_FROM_GROUP','a:1:{s:17:\"REMOVE_FROM_GROUP\";a:1:{s:8:\"GROUP_ID\";s:1:\"3\";}}','N','CRatingRulesMain','removeFromGroup','N','CRatingRulesMain ','removeFromGroup','2018-04-13 16:07:50','2018-04-13 16:07:50',NULL),(3,'N','   ,     ','USER','AUTHORITY',NULL,'CRatingRulesMain','ratingCheck','a:1:{s:9:\"AUTHORITY\";a:2:{s:16:\"RATING_CONDITION\";i:1;s:12:\"RATING_VALUE\";i:2;}}','ADD_TO_GROUP','a:1:{s:12:\"ADD_TO_GROUP\";a:1:{s:8:\"GROUP_ID\";s:1:\"4\";}}','N','CRatingRulesMain','addToGroup','N','CRatingRulesMain ','addToGroup','2018-04-13 16:07:51','2018-04-13 16:07:51',NULL),(4,'N','   ,      ','USER','AUTHORITY',NULL,'CRatingRulesMain','ratingCheck','a:1:{s:9:\"AUTHORITY\";a:2:{s:16:\"RATING_CONDITION\";i:2;s:12:\"RATING_VALUE\";i:2;}}','REMOVE_FROM_GROUP','a:1:{s:17:\"REMOVE_FROM_GROUP\";a:1:{s:8:\"GROUP_ID\";s:1:\"4\";}}','N','CRatingRulesMain','removeFromGroup','N','CRatingRulesMain ','removeFromGroup','2018-04-13 16:07:51','2018-04-13 16:07:51',NULL),(5,'Y','    ','USER','VOTE',NULL,'CRatingRulesMain','voteCheck','a:1:{s:4:\"VOTE\";a:6:{s:10:\"VOTE_LIMIT\";i:90;s:11:\"VOTE_RESULT\";i:10;s:16:\"VOTE_FORUM_TOPIC\";d:0.5;s:15:\"VOTE_FORUM_POST\";d:0.1;s:14:\"VOTE_BLOG_POST\";d:0.5;s:17:\"VOTE_BLOG_COMMENT\";d:0.1;}}','empty','a:0:{}','N','empty','empty','N','empty ','empty','2018-04-13 16:07:51','2018-04-13 16:07:51',NULL);
/*!40000 ALTER TABLE `b_rating_rule` ENABLE KEYS */;
UNLOCK TABLES;

--
-- Table structure for table `b_rating_rule_vetting`
--

DROP TABLE IF EXISTS `b_rating_rule_vetting`;
/*!40101 SET @saved_cs_client     = @@character_set_client */;
/*!40101 SET character_set_client = utf8 */;
CREATE TABLE `b_rating_rule_vetting` (
  `ID` int(11) NOT NULL AUTO_INCREMENT,
  `RULE_ID` int(11) NOT NULL,
  `ENTITY_TYPE_ID` varchar(50) COLLATE utf8_unicode_ci NOT NULL,
  `ENTITY_ID` int(11) NOT NULL,
  `ACTIVATE` char(1) COLLATE utf8_unicode_ci NOT NULL DEFAULT 'N',
  `APPLIED` char(1) COLLATE utf8_unicode_ci NOT NULL DEFAULT 'N',
  PRIMARY KEY (`ID`),
  KEY `RULE_ID` (`RULE_ID`,`ENTITY_TYPE_ID`,`ENTITY_ID`)
) ENGINE=InnoDB DEFAULT CHARSET=utf8 COLLATE=utf8_unicode_ci;
/*!40101 SET character_set_client = @saved_cs_client */;

--
-- Dumping data for table `b_rating_rule_vetting`
--

LOCK TABLES `b_rating_rule_vetting` WRITE;
/*!40000 ALTER TABLE `b_rating_rule_vetting` DISABLE KEYS */;
/*!40000 ALTER TABLE `b_rating_rule_vetting` ENABLE KEYS */;
UNLOCK TABLES;

--
-- Table structure for table `b_rating_user`
--

DROP TABLE IF EXISTS `b_rating_user`;
/*!40101 SET @saved_cs_client     = @@character_set_client */;
/*!40101 SET character_set_client = utf8 */;
CREATE TABLE `b_rating_user` (
  `ID` int(11) NOT NULL AUTO_INCREMENT,
  `RATING_ID` int(11) NOT NULL,
  `ENTITY_ID` int(11) NOT NULL,
  `BONUS` decimal(18,4) DEFAULT '0.0000',
  `VOTE_WEIGHT` decimal(18,4) DEFAULT '0.0000',
  `VOTE_COUNT` int(11) DEFAULT '0',
  PRIMARY KEY (`ID`),
  KEY `RATING_ID` (`RATING_ID`,`ENTITY_ID`),
  KEY `IX_B_RAT_USER_2` (`ENTITY_ID`)
) ENGINE=InnoDB AUTO_INCREMENT=6 DEFAULT CHARSET=utf8 COLLATE=utf8_unicode_ci;
/*!40101 SET character_set_client = @saved_cs_client */;

--
-- Dumping data for table `b_rating_user`
--

LOCK TABLES `b_rating_user` WRITE;
/*!40000 ALTER TABLE `b_rating_user` DISABLE KEYS */;
INSERT INTO `b_rating_user` VALUES (1,2,1,3.0000,30.0000,13),(2,2,2,3.0000,30.0000,13),(3,2,3,3.0000,30.0000,13),(4,2,4,3.0000,30.0000,13),(5,2,5,3.0000,30.0000,13);
/*!40000 ALTER TABLE `b_rating_user` ENABLE KEYS */;
UNLOCK TABLES;

--
-- Table structure for table `b_rating_vote`
--

DROP TABLE IF EXISTS `b_rating_vote`;
/*!40101 SET @saved_cs_client     = @@character_set_client */;
/*!40101 SET character_set_client = utf8 */;
CREATE TABLE `b_rating_vote` (
  `ID` int(11) NOT NULL AUTO_INCREMENT,
  `RATING_VOTING_ID` int(11) NOT NULL,
  `ENTITY_TYPE_ID` varchar(50) COLLATE utf8_unicode_ci NOT NULL,
  `ENTITY_ID` int(11) NOT NULL,
  `OWNER_ID` int(11) NOT NULL,
  `VALUE` decimal(18,4) NOT NULL,
  `ACTIVE` char(1) COLLATE utf8_unicode_ci NOT NULL,
  `CREATED` datetime NOT NULL,
  `USER_ID` int(11) NOT NULL,
  `USER_IP` varchar(64) COLLATE utf8_unicode_ci NOT NULL,
  PRIMARY KEY (`ID`),
  KEY `IX_RAT_VOTE_ID` (`RATING_VOTING_ID`,`USER_ID`),
  KEY `IX_RAT_VOTE_ID_2` (`ENTITY_TYPE_ID`,`ENTITY_ID`,`USER_ID`),
  KEY `IX_RAT_VOTE_ID_3` (`OWNER_ID`,`CREATED`),
  KEY `IX_RAT_VOTE_ID_4` (`USER_ID`),
  KEY `IX_RAT_VOTE_ID_5` (`CREATED`,`VALUE`),
  KEY `IX_RAT_VOTE_ID_6` (`ACTIVE`),
  KEY `IX_RAT_VOTE_ID_7` (`RATING_VOTING_ID`,`CREATED`),
  KEY `IX_RAT_VOTE_ID_8` (`ENTITY_TYPE_ID`,`CREATED`),
  KEY `IX_RAT_VOTE_ID_9` (`CREATED`,`USER_ID`)
) ENGINE=InnoDB DEFAULT CHARSET=utf8 COLLATE=utf8_unicode_ci;
/*!40101 SET character_set_client = @saved_cs_client */;

--
-- Dumping data for table `b_rating_vote`
--

LOCK TABLES `b_rating_vote` WRITE;
/*!40000 ALTER TABLE `b_rating_vote` DISABLE KEYS */;
/*!40000 ALTER TABLE `b_rating_vote` ENABLE KEYS */;
UNLOCK TABLES;

--
-- Table structure for table `b_rating_vote_group`
--

DROP TABLE IF EXISTS `b_rating_vote_group`;
/*!40101 SET @saved_cs_client     = @@character_set_client */;
/*!40101 SET character_set_client = utf8 */;
CREATE TABLE `b_rating_vote_group` (
  `ID` int(11) NOT NULL AUTO_INCREMENT,
  `GROUP_ID` int(11) NOT NULL,
  `TYPE` char(1) COLLATE utf8_unicode_ci NOT NULL,
  PRIMARY KEY (`ID`),
  KEY `RATING_ID` (`GROUP_ID`,`TYPE`)
) ENGINE=InnoDB AUTO_INCREMENT=7 DEFAULT CHARSET=utf8 COLLATE=utf8_unicode_ci;
/*!40101 SET character_set_client = @saved_cs_client */;

--
-- Dumping data for table `b_rating_vote_group`
--

LOCK TABLES `b_rating_vote_group` WRITE;
/*!40000 ALTER TABLE `b_rating_vote_group` DISABLE KEYS */;
INSERT INTO `b_rating_vote_group` VALUES (5,1,'A'),(1,1,'R'),(3,1,'R'),(2,3,'R'),(4,3,'R'),(6,4,'A');
/*!40000 ALTER TABLE `b_rating_vote_group` ENABLE KEYS */;
UNLOCK TABLES;

--
-- Table structure for table `b_rating_voting`
--

DROP TABLE IF EXISTS `b_rating_voting`;
/*!40101 SET @saved_cs_client     = @@character_set_client */;
/*!40101 SET character_set_client = utf8 */;
CREATE TABLE `b_rating_voting` (
  `ID` int(11) NOT NULL AUTO_INCREMENT,
  `ENTITY_TYPE_ID` varchar(50) COLLATE utf8_unicode_ci NOT NULL,
  `ENTITY_ID` int(11) NOT NULL,
  `OWNER_ID` int(11) NOT NULL,
  `ACTIVE` char(1) COLLATE utf8_unicode_ci NOT NULL,
  `CREATED` datetime DEFAULT NULL,
  `LAST_CALCULATED` datetime DEFAULT NULL,
  `TOTAL_VALUE` decimal(18,4) NOT NULL,
  `TOTAL_VOTES` int(11) NOT NULL,
  `TOTAL_POSITIVE_VOTES` int(11) NOT NULL,
  `TOTAL_NEGATIVE_VOTES` int(11) NOT NULL,
  PRIMARY KEY (`ID`),
  KEY `IX_ENTITY_TYPE_ID_2` (`ENTITY_TYPE_ID`,`ENTITY_ID`,`ACTIVE`),
  KEY `IX_ENTITY_TYPE_ID_4` (`TOTAL_VALUE`)
) ENGINE=InnoDB DEFAULT CHARSET=utf8 COLLATE=utf8_unicode_ci;
/*!40101 SET character_set_client = @saved_cs_client */;

--
-- Dumping data for table `b_rating_voting`
--

LOCK TABLES `b_rating_voting` WRITE;
/*!40000 ALTER TABLE `b_rating_voting` DISABLE KEYS */;
/*!40000 ALTER TABLE `b_rating_voting` ENABLE KEYS */;
UNLOCK TABLES;

--
-- Table structure for table `b_rating_voting_prepare`
--

DROP TABLE IF EXISTS `b_rating_voting_prepare`;
/*!40101 SET @saved_cs_client     = @@character_set_client */;
/*!40101 SET character_set_client = utf8 */;
CREATE TABLE `b_rating_voting_prepare` (
  `ID` int(11) NOT NULL AUTO_INCREMENT,
  `RATING_VOTING_ID` int(11) NOT NULL,
  `TOTAL_VALUE` decimal(18,4) NOT NULL,
  `TOTAL_VOTES` int(11) NOT NULL,
  `TOTAL_POSITIVE_VOTES` int(11) NOT NULL,
  `TOTAL_NEGATIVE_VOTES` int(11) NOT NULL,
  PRIMARY KEY (`ID`),
  KEY `IX_RATING_VOTING_ID` (`RATING_VOTING_ID`)
) ENGINE=InnoDB DEFAULT CHARSET=utf8 COLLATE=utf8_unicode_ci;
/*!40101 SET character_set_client = @saved_cs_client */;

--
-- Dumping data for table `b_rating_voting_prepare`
--

LOCK TABLES `b_rating_voting_prepare` WRITE;
/*!40000 ALTER TABLE `b_rating_voting_prepare` DISABLE KEYS */;
/*!40000 ALTER TABLE `b_rating_voting_prepare` ENABLE KEYS */;
UNLOCK TABLES;

--
-- Table structure for table `b_rating_weight`
--

DROP TABLE IF EXISTS `b_rating_weight`;
/*!40101 SET @saved_cs_client     = @@character_set_client */;
/*!40101 SET character_set_client = utf8 */;
CREATE TABLE `b_rating_weight` (
  `ID` int(11) NOT NULL AUTO_INCREMENT,
  `RATING_FROM` decimal(18,4) NOT NULL,
  `RATING_TO` decimal(18,4) NOT NULL,
  `WEIGHT` decimal(18,4) DEFAULT '0.0000',
  `COUNT` int(11) DEFAULT '0',
  PRIMARY KEY (`ID`)
) ENGINE=InnoDB AUTO_INCREMENT=2 DEFAULT CHARSET=utf8 COLLATE=utf8_unicode_ci;
/*!40101 SET character_set_client = @saved_cs_client */;

--
-- Dumping data for table `b_rating_weight`
--

LOCK TABLES `b_rating_weight` WRITE;
/*!40000 ALTER TABLE `b_rating_weight` DISABLE KEYS */;
INSERT INTO `b_rating_weight` VALUES (1,-1000000.0000,1000000.0000,1.0000,10);
/*!40000 ALTER TABLE `b_rating_weight` ENABLE KEYS */;
UNLOCK TABLES;

--
-- Table structure for table `b_search_content`
--

DROP TABLE IF EXISTS `b_search_content`;
/*!40101 SET @saved_cs_client     = @@character_set_client */;
/*!40101 SET character_set_client = utf8 */;
CREATE TABLE `b_search_content` (
  `ID` int(11) NOT NULL AUTO_INCREMENT,
  `DATE_CHANGE` datetime NOT NULL,
  `MODULE_ID` varchar(50) COLLATE utf8_unicode_ci NOT NULL,
  `ITEM_ID` varchar(255) COLLATE utf8_unicode_ci NOT NULL,
  `CUSTOM_RANK` int(11) NOT NULL DEFAULT '0',
  `USER_ID` int(11) DEFAULT NULL,
  `ENTITY_TYPE_ID` varchar(50) COLLATE utf8_unicode_ci DEFAULT NULL,
  `ENTITY_ID` varchar(255) COLLATE utf8_unicode_ci DEFAULT NULL,
  `URL` text COLLATE utf8_unicode_ci,
  `TITLE` text COLLATE utf8_unicode_ci,
  `BODY` longtext COLLATE utf8_unicode_ci,
  `TAGS` text COLLATE utf8_unicode_ci,
  `PARAM1` text COLLATE utf8_unicode_ci,
  `PARAM2` text COLLATE utf8_unicode_ci,
  `UPD` varchar(32) COLLATE utf8_unicode_ci DEFAULT NULL,
  `DATE_FROM` datetime DEFAULT NULL,
  `DATE_TO` datetime DEFAULT NULL,
  PRIMARY KEY (`ID`),
  UNIQUE KEY `UX_B_SEARCH_CONTENT` (`MODULE_ID`,`ITEM_ID`),
  KEY `IX_B_SEARCH_CONTENT_1` (`MODULE_ID`,`PARAM1`(50),`PARAM2`(50)),
  KEY `IX_B_SEARCH_CONTENT_2` (`ENTITY_ID`(50),`ENTITY_TYPE_ID`)
) ENGINE=InnoDB AUTO_INCREMENT=63 DEFAULT CHARSET=utf8 COLLATE=utf8_unicode_ci;
/*!40101 SET character_set_client = @saved_cs_client */;

--
-- Dumping data for table `b_search_content`
--

LOCK TABLES `b_search_content` WRITE;
/*!40000 ALTER TABLE `b_search_content` DISABLE KEYS */;
INSERT INTO `b_search_content` VALUES (1,'2018-04-13 16:12:22','main','s1|/search/index.php',0,NULL,NULL,NULL,'/search/index.php','','','','','','5cd1df7de364be62da46016a2ac7c9f6',NULL,NULL),(2,'2018-04-13 16:12:22','main','s1|/search/map.php',0,NULL,NULL,NULL,'/search/map.php',' ','','','','','5cd1df7de364be62da46016a2ac7c9f6',NULL,NULL),(3,'2018-04-13 16:12:22','main','s1|/products/index.php',0,NULL,NULL,NULL,'/products/index.php','','','','','','5cd1df7de364be62da46016a2ac7c9f6',NULL,NULL),(4,'2018-04-13 16:12:22','main','s1|/company/history.php',0,NULL,NULL,NULL,'/company/history.php','','1992. 								\r&laquo; &raquo;\r       .  									     ,  400 2   									 .     .   									   ,       									. 								\r1993. 								\r      700 2,    									\r&laquo; &raquo;\r.       									.       ,   									         . 								\r1998. 								\r     - \r&laquo; &raquo;\r.    									      ,   , 									  - .      5000 									2. 								\r1999. 								\r&laquo; &raquo;\r       									 \r&laquo;-99&raquo;\r-      									&laquo; &raquo;.         .   									          . 								\r2000. 								\r    500 .    									     . 								\r2002. 								\r&laquo; &raquo;\r         									  ,       . 								\r2003. 								\r    .     . \n   ,      									    . 								\r2004. 								\r         . \n        . \n 									  \r&laquo; &raquo;\r . 								\r2005. 								\r      -   									     . \n    									 .      . \n        \r&laquo;&raquo;\r2006. 								\r   \r&laquo; &raquo;\r - 									  . \n     - 									  . 								\r2007. 								\r   .   -  									    30000 2. \n    									 \r\"  \"\r. 								\r2008. 								\r         \r&laquo;&raquo;\r. \n&laquo; &raquo;\r  . 								\r2008. 								\r    .    									. \n   \r&laquo; -  &raquo;\r     .   &mdash;  									   700002. \n      37  									. \n      .','','','','5cd1df7de364be62da46016a2ac7c9f6',NULL,NULL),(5,'2018-04-13 16:12:22','main','s1|/company/mission.php',0,NULL,NULL,NULL,'/company/mission.php','  ','&laquo; &raquo;\r-    							,     \n      							 .        \n  .        							.  \r&laquo; &raquo;\r- \n, ,   							  . 						\r  \r  : &ldquo;  &rdquo;.    									     \n   .\r          									.\r          									    \n   .\r      , 									   \n,    .\r \r   .     									  .\r   .       ,  									  \n  .\r  .      									 .\r          									 .\r        									 , \n  ,  ,   									  .\r   .      .\r   .\r          							  . \n&laquo; &raquo;\r  							          \n    							   .   &ndash;    . 						\r    \r&laquo; &raquo;\r   							 .    \n    							        .','','','','5cd1df7de364be62da46016a2ac7c9f6',NULL,NULL),(6,'2018-04-13 16:12:22','main','s1|/company/index.php',0,NULL,NULL,NULL,'/company/index.php',' ','       1992 .    \r&laquo; &raquo;\r               . 						 \r  -     \r           .         .     , , ,    ,        . \r          -    ,     , , ,    . \r           .         .   ,           ,   ,    .        ,         . 						 					\r       .           .        :         . \r    \r   ,               ,         .      18 ,     36 . \r             .       .         .   ,            . \r   -   \r&laquo; &raquo;\r           ,       .        ,             &ndash;  . \r                  .  , \r&laquo; &raquo;\r        2003          &laquo; 9000&raquo;           .','','','','5cd1df7de364be62da46016a2ac7c9f6',NULL,NULL),(7,'2018-04-13 16:12:22','main','s1|/company/management.php',0,NULL,NULL,NULL,'/company/management.php','','   &ndash;      . 							\r&laquo; &raquo;\r    18 .     							  ,          							. 						\r&laquo; &raquo;\r       , 							    ,     							,            							  .         							    . 						\r  &laquo; &raquo;\r   								\r 3  1964 .\n:     									  .  1994      									&laquo;    &raquo;  .\n     									  ,    , 									    \r&laquo; &raquo;\r. 								\r  &laquo; &raquo;\r   								\r 5  1962 .\n:    									  -;  &laquo;  &raquo; 									().\n \r&laquo; &raquo;\r   1994 .     									       . 								\r    \r   								\r:      .\n   1  2000 .','','','','5cd1df7de364be62da46016a2ac7c9f6',NULL,NULL),(8,'2018-04-13 16:12:22','main','s1|/company/vacancies.php',0,NULL,NULL,NULL,'/company/vacancies.php','','','','','','5cd1df7de364be62da46016a2ac7c9f6',NULL,NULL),(9,'2018-04-13 16:12:22','main','s1|/services/index.php',0,NULL,NULL,NULL,'/services/index.php','','','','','','5cd1df7de364be62da46016a2ac7c9f6',NULL,NULL),(10,'2018-04-13 16:12:22','main','s1|/_index.php',0,NULL,NULL,NULL,'/_index.php',' ','       1992 .                     .\n             ,       .        ,               .\n \r ','','','','5cd1df7de364be62da46016a2ac7c9f6',NULL,NULL),(11,'2018-04-13 16:12:22','main','s1|/news/index.php',0,NULL,NULL,NULL,'/news/index.php','','','','','','5cd1df7de364be62da46016a2ac7c9f6',NULL,NULL),(12,'2018-04-13 16:12:22','main','s1|/contacts/index.php',0,NULL,NULL,NULL,'/contacts/index.php','','              ( ,         ).\r      ,          .          . \r\r/:\n(495) 212-85-06\r:\n(495) 212-85-07\r(495) 212-85-08\rEmail\rinfo@example.ru\r&mdash;  \rsales@example.ru\r&mdash;  \rmarketing@example.ru\r&mdash; //PR\r  ','','','','5cd1df7de364be62da46016a2ac7c9f6',NULL,NULL),(13,'2018-04-13 16:12:22','main','s1|/login/index.php',0,NULL,NULL,NULL,'/login/index.php','  ','    .\r   ','','','','5cd1df7de364be62da46016a2ac7c9f6',NULL,NULL),(14,'2010-05-25 00:00:00','iblock','1',0,NULL,NULL,NULL,'=ID=1&EXTERNAL_ID=1&IBLOCK_SECTION_ID=&IBLOCK_TYPE_ID=news&IBLOCK_ID=1&IBLOCK_CODE=furniture_news_s1&IBLOCK_EXTERNAL_ID=furniture_news_s1&CODE=','  ',' 20  23  2010   \r  \r&ndash;      .\r\n\r 20  23  2010   \r  \r&ndash;      .      160   \r, , , , ,  \r\r\r.      :\"  \", \" \", \"\", \"\"  \"\".        :\r \r \r   \r.\r     :\r   ;\r    ;\r ;\r ;\r     .\r           , ,  ,      .\r      \"\"      .       -.            \"\r \r\".              .\r \r       ,  ,    ,       .              \r \r.\r        12  2010 .','','news','1',NULL,'2010-05-25 00:00:00',NULL),(15,'2010-05-26 00:00:00','iblock','2',0,NULL,NULL,NULL,'=ID=2&EXTERNAL_ID=8&IBLOCK_SECTION_ID=&IBLOCK_TYPE_ID=news&IBLOCK_ID=1&IBLOCK_CODE=furniture_news_s1&IBLOCK_EXTERNAL_ID=furniture_news_s1&CODE=','   SALON DEL MOBILE',' 2010   Salon del Mobile       . \r\n 2010   Salon del Mobile       .   Salon del Mobile               VIP-,       .       1 500    . ,         300 000  .       149 871 ..  2010          10- .','','news','1',NULL,'2010-05-26 00:00:00',NULL),(16,'2010-05-27 00:00:00','iblock','3',0,NULL,NULL,NULL,'=ID=3&EXTERNAL_ID=9&IBLOCK_SECTION_ID=&IBLOCK_TYPE_ID=news&IBLOCK_ID=1&IBLOCK_CODE=furniture_news_s1&IBLOCK_EXTERNAL_ID=furniture_news_s1&CODE=','   ','     .        ,   ,    .               . \r\n\r \r:        \r   RU2277566\r \r        ,   ,    .\r              .     ,    ,    N-  .         . \r         .\r  ,   ,     ,  ,   ,             2542,    -  ,     - 10%-       , ..:\r \r64,5-79,2\r10%-   \r4,4-20,5\r   \r0,6-2,0\r 2542\r13,0-15,8','','news','1',NULL,'2010-05-27 00:00:00',NULL),(17,'2018-04-13 16:16:25','iblock','S1',0,NULL,NULL,NULL,'=ID=1&EXTERNAL_ID=2&IBLOCK_TYPE_ID=products&IBLOCK_ID=2&IBLOCK_CODE=furniture_products&IBLOCK_EXTERNAL_ID=furniture_products&CODE=',' ',',     ',NULL,'products','2',NULL,NULL,NULL),(18,'2018-04-13 16:16:25','iblock','S2',0,NULL,NULL,NULL,'=ID=2&EXTERNAL_ID=3&IBLOCK_TYPE_ID=products&IBLOCK_ID=2&IBLOCK_CODE=furniture_products&IBLOCK_EXTERNAL_ID=furniture_products&CODE=',' ',', , ',NULL,'products','2',NULL,NULL,NULL),(19,'2018-04-13 16:16:26','iblock','S3',0,NULL,NULL,NULL,'=ID=3&EXTERNAL_ID=4&IBLOCK_TYPE_ID=products&IBLOCK_ID=2&IBLOCK_CODE=furniture_products&IBLOCK_EXTERNAL_ID=furniture_products&CODE=','  ',', ,   ',NULL,'products','2',NULL,NULL,NULL),(20,'2018-04-13 16:16:27','iblock','S4',0,NULL,NULL,NULL,'=ID=4&EXTERNAL_ID=5&IBLOCK_TYPE_ID=products&IBLOCK_ID=2&IBLOCK_CODE=furniture_products&IBLOCK_EXTERNAL_ID=furniture_products&CODE=',' ',', ,   ',NULL,'products','2',NULL,NULL,NULL),(21,'2018-04-13 16:16:28','iblock','4',0,NULL,NULL,NULL,'=ID=4&EXTERNAL_ID=10&IBLOCK_SECTION_ID=1&IBLOCK_TYPE_ID=products&IBLOCK_ID=2&IBLOCK_CODE=furniture_products&IBLOCK_EXTERNAL_ID=furniture_products&CODE=','','    ,    ,     .\r\r\n \r    ,    ,     .','','products','2',NULL,NULL,NULL),(22,'2018-04-13 16:16:30','iblock','5',0,NULL,NULL,NULL,'=ID=5&EXTERNAL_ID=11&IBLOCK_SECTION_ID=1&IBLOCK_TYPE_ID=products&IBLOCK_ID=2&IBLOCK_CODE=furniture_products&IBLOCK_EXTERNAL_ID=furniture_products&CODE=','','      .    .\r        .\r\r\n \r      .    .\r        .','','products','2',NULL,NULL,NULL),(23,'2018-04-13 16:16:33','iblock','6',0,NULL,NULL,NULL,'=ID=6&EXTERNAL_ID=12&IBLOCK_SECTION_ID=2&IBLOCK_TYPE_ID=products&IBLOCK_ID=2&IBLOCK_CODE=furniture_products&IBLOCK_EXTERNAL_ID=furniture_products&CODE=','','  ,    ,  . \r        .         ,   .\r\r\n \r  ,    ,  . \r        .         ,   .','','products','2',NULL,NULL,NULL),(24,'2018-04-13 16:16:35','iblock','7',0,NULL,NULL,NULL,'=ID=7&EXTERNAL_ID=13&IBLOCK_SECTION_ID=2&IBLOCK_TYPE_ID=products&IBLOCK_ID=2&IBLOCK_CODE=furniture_products&IBLOCK_EXTERNAL_ID=furniture_products&CODE=','','       ,    \r  ,    . \r    .\r\r\n \r       ,    \r  ,    . \r    .','','products','2',NULL,NULL,NULL),(25,'2018-04-13 16:16:37','iblock','8',0,NULL,NULL,NULL,'=ID=8&EXTERNAL_ID=14&IBLOCK_SECTION_ID=3&IBLOCK_TYPE_ID=products&IBLOCK_ID=2&IBLOCK_CODE=furniture_products&IBLOCK_EXTERNAL_ID=furniture_products&CODE=','','  ,     , \r    .\r\r\n \r  ,     , \r    .','','products','2',NULL,NULL,NULL),(26,'2018-04-13 16:16:39','iblock','9',0,NULL,NULL,NULL,'=ID=9&EXTERNAL_ID=15&IBLOCK_SECTION_ID=1&IBLOCK_TYPE_ID=products&IBLOCK_ID=2&IBLOCK_CODE=furniture_products&IBLOCK_EXTERNAL_ID=furniture_products&CODE=','','     .        .\r\r\n \r     .        .','','products','2',NULL,NULL,NULL),(27,'2018-04-13 16:16:40','iblock','10',0,NULL,NULL,NULL,'=ID=10&EXTERNAL_ID=16&IBLOCK_SECTION_ID=1&IBLOCK_TYPE_ID=products&IBLOCK_ID=2&IBLOCK_CODE=furniture_products&IBLOCK_EXTERNAL_ID=furniture_products&CODE=','',',  .  -  ,  , \r      . \r            \r\r\n \r,  .  -  ,  , \r      . \r            ','','products','2',NULL,NULL,NULL),(28,'2018-04-13 16:16:41','iblock','11',0,NULL,NULL,NULL,'=ID=11&EXTERNAL_ID=17&IBLOCK_SECTION_ID=1&IBLOCK_TYPE_ID=products&IBLOCK_ID=2&IBLOCK_CODE=furniture_products&IBLOCK_EXTERNAL_ID=furniture_products&CODE=','',' ,    ,  ,       . \r     ,         .\r\r\n \r ,    ,  ,       . \r     ,         .','','products','2',NULL,NULL,NULL),(29,'2018-04-13 16:16:42','iblock','12',0,NULL,NULL,NULL,'=ID=12&EXTERNAL_ID=18&IBLOCK_SECTION_ID=1&IBLOCK_TYPE_ID=products&IBLOCK_ID=2&IBLOCK_CODE=furniture_products&IBLOCK_EXTERNAL_ID=furniture_products&CODE=','','      . \r        .\r\r\n \r      . \r        .','','products','2',NULL,NULL,NULL),(30,'2018-04-13 16:16:44','iblock','13',0,NULL,NULL,NULL,'=ID=13&EXTERNAL_ID=19&IBLOCK_SECTION_ID=1&IBLOCK_TYPE_ID=products&IBLOCK_ID=2&IBLOCK_CODE=furniture_products&IBLOCK_EXTERNAL_ID=furniture_products&CODE=','','   .      .      ,    .\r\r\n \r   .      .      ,    .','','products','2',NULL,NULL,NULL),(31,'2018-04-13 16:16:45','iblock','14',0,NULL,NULL,NULL,'=ID=14&EXTERNAL_ID=20&IBLOCK_SECTION_ID=1&IBLOCK_TYPE_ID=products&IBLOCK_ID=2&IBLOCK_CODE=furniture_products&IBLOCK_EXTERNAL_ID=furniture_products&CODE=','','           ,   . \r          .\r\r\n \r           ,   . \r          .','','products','2',NULL,NULL,NULL),(32,'2018-04-13 16:16:47','iblock','15',0,NULL,NULL,NULL,'=ID=15&EXTERNAL_ID=21&IBLOCK_SECTION_ID=2&IBLOCK_TYPE_ID=products&IBLOCK_ID=2&IBLOCK_CODE=furniture_products&IBLOCK_EXTERNAL_ID=furniture_products&CODE=','','       , \r      ,     , \r              . \r             . \r      ,          , \r   .\r\r\n \r       , \r      ,     , \r              . \r             . \r      ,          , \r   .','','products','2',NULL,NULL,NULL),(33,'2018-04-13 16:16:49','iblock','16',0,NULL,NULL,NULL,'=ID=16&EXTERNAL_ID=22&IBLOCK_SECTION_ID=2&IBLOCK_TYPE_ID=products&IBLOCK_ID=2&IBLOCK_CODE=furniture_products&IBLOCK_EXTERNAL_ID=furniture_products&CODE=','','           . \r    -         .\r \r\r       ,     \r   .   , ,       \r    ,          .\r \r\r-             .\r\r\n \r           .     -         .\r \r\r       ,        .   , ,           ,          .\r \r\r-             .','','products','2',NULL,NULL,NULL),(34,'2018-04-13 16:16:52','iblock','17',0,NULL,NULL,NULL,'=ID=17&EXTERNAL_ID=23&IBLOCK_SECTION_ID=2&IBLOCK_TYPE_ID=products&IBLOCK_ID=2&IBLOCK_CODE=furniture_products&IBLOCK_EXTERNAL_ID=furniture_products&CODE=','','  ,      ,   ,        ,  -  . -     ,     .\r                    .             ,        .\r\r\n \r  ,      ,   ,        ,  -  . -     ,     .\r                    .             ,        .','','products','2',NULL,NULL,NULL),(35,'2018-04-13 16:16:54','iblock','18',0,NULL,NULL,NULL,'=ID=18&EXTERNAL_ID=24&IBLOCK_SECTION_ID=2&IBLOCK_TYPE_ID=products&IBLOCK_ID=2&IBLOCK_CODE=furniture_products&IBLOCK_EXTERNAL_ID=furniture_products&CODE=','','     ,       . \r    ,        . \r      .  ,       \r   .\r\r\n \r     ,       . \r    ,        . \r      .  ,       \r   .','','products','2',NULL,NULL,NULL),(36,'2018-04-13 16:16:56','iblock','19',0,NULL,NULL,NULL,'=ID=19&EXTERNAL_ID=25&IBLOCK_SECTION_ID=2&IBLOCK_TYPE_ID=products&IBLOCK_ID=2&IBLOCK_CODE=furniture_products&IBLOCK_EXTERNAL_ID=furniture_products&CODE=','','  \r         \r   .          ,  \r    ,      .\r\r\n \r  \r         \r   .          ,  \r    ,      . \r      .         . \r   -   10   .','','products','2',NULL,NULL,NULL),(37,'2018-04-13 16:16:58','iblock','20',0,NULL,NULL,NULL,'=ID=20&EXTERNAL_ID=26&IBLOCK_SECTION_ID=2&IBLOCK_TYPE_ID=products&IBLOCK_ID=2&IBLOCK_CODE=furniture_products&IBLOCK_EXTERNAL_ID=furniture_products&CODE=','',' ,       -     . \r     ,     .\r\r\n \r ,       -     . \r     ,     .','','products','2',NULL,NULL,NULL),(38,'2018-04-13 16:17:00','iblock','21',0,NULL,NULL,NULL,'=ID=21&EXTERNAL_ID=27&IBLOCK_SECTION_ID=3&IBLOCK_TYPE_ID=products&IBLOCK_ID=2&IBLOCK_CODE=furniture_products&IBLOCK_EXTERNAL_ID=furniture_products&CODE=','','          . \r      ,     . \r         .\r\r\n \r <p>          . \r       ,     . \r          .</p>','','products','2',NULL,NULL,NULL),(39,'2018-04-13 16:17:02','iblock','22',0,NULL,NULL,NULL,'=ID=22&EXTERNAL_ID=28&IBLOCK_SECTION_ID=3&IBLOCK_TYPE_ID=products&IBLOCK_ID=2&IBLOCK_CODE=furniture_products&IBLOCK_EXTERNAL_ID=furniture_products&CODE=','','            , \r   ,    .         \r    .\r\r\n \r            , \r   ,    .         \r    .','','products','2',NULL,NULL,NULL),(40,'2018-04-13 16:17:03','iblock','23',0,NULL,NULL,NULL,'=ID=23&EXTERNAL_ID=29&IBLOCK_SECTION_ID=3&IBLOCK_TYPE_ID=products&IBLOCK_ID=2&IBLOCK_CODE=furniture_products&IBLOCK_EXTERNAL_ID=furniture_products&CODE=','','      ,      \r     .          \r.\r\r\n \r      ,      \r     .          \r.','','products','2',NULL,NULL,NULL),(41,'2018-04-13 16:17:05','iblock','24',0,NULL,NULL,NULL,'=ID=24&EXTERNAL_ID=30&IBLOCK_SECTION_ID=4&IBLOCK_TYPE_ID=products&IBLOCK_ID=2&IBLOCK_CODE=furniture_products&IBLOCK_EXTERNAL_ID=furniture_products&CODE=','','         ,     . \r      -      ,     .     .\r\r\n \r         ,     . \r      -      ,     .     .','','products','2',NULL,NULL,NULL),(42,'2018-04-13 16:17:07','iblock','25',0,NULL,NULL,NULL,'=ID=25&EXTERNAL_ID=31&IBLOCK_SECTION_ID=4&IBLOCK_TYPE_ID=products&IBLOCK_ID=2&IBLOCK_CODE=furniture_products&IBLOCK_EXTERNAL_ID=furniture_products&CODE=','','           , \r       45  .       \r  ,          .\r\r\n \r           , \r       45  .       \r  ,          .','','products','2',NULL,NULL,NULL),(43,'2018-04-13 16:17:09','iblock','26',0,NULL,NULL,NULL,'=ID=26&EXTERNAL_ID=32&IBLOCK_SECTION_ID=4&IBLOCK_TYPE_ID=products&IBLOCK_ID=2&IBLOCK_CODE=furniture_products&IBLOCK_EXTERNAL_ID=furniture_products&CODE=','',',           \r  .          \r  .\r\r\n \r,           \r  .          \r  .','','products','2',NULL,NULL,NULL),(44,'2018-04-13 16:17:10','iblock','27',0,NULL,NULL,NULL,'=ID=27&EXTERNAL_ID=33&IBLOCK_SECTION_ID=4&IBLOCK_TYPE_ID=products&IBLOCK_ID=2&IBLOCK_CODE=furniture_products&IBLOCK_EXTERNAL_ID=furniture_products&CODE=',' ','            \r     .   ,      \r   -,  ,   .\r\r\n \r            \r     .   ,      \r   -,  ,   .','','products','2',NULL,NULL,NULL),(45,'2018-04-13 16:17:25','iblock','28',0,NULL,NULL,NULL,'=ID=28&EXTERNAL_ID=5&IBLOCK_SECTION_ID=&IBLOCK_TYPE_ID=products&IBLOCK_ID=3&IBLOCK_CODE=furniture_services&IBLOCK_EXTERNAL_ID=furniture_services&CODE=','  ','      .\r\n \r         :     ,\r , , ,  ,     .\r          , ,    .\r         ,    ,       \r   .       ,   .\r  ,        ,     ,\r        .      \r  ,    ,  ,    .   \r            .    \r    30%     .      .','','products','3',NULL,NULL,NULL),(46,'2018-04-13 16:17:28','iblock','29',0,NULL,NULL,NULL,'=ID=29&EXTERNAL_ID=6&IBLOCK_SECTION_ID=&IBLOCK_TYPE_ID=products&IBLOCK_ID=3&IBLOCK_CODE=furniture_services&IBLOCK_EXTERNAL_ID=furniture_services&CODE=',' ','       .\r\n \r       , ,    , ,    ,          .\r -,      3D-:     ,       .\r     .  ,       ,     ,    .\r   .\r -            .      ,  .','','products','3',NULL,NULL,NULL),(47,'2010-05-01 00:00:00','iblock','30',0,NULL,NULL,NULL,'=ID=30&EXTERNAL_ID=2&IBLOCK_SECTION_ID=&IBLOCK_TYPE_ID=vacancies&IBLOCK_ID=4&IBLOCK_CODE=furniture_vacancies&IBLOCK_EXTERNAL_ID=furniture_vacancies&CODE=','- ()','\r  ,       ,   /   ,   \r\r    ,  - ,    .\r\r: 13500  + %    +     20000 , .     ','','vacancies','4',NULL,'2010-05-01 00:00:00',NULL),(48,'2010-05-01 00:00:00','iblock','31',0,NULL,NULL,NULL,'=ID=31&EXTERNAL_ID=3&IBLOCK_SECTION_ID=&IBLOCK_TYPE_ID=vacancies&IBLOCK_ID=4&IBLOCK_CODE=furniture_vacancies&IBLOCK_EXTERNAL_ID=furniture_vacancies&CODE=',' ','\r        3                      .\r\r        -       .\r\r     .    5  2 (168 /) :  28000 + %   +     35000 ','','vacancies','4',NULL,'2010-05-01 00:00:00',NULL),(49,'2010-05-01 00:00:00','iblock','32',0,NULL,NULL,NULL,'=ID=32&EXTERNAL_ID=4&IBLOCK_SECTION_ID=&IBLOCK_TYPE_ID=vacancies&IBLOCK_ID=4&IBLOCK_CODE=furniture_vacancies&IBLOCK_EXTERNAL_ID=furniture_vacancies&CODE=','    ','\r., 22-45,   ,    ,    ( ), , , ,  ,  .\r\r        -             \r\r  5   ,   . ,  -, 37. :  10 800 . +  40%  ,  . .','','vacancies','4',NULL,'2010-05-01 00:00:00',NULL),(50,'2018-04-16 08:32:35','iblock','33',0,NULL,NULL,NULL,'=ID=33&EXTERNAL_ID=33&IBLOCK_SECTION_ID=&IBLOCK_TYPE_ID=news&IBLOCK_ID=5&IBLOCK_CODE=&IBLOCK_EXTERNAL_ID=&CODE=','http://test.ru/test/','','','news','5',NULL,NULL,NULL),(51,'2018-04-16 09:26:21','blog','U1',0,NULL,NULL,NULL,NULL,'manager','',NULL,'USER','2',NULL,NULL,NULL),(52,'2018-04-16 10:15:08','main','s1|/ex2/index.php',0,NULL,NULL,NULL,'/ex2/index.php',' 2','Text here....','','','',NULL,NULL,NULL),(53,'2018-04-16 10:46:36','main','s1|/ex2/simplecomp/index.php',0,NULL,NULL,NULL,'/ex2/simplecomp/index.php',' ','','','','',NULL,NULL,NULL),(54,'2018-04-16 10:24:43','blog','U2',0,NULL,NULL,NULL,NULL,'test1','',NULL,'USER','3',NULL,NULL,NULL),(55,'2018-04-16 10:24:51','blog','U3',0,NULL,NULL,NULL,NULL,'test2','',NULL,'USER','4',NULL,NULL,NULL),(56,'2018-04-16 10:25:03','blog','U4',0,NULL,NULL,NULL,NULL,'test3','',NULL,'USER','5',NULL,NULL,NULL),(57,'2018-04-16 11:11:28','blog','U5',0,NULL,NULL,NULL,NULL,'ad min','',NULL,'USER','1',NULL,NULL,NULL),(58,'2018-04-16 00:00:00','iblock','34',0,NULL,NULL,NULL,'=ID=34&EXTERNAL_ID=34&IBLOCK_SECTION_ID=&IBLOCK_TYPE_ID=news&IBLOCK_ID=1&IBLOCK_CODE=furniture_news_s1&IBLOCK_EXTERNAL_ID=furniture_news_s1&CODE=','  1',' ','','news','1',NULL,'2018-04-16 00:00:00',NULL),(59,'2018-04-16 00:00:00','iblock','35',0,NULL,NULL,NULL,'=ID=35&EXTERNAL_ID=35&IBLOCK_SECTION_ID=&IBLOCK_TYPE_ID=news&IBLOCK_ID=1&IBLOCK_CODE=furniture_news_s1&IBLOCK_EXTERNAL_ID=furniture_news_s1&CODE=','  2',' ','','news','1',NULL,'2018-04-16 00:00:00',NULL),(60,'2018-04-16 00:00:00','iblock','36',0,NULL,NULL,NULL,'=ID=36&EXTERNAL_ID=36&IBLOCK_SECTION_ID=&IBLOCK_TYPE_ID=news&IBLOCK_ID=1&IBLOCK_CODE=furniture_news_s1&IBLOCK_EXTERNAL_ID=furniture_news_s1&CODE=','  3',' ','','news','1',NULL,'2018-04-16 00:00:00',NULL),(61,'2018-04-16 14:36:35','main','s1|/ex2/site2/index.php',0,NULL,NULL,NULL,'/ex2/site2/index.php',' ','Text here....','','','',NULL,NULL,NULL),(62,'2018-04-16 15:06:56','main','s2|/ex2/site2/index.php',0,NULL,NULL,NULL,'/ex2/site2/index.php','Furniture company','','','','',NULL,NULL,NULL);
/*!40000 ALTER TABLE `b_search_content` ENABLE KEYS */;
UNLOCK TABLES;

--
-- Table structure for table `b_search_content_freq`
--

DROP TABLE IF EXISTS `b_search_content_freq`;
/*!40101 SET @saved_cs_client     = @@character_set_client */;
/*!40101 SET character_set_client = utf8 */;
CREATE TABLE `b_search_content_freq` (
  `STEM` int(11) NOT NULL DEFAULT '0',
  `LANGUAGE_ID` char(2) COLLATE utf8_unicode_ci NOT NULL,
  `SITE_ID` char(2) COLLATE utf8_unicode_ci DEFAULT NULL,
  `FREQ` float DEFAULT NULL,
  `TF` float DEFAULT NULL,
  UNIQUE KEY `UX_B_SEARCH_CONTENT_FREQ` (`STEM`,`LANGUAGE_ID`,`SITE_ID`)
) ENGINE=InnoDB DEFAULT CHARSET=utf8 COLLATE=utf8_unicode_ci;
/*!40101 SET character_set_client = @saved_cs_client */;

--
-- Dumping data for table `b_search_content_freq`
--

LOCK TABLES `b_search_content_freq` WRITE;
/*!40000 ALTER TABLE `b_search_content_freq` DISABLE KEYS */;
/*!40000 ALTER TABLE `b_search_content_freq` ENABLE KEYS */;
UNLOCK TABLES;

--
-- Table structure for table `b_search_content_param`
--

DROP TABLE IF EXISTS `b_search_content_param`;
/*!40101 SET @saved_cs_client     = @@character_set_client */;
/*!40101 SET character_set_client = utf8 */;
CREATE TABLE `b_search_content_param` (
  `SEARCH_CONTENT_ID` int(11) NOT NULL,
  `PARAM_NAME` varchar(100) COLLATE utf8_unicode_ci NOT NULL,
  `PARAM_VALUE` varchar(100) COLLATE utf8_unicode_ci NOT NULL,
  KEY `IX_B_SEARCH_CONTENT_PARAM` (`SEARCH_CONTENT_ID`,`PARAM_NAME`),
  KEY `IX_B_SEARCH_CONTENT_PARAM_1` (`PARAM_NAME`,`PARAM_VALUE`(50),`SEARCH_CONTENT_ID`)
) ENGINE=InnoDB DEFAULT CHARSET=utf8 COLLATE=utf8_unicode_ci;
/*!40101 SET character_set_client = @saved_cs_client */;

--
-- Dumping data for table `b_search_content_param`
--

LOCK TABLES `b_search_content_param` WRITE;
/*!40000 ALTER TABLE `b_search_content_param` DISABLE KEYS */;
/*!40000 ALTER TABLE `b_search_content_param` ENABLE KEYS */;
UNLOCK TABLES;

--
-- Table structure for table `b_search_content_right`
--

DROP TABLE IF EXISTS `b_search_content_right`;
/*!40101 SET @saved_cs_client     = @@character_set_client */;
/*!40101 SET character_set_client = utf8 */;
CREATE TABLE `b_search_content_right` (
  `SEARCH_CONTENT_ID` int(11) NOT NULL,
  `GROUP_CODE` varchar(100) COLLATE utf8_unicode_ci NOT NULL,
  UNIQUE KEY `UX_B_SEARCH_CONTENT_RIGHT` (`SEARCH_CONTENT_ID`,`GROUP_CODE`)
) ENGINE=InnoDB DEFAULT CHARSET=utf8 COLLATE=utf8_unicode_ci;
/*!40101 SET character_set_client = @saved_cs_client */;

--
-- Dumping data for table `b_search_content_right`
--

LOCK TABLES `b_search_content_right` WRITE;
/*!40000 ALTER TABLE `b_search_content_right` DISABLE KEYS */;
INSERT INTO `b_search_content_right` VALUES (1,'G2'),(2,'G2'),(3,'G2'),(4,'G2'),(5,'G2'),(6,'G2'),(7,'G2'),(8,'G2'),(9,'G2'),(10,'G2'),(11,'G2'),(12,'G2'),(13,'G2'),(14,'G1'),(14,'G2'),(15,'G1'),(15,'G2'),(16,'G1'),(16,'G2'),(17,'G2'),(18,'G2'),(19,'G2'),(20,'G2'),(21,'G2'),(22,'G2'),(23,'G2'),(24,'G2'),(25,'G2'),(26,'G2'),(27,'G2'),(28,'G2'),(29,'G2'),(30,'G2'),(31,'G2'),(32,'G2'),(33,'G2'),(34,'G2'),(35,'G2'),(36,'G2'),(37,'G2'),(38,'G2'),(39,'G2'),(40,'G2'),(41,'G2'),(42,'G2'),(43,'G2'),(44,'G2'),(45,'G2'),(46,'G2'),(47,'G2'),(48,'G2'),(49,'G2'),(50,'G2'),(51,'G2'),(52,'G2'),(53,'G2'),(54,'G2'),(55,'G2'),(56,'G2'),(57,'G2'),(58,'G1'),(58,'G2'),(59,'G1'),(59,'G2'),(60,'G1'),(60,'G2'),(61,'G2'),(62,'G2');
/*!40000 ALTER TABLE `b_search_content_right` ENABLE KEYS */;
UNLOCK TABLES;

--
-- Table structure for table `b_search_content_site`
--

DROP TABLE IF EXISTS `b_search_content_site`;
/*!40101 SET @saved_cs_client     = @@character_set_client */;
/*!40101 SET character_set_client = utf8 */;
CREATE TABLE `b_search_content_site` (
  `SEARCH_CONTENT_ID` int(18) NOT NULL,
  `SITE_ID` char(2) COLLATE utf8_unicode_ci NOT NULL,
  `URL` text COLLATE utf8_unicode_ci,
  PRIMARY KEY (`SEARCH_CONTENT_ID`,`SITE_ID`)
) ENGINE=InnoDB DEFAULT CHARSET=utf8 COLLATE=utf8_unicode_ci;
/*!40101 SET character_set_client = @saved_cs_client */;

--
-- Dumping data for table `b_search_content_site`
--

LOCK TABLES `b_search_content_site` WRITE;
/*!40000 ALTER TABLE `b_search_content_site` DISABLE KEYS */;
INSERT INTO `b_search_content_site` VALUES (1,'s1',''),(2,'s1',''),(3,'s1',''),(4,'s1',''),(5,'s1',''),(6,'s1',''),(7,'s1',''),(8,'s1',''),(9,'s1',''),(10,'s1',''),(11,'s1',''),(12,'s1',''),(13,'s1',''),(14,'s1',''),(14,'s2',''),(15,'s1',''),(15,'s2',''),(16,'s1',''),(16,'s2',''),(17,'s1',''),(18,'s1',''),(19,'s1',''),(20,'s1',''),(21,'s1',''),(22,'s1',''),(23,'s1',''),(24,'s1',''),(25,'s1',''),(26,'s1',''),(27,'s1',''),(28,'s1',''),(29,'s1',''),(30,'s1',''),(31,'s1',''),(32,'s1',''),(33,'s1',''),(34,'s1',''),(35,'s1',''),(36,'s1',''),(37,'s1',''),(38,'s1',''),(39,'s1',''),(40,'s1',''),(41,'s1',''),(42,'s1',''),(43,'s1',''),(44,'s1',''),(45,'s1',''),(46,'s1',''),(47,'s1',''),(48,'s1',''),(49,'s1',''),(50,'s1',''),(51,'s1','/users/2.php'),(52,'s1',''),(53,'s1',''),(54,'s1','/users/3.php'),(55,'s1','/users/4.php'),(56,'s1','/users/5.php'),(57,'s1','/users/1.php'),(58,'s1',''),(59,'s1',''),(60,'s1',''),(61,'s1',''),(62,'s2','');
/*!40000 ALTER TABLE `b_search_content_site` ENABLE KEYS */;
UNLOCK TABLES;

--
-- Table structure for table `b_search_content_stem`
--

DROP TABLE IF EXISTS `b_search_content_stem`;
/*!40101 SET @saved_cs_client     = @@character_set_client */;
/*!40101 SET character_set_client = utf8 */;
CREATE TABLE `b_search_content_stem` (
  `SEARCH_CONTENT_ID` int(11) NOT NULL,
  `LANGUAGE_ID` char(2) COLLATE utf8_unicode_ci NOT NULL,
  `STEM` int(11) NOT NULL,
  `TF` float NOT NULL,
  `PS` float NOT NULL,
  UNIQUE KEY `UX_B_SEARCH_CONTENT_STEM` (`STEM`,`LANGUAGE_ID`,`TF`,`PS`,`SEARCH_CONTENT_ID`),
  KEY `IND_B_SEARCH_CONTENT_STEM` (`SEARCH_CONTENT_ID`)
) ENGINE=InnoDB DEFAULT CHARSET=utf8 COLLATE=utf8_unicode_ci DELAY_KEY_WRITE=1;
/*!40101 SET character_set_client = @saved_cs_client */;

--
-- Dumping data for table `b_search_content_stem`
--

LOCK TABLES `b_search_content_stem` WRITE;
/*!40000 ALTER TABLE `b_search_content_stem` DISABLE KEYS */;
INSERT INTO `b_search_content_stem` VALUES (1,'ru',1,0.2314,1),(2,'ru',2,0.2314,1),(2,'ru',3,0.2314,2),(3,'ru',4,0.2314,1),(4,'ru',4,0.2733,226),(4,'ru',5,0.1177,1),(4,'ru',6,0.1177,2),(4,'ru',7,0.4356,287.667),(4,'ru',8,0.5249,284.333),(4,'ru',9,0.1866,218),(4,'ru',10,0.1177,12),(4,'ru',11,0.3531,261.143),(4,'ru',12,0.1177,15),(4,'ru',13,0.1177,17),(4,'ru',14,0.1866,17),(4,'ru',15,0.3043,156.6),(4,'ru',16,0.2354,231),(4,'ru',17,0.1177,26),(4,'ru',18,0.1177,28),(4,'ru',19,0.1177,29),(4,'ru',20,0.3043,280),(4,'ru',21,0.1177,31),(4,'ru',22,0.2733,202),(4,'ru',23,0.1866,113.5),(4,'ru',24,0.1177,35),(4,'ru',25,0.1177,36),(4,'ru',26,0.1866,340.5),(4,'ru',27,0.1177,45),(4,'ru',28,0.1177,46),(4,'ru',29,0.1177,53),(4,'ru',30,0.1177,54),(4,'ru',31,0.1177,55),(4,'ru',32,0.1866,179.5),(4,'ru',33,0.1866,86.5),(4,'ru',34,0.1177,60),(4,'ru',35,0.1177,62),(4,'ru',36,0.1177,63),(4,'ru',37,0.1177,64),(4,'ru',38,0.1177,70),(4,'ru',39,0.1177,76),(4,'ru',40,0.1177,78),(4,'ru',41,0.3304,371.167),(4,'ru',42,0.1177,80),(4,'ru',43,0.1177,82),(4,'ru',44,0.1177,84),(4,'ru',45,0.1866,282.5),(4,'ru',46,0.1177,94),(4,'ru',47,0.3304,372.167),(4,'ru',48,0.1177,96),(4,'ru',49,0.2354,264.333),(4,'ru',50,0.2354,209.667),(4,'ru',51,0.1177,99),(4,'ru',52,0.1177,100),(4,'ru',53,0.1177,107),(4,'ru',54,0.1177,108),(4,'ru',55,0.3043,426),(4,'ru',56,0.1177,111),(4,'ru',57,0.2733,413.75),(4,'ru',58,0.1177,115),(4,'ru',59,0.1177,116),(4,'ru',60,0.1177,117),(4,'ru',61,0.1177,118),(4,'ru',62,0.1177,121),(4,'ru',63,0.1866,148),(4,'ru',64,0.1177,123),(4,'ru',65,0.1177,130),(4,'ru',66,0.1177,137),(4,'ru',67,0.1866,232),(4,'ru',68,0.1866,311),(4,'ru',69,0.1177,141),(4,'ru',70,0.1866,150),(4,'ru',71,0.1177,154),(4,'ru',72,0.1177,155),(4,'ru',73,0.1177,156),(4,'ru',74,0.1177,158),(4,'ru',75,0.1866,242),(4,'ru',76,0.1177,161),(4,'ru',77,0.1177,162),(4,'ru',78,0.1177,164),(4,'ru',79,0.2354,315.333),(4,'ru',80,0.1177,176),(4,'ru',81,0.1177,183),(4,'ru',82,0.1177,192),(4,'ru',83,0.1177,196),(4,'ru',84,0.1177,197),(4,'ru',85,0.1177,198),(4,'ru',86,0.1177,199),(4,'ru',87,0.1177,202),(4,'ru',88,0.1177,203),(4,'ru',89,0.1866,333.5),(4,'ru',90,0.1177,218),(4,'ru',91,0.1177,220),(4,'ru',92,0.1177,221),(4,'ru',93,0.1177,228),(4,'ru',94,0.1177,229),(4,'ru',95,0.1177,230),(4,'ru',96,0.2354,241.333),(4,'ru',97,0.1866,249),(4,'ru',98,0.2354,376),(4,'ru',99,0.1177,236),(4,'ru',100,0.1177,238),(4,'ru',101,0.1866,432),(4,'ru',102,0.1177,245),(4,'ru',103,0.1177,251),(4,'ru',104,0.1177,253),(4,'ru',105,0.1177,255),(4,'ru',106,0.1866,448.5),(4,'ru',107,0.2733,448.5),(4,'ru',108,0.1177,262),(4,'ru',109,0.1177,269),(4,'ru',110,0.1177,276),(4,'ru',111,0.1177,284),(4,'ru',112,0.1177,286),(4,'ru',113,0.1177,287),(4,'ru',114,0.1177,288),(4,'ru',115,0.1177,291),(4,'ru',116,0.1177,292),(4,'ru',117,0.1866,461.5),(4,'ru',118,0.2733,461.5),(4,'ru',119,0.1177,297),(4,'ru',120,0.1177,299),(4,'ru',121,0.1177,300),(4,'ru',122,0.1866,300),(4,'ru',123,0.1177,301),(4,'ru',124,0.1177,308),(4,'ru',125,0.1177,314),(4,'ru',126,0.2733,444),(4,'ru',127,0.2354,374.333),(4,'ru',128,0.2733,385.5),(4,'ru',129,0.2733,385.5),(4,'ru',130,0.2733,385.5),(4,'ru',131,0.1177,327),(4,'ru',132,0.2354,482.333),(4,'ru',133,0.2354,484.333),(4,'ru',134,0.1866,431),(4,'ru',135,0.2733,431),(4,'ru',136,0.1177,338),(4,'ru',137,0.1177,339),(4,'ru',138,0.1177,341),(4,'ru',139,0.1177,342),(4,'ru',140,0.1177,343),(4,'ru',141,0.1177,345),(4,'ru',142,0.1177,346),(4,'ru',143,0.1177,347),(4,'ru',144,0.1866,347),(4,'ru',145,0.1177,353),(4,'ru',146,0.1866,428.5),(4,'ru',147,0.1177,362),(4,'ru',148,0.3043,521.8),(4,'ru',149,0.1177,374),(4,'ru',150,0.2354,410),(4,'ru',151,0.1177,378),(4,'ru',152,0.1177,379),(4,'ru',153,0.1177,382),(4,'ru',154,0.2733,504.5),(4,'ru',155,0.1866,426.5),(4,'ru',156,0.1177,394),(4,'ru',157,0.1177,400),(4,'ru',158,0.1177,407),(4,'ru',159,0.1177,411),(4,'ru',160,0.1177,413),(4,'ru',161,0.2354,472.333),(4,'ru',162,0.1177,415),(4,'ru',163,0.1177,419),(4,'ru',164,0.1177,420),(4,'ru',165,0.1177,427),(4,'ru',166,0.1177,430),(4,'ru',167,0.1177,431),(4,'ru',168,0.1177,437),(4,'ru',169,0.1177,438),(4,'ru',170,0.1177,442),(4,'ru',171,0.1177,452),(4,'ru',172,0.2733,533.25),(4,'ru',173,0.1177,454),(4,'ru',174,0.1177,456),(4,'ru',175,0.1177,457),(4,'ru',176,0.1177,469),(4,'ru',177,0.1177,471),(4,'ru',178,0.1177,472),(4,'ru',179,0.1177,478),(4,'ru',180,0.1177,480),(4,'ru',181,0.1177,481),(4,'ru',182,0.1177,483),(4,'ru',183,0.1866,483),(4,'ru',184,0.1177,485),(4,'ru',185,0.1177,492),(4,'ru',186,0.2733,545.25),(4,'ru',187,0.1177,507),(4,'ru',188,0.1177,509),(4,'ru',189,0.1866,561),(4,'ru',190,0.1177,512),(4,'ru',191,0.1177,515),(4,'ru',192,0.1177,527),(4,'ru',193,0.1177,528),(4,'ru',194,0.1866,562.5),(4,'ru',195,0.1866,550.5),(4,'ru',196,0.1177,548),(4,'ru',197,0.1177,549),(4,'ru',198,0.1177,550),(4,'ru',199,0.1177,558),(4,'ru',200,0.1177,559),(4,'ru',201,0.1177,574),(4,'ru',202,0.1177,582),(4,'ru',203,0.1866,597),(4,'ru',204,0.1177,594),(4,'ru',205,0.1177,597),(4,'ru',206,0.1177,598),(4,'ru',207,0.1177,599),(4,'ru',208,0.1177,611),(4,'ru',209,0.1177,613),(4,'ru',210,0.1177,615),(4,'ru',211,0.1177,627),(4,'ru',212,0.1177,639),(4,'ru',213,0.1177,640),(5,'ru',4,0.2953,159.5),(5,'ru',7,0.2953,187.25),(5,'ru',8,0.4559,183.636),(5,'ru',16,0.1272,130),(5,'ru',26,0.1272,45),(5,'ru',32,0.1272,137),(5,'ru',41,0.2015,265),(5,'ru',47,0.1272,9),(5,'ru',49,0.1272,10),(5,'ru',57,0.1272,252),(5,'ru',60,0.2953,125.25),(5,'ru',61,0.2015,182),(5,'ru',64,0.1272,129),(5,'ru',72,0.2015,369),(5,'ru',79,0.1272,370),(5,'ru',84,0.1272,297),(5,'ru',90,0.1272,295),(5,'ru',92,0.1272,298),(5,'ru',106,0.2015,303),(5,'ru',107,0.2953,303),(5,'ru',113,0.1272,31),(5,'ru',134,0.1272,341),(5,'ru',135,0.2543,331),(5,'ru',136,0.1272,264),(5,'ru',137,0.1272,11),(5,'ru',139,0.1272,307),(5,'ru',140,0.1272,308),(5,'ru',147,0.1272,199),(5,'ru',168,0.1272,90),(5,'ru',179,0.2015,156.5),(5,'ru',192,0.1272,255),(5,'ru',194,0.2015,329.5),(5,'ru',206,0.1272,178),(5,'ru',207,0.1272,52),(5,'ru',214,0.1272,1),(5,'ru',215,0.1272,3),(5,'ru',216,0.1272,7),(5,'ru',217,0.1272,12),(5,'ru',218,0.1272,13),(5,'ru',219,0.1272,14),(5,'ru',220,0.1272,15),(5,'ru',221,0.1272,16),(5,'ru',222,0.2953,115.5),(5,'ru',223,0.1272,19),(5,'ru',224,0.1272,22),(5,'ru',225,0.1272,29),(5,'ru',226,0.1272,30),(5,'ru',227,0.1272,32),(5,'ru',228,0.1272,33),(5,'ru',229,0.1272,35),(5,'ru',230,0.2543,171.333),(5,'ru',231,0.1272,38),(5,'ru',232,0.2543,237.667),(5,'ru',233,0.1272,48),(5,'ru',234,0.1272,50),(5,'ru',235,0.1272,51),(5,'ru',236,0.1272,62),(5,'ru',237,0.1272,63),(5,'ru',238,0.1272,64),(5,'ru',239,0.1272,65),(5,'ru',240,0.1272,67),(5,'ru',241,0.1272,68),(5,'ru',242,0.1272,76),(5,'ru',243,0.1272,77),(5,'ru',244,0.1272,78),(5,'ru',245,0.1272,79),(5,'ru',246,0.1272,80),(5,'ru',247,0.1272,81),(5,'ru',248,0.1272,82),(5,'ru',249,0.2015,119.5),(5,'ru',250,0.1272,91),(5,'ru',251,0.1272,92),(5,'ru',252,0.1272,93),(5,'ru',253,0.2015,93),(5,'ru',254,0.2953,156.5),(5,'ru',255,0.1272,105),(5,'ru',256,0.2543,189.333),(5,'ru',257,0.3815,189.143),(5,'ru',258,0.1272,109),(5,'ru',259,0.1272,111),(5,'ru',260,0.2543,272),(5,'ru',261,0.1272,121),(5,'ru',262,0.2953,208.25),(5,'ru',263,0.2543,177.667),(5,'ru',264,0.1272,128),(5,'ru',265,0.1272,133),(5,'ru',266,0.1272,134),(5,'ru',267,0.1272,135),(5,'ru',268,0.1272,144),(5,'ru',269,0.1272,145),(5,'ru',270,0.2015,174),(5,'ru',271,0.1272,147),(5,'ru',272,0.2015,152),(5,'ru',273,0.2015,179),(5,'ru',274,0.1272,153),(5,'ru',275,0.1272,154),(5,'ru',276,0.1272,156),(5,'ru',277,0.1272,157),(5,'ru',278,0.1272,158),(5,'ru',279,0.1272,164),(5,'ru',280,0.1272,167),(5,'ru',281,0.1272,168),(5,'ru',282,0.1272,175),(5,'ru',283,0.1272,177),(5,'ru',284,0.1272,179),(5,'ru',285,0.1272,180),(5,'ru',286,0.1272,186),(5,'ru',287,0.2015,235),(5,'ru',288,0.1272,196),(5,'ru',289,0.2015,228),(5,'ru',290,0.2015,239.5),(5,'ru',291,0.1272,203),(5,'ru',292,0.1272,204),(5,'ru',293,0.1272,206),(5,'ru',294,0.2015,291),(5,'ru',295,0.1272,221),(5,'ru',296,0.1272,222),(5,'ru',297,0.1272,224),(5,'ru',298,0.1272,225),(5,'ru',299,0.1272,233),(5,'ru',300,0.1272,234),(5,'ru',301,0.1272,236),(5,'ru',302,0.1272,237),(5,'ru',303,0.1272,243),(5,'ru',304,0.1272,244),(5,'ru',305,0.1272,250),(5,'ru',306,0.1272,251),(5,'ru',307,0.1272,258),(5,'ru',308,0.1272,260),(5,'ru',309,0.1272,261),(5,'ru',310,0.1272,265),(5,'ru',311,0.1272,266),(5,'ru',312,0.1272,284),(5,'ru',313,0.1272,287),(5,'ru',314,0.2015,287),(5,'ru',315,0.1272,288),(5,'ru',316,0.1272,289),(5,'ru',317,0.1272,306),(5,'ru',318,0.2015,334.5),(5,'ru',319,0.1272,314),(5,'ru',320,0.2953,359.5),(5,'ru',321,0.1272,325),(5,'ru',322,0.1272,327),(5,'ru',323,0.1272,328),(5,'ru',324,0.1272,331),(5,'ru',325,0.1272,333),(5,'ru',326,0.1272,336),(5,'ru',327,0.1272,338),(5,'ru',328,0.1272,350),(5,'ru',329,0.1272,351),(5,'ru',330,0.1272,354),(5,'ru',331,0.1272,361),(5,'ru',332,0.1272,363),(5,'ru',333,0.1272,366),(5,'ru',334,0.1272,367),(5,'ru',335,0.1272,369),(5,'ru',336,0.1272,377),(5,'ru',337,0.1272,378),(5,'ru',338,0.2015,383.5),(5,'ru',339,0.1272,384),(5,'ru',340,0.1272,385),(5,'ru',341,0.1272,387),(5,'ru',342,0.1272,389),(6,'ru',4,0.3597,330.857),(6,'ru',7,0.2784,342.25),(6,'ru',8,0.3597,217),(6,'ru',11,0.3597,156.286),(6,'ru',14,0.19,77.5),(6,'ru',15,0.1199,478),(6,'ru',16,0.1199,398),(6,'ru',23,0.2398,312.333),(6,'ru',47,0.1199,422),(6,'ru',49,0.1199,503),(6,'ru',55,0.1199,56),(6,'ru',57,0.1199,402),(6,'ru',60,0.3366,418.333),(6,'ru',79,0.2784,327.5),(6,'ru',84,0.1199,505),(6,'ru',89,0.19,248),(6,'ru',101,0.1199,336),(6,'ru',107,0.19,281.5),(6,'ru',113,0.1199,331),(6,'ru',114,0.19,257),(6,'ru',128,0.19,237.5),(6,'ru',129,0.19,237.5),(6,'ru',130,0.19,237.5),(6,'ru',136,0.1199,154),(6,'ru',137,0.1199,203),(6,'ru',151,0.1199,7),(6,'ru',152,0.1199,8),(6,'ru',169,0.1199,314),(6,'ru',190,0.1199,309),(6,'ru',192,0.19,271.5),(6,'ru',196,0.2398,304),(6,'ru',197,0.1199,138),(6,'ru',217,0.1199,459),(6,'ru',226,0.1199,49),(6,'ru',235,0.1199,129),(6,'ru',240,0.1199,23),(6,'ru',246,0.1199,50),(6,'ru',248,0.1199,44),(6,'ru',254,0.2398,247.667),(6,'ru',261,0.1199,24),(6,'ru',263,0.1199,435),(6,'ru',269,0.1199,245),(6,'ru',270,0.2398,483),(6,'ru',272,0.1199,490),(6,'ru',273,0.19,483.5),(6,'ru',275,0.1199,464),(6,'ru',278,0.1199,479),(6,'ru',281,0.19,495.5),(6,'ru',289,0.19,376),(6,'ru',300,0.1199,329),(6,'ru',301,0.19,196.5),(6,'ru',303,0.1199,328),(6,'ru',311,0.1199,355),(6,'ru',313,0.1199,279),(6,'ru',314,0.2398,301.333),(6,'ru',315,0.19,267.5),(6,'ru',320,0.4148,289.4),(6,'ru',322,0.1199,260),(6,'ru',326,0.19,243.5),(6,'ru',327,0.1199,376),(6,'ru',329,0.1199,392),(6,'ru',343,0.1199,5),(6,'ru',344,0.1199,10),(6,'ru',345,0.1199,19),(6,'ru',346,0.19,254),(6,'ru',347,0.1199,26),(6,'ru',348,0.1199,27),(6,'ru',349,0.1199,28),(6,'ru',350,0.1199,32),(6,'ru',351,0.1199,34),(6,'ru',352,0.1199,43),(6,'ru',353,0.1199,52),(6,'ru',354,0.1199,53),(6,'ru',355,0.1199,54),(6,'ru',356,0.19,85),(6,'ru',357,0.1199,57),(6,'ru',358,0.19,92),(6,'ru',359,0.1199,62),(6,'ru',360,0.19,90),(6,'ru',361,0.1199,70),(6,'ru',362,0.1199,72),(6,'ru',363,0.2398,306),(6,'ru',364,0.1199,74),(6,'ru',365,0.1199,83),(6,'ru',366,0.1199,86),(6,'ru',367,0.1199,87),(6,'ru',368,0.1199,88),(6,'ru',369,0.1199,89),(6,'ru',370,0.1199,91),(6,'ru',371,0.1199,92),(6,'ru',372,0.1199,96),(6,'ru',373,0.19,197),(6,'ru',374,0.1199,99),(6,'ru',375,0.19,112.5),(6,'ru',376,0.1199,107),(6,'ru',377,0.1199,108),(6,'ru',378,0.1199,109),(6,'ru',379,0.19,147),(6,'ru',380,0.1199,116),(6,'ru',381,0.2784,224),(6,'ru',382,0.1199,121),(6,'ru',383,0.1199,124),(6,'ru',384,0.1199,127),(6,'ru',385,0.1199,128),(6,'ru',386,0.1199,130),(6,'ru',387,0.2398,184.333),(6,'ru',388,0.1199,140),(6,'ru',389,0.1199,142),(6,'ru',390,0.1199,144),(6,'ru',391,0.19,144),(6,'ru',392,0.1199,146),(6,'ru',393,0.1199,147),(6,'ru',394,0.1199,148),(6,'ru',395,0.1199,155),(6,'ru',396,0.1199,156),(6,'ru',397,0.19,181.5),(6,'ru',398,0.1199,159),(6,'ru',399,0.1199,161),(6,'ru',400,0.1199,162),(6,'ru',401,0.1199,169),(6,'ru',402,0.1199,170),(6,'ru',403,0.1199,172),(6,'ru',404,0.1199,173),(6,'ru',405,0.1199,175),(6,'ru',406,0.19,191),(6,'ru',407,0.1199,177),(6,'ru',408,0.2398,299),(6,'ru',409,0.1199,181),(6,'ru',410,0.1199,183),(6,'ru',411,0.1199,185),(6,'ru',412,0.1199,187),(6,'ru',413,0.1199,196),(6,'ru',414,0.1199,198),(6,'ru',415,0.1199,199),(6,'ru',416,0.1199,200),(6,'ru',417,0.1199,201),(6,'ru',418,0.19,201),(6,'ru',419,0.1199,207),(6,'ru',420,0.1199,208),(6,'ru',421,0.1199,209),(6,'ru',422,0.19,236),(6,'ru',423,0.1199,218),(6,'ru',424,0.1199,220),(6,'ru',425,0.1199,221),(6,'ru',426,0.1199,223),(6,'ru',427,0.1199,232),(6,'ru',428,0.1199,234),(6,'ru',429,0.2398,293.667),(6,'ru',430,0.1199,246),(6,'ru',431,0.1199,251),(6,'ru',432,0.19,256),(6,'ru',433,0.1199,255),(6,'ru',434,0.1199,259),(6,'ru',435,0.19,270),(6,'ru',436,0.19,314.5),(6,'ru',437,0.2398,302.667),(6,'ru',438,0.1199,272),(6,'ru',439,0.1199,274),(6,'ru',440,0.1199,276),(6,'ru',441,0.2398,374.333),(6,'ru',442,0.1199,281),(6,'ru',443,0.1199,282),(6,'ru',444,0.1199,283),(6,'ru',445,0.1199,285),(6,'ru',446,0.1199,286),(6,'ru',447,0.1199,289),(6,'ru',448,0.1199,291),(6,'ru',449,0.1199,292),(6,'ru',450,0.1199,294),(6,'ru',451,0.1199,296),(6,'ru',452,0.1199,298),(6,'ru',453,0.1199,299),(6,'ru',454,0.1199,305),(6,'ru',455,0.1199,310),(6,'ru',456,0.19,314),(6,'ru',457,0.2784,314),(6,'ru',458,0.1199,316),(6,'ru',459,0.1199,324),(6,'ru',460,0.1199,327),(6,'ru',461,0.1199,332),(6,'ru',462,0.1199,333),(6,'ru',463,0.19,357.5),(6,'ru',464,0.19,373),(6,'ru',465,0.1199,348),(6,'ru',466,0.19,348),(6,'ru',467,0.1199,356),(6,'ru',468,0.1199,357),(6,'ru',469,0.1199,361),(6,'ru',470,0.1199,362),(6,'ru',471,0.1199,373),(6,'ru',472,0.1199,374),(6,'ru',473,0.1199,378),(6,'ru',474,0.1199,380),(6,'ru',475,0.1199,388),(6,'ru',476,0.19,447.5),(6,'ru',477,0.1199,394),(6,'ru',478,0.1199,404),(6,'ru',479,0.1199,405),(6,'ru',480,0.1199,406),(6,'ru',481,0.1199,407),(6,'ru',482,0.1199,421),(6,'ru',483,0.1199,423),(6,'ru',484,0.1199,425),(6,'ru',485,0.1199,428),(6,'ru',486,0.1199,432),(6,'ru',487,0.1199,436),(6,'ru',488,0.1199,437),(6,'ru',489,0.1199,442),(6,'ru',490,0.1199,448),(6,'ru',491,0.1199,451),(6,'ru',492,0.1199,452),(6,'ru',493,0.1199,453),(6,'ru',494,0.1199,455),(6,'ru',495,0.1199,456),(6,'ru',496,0.19,479),(6,'ru',497,0.1199,472),(6,'ru',498,0.1199,473),(6,'ru',499,0.1199,484),(6,'ru',500,0.1199,487),(6,'ru',501,0.1199,492),(6,'ru',502,0.1199,494),(6,'ru',503,0.1199,495),(6,'ru',504,0.1199,497),(7,'ru',4,0.1353,60),(7,'ru',7,0.4288,101.25),(7,'ru',8,0.5006,145.25),(7,'ru',16,0.2144,136),(7,'ru',20,0.1353,70),(7,'ru',32,0.2144,104.5),(7,'ru',37,0.1353,62),(7,'ru',42,0.1353,234),(7,'ru',47,0.1353,67),(7,'ru',49,0.2144,203),(7,'ru',51,0.1353,95),(7,'ru',61,0.1353,59),(7,'ru',64,0.1353,64),(7,'ru',72,0.2144,77),(7,'ru',89,0.4058,150.143),(7,'ru',98,0.1353,78),(7,'ru',116,0.1353,42),(7,'ru',135,0.2144,79),(7,'ru',136,0.1353,7),(7,'ru',137,0.1353,165),(7,'ru',140,0.1353,72),(7,'ru',152,0.2144,32.5),(7,'ru',179,0.1353,71),(7,'ru',193,0.1353,2),(7,'ru',194,0.2144,76.5),(7,'ru',208,0.1353,69),(7,'ru',209,0.1353,98),(7,'ru',240,0.1353,91),(7,'ru',254,0.1353,9),(7,'ru',261,0.1353,231),(7,'ru',264,0.1353,66),(7,'ru',278,0.1353,41),(7,'ru',279,0.1353,102),(7,'ru',283,0.1353,205),(7,'ru',300,0.1353,142),(7,'ru',301,0.1353,76),(7,'ru',318,0.1353,75),(7,'ru',335,0.1353,77),(7,'ru',345,0.2706,139.667),(7,'ru',415,0.1353,6),(7,'ru',443,0.1353,101),(7,'ru',455,0.1353,22),(7,'ru',505,0.2144,5.5),(7,'ru',506,0.1353,8),(7,'ru',507,0.1353,23),(7,'ru',508,0.1353,35),(7,'ru',509,0.1353,38),(7,'ru',510,0.1353,39),(7,'ru',511,0.1353,40),(7,'ru',512,0.1353,43),(7,'ru',513,0.2144,43),(7,'ru',514,0.1353,57),(7,'ru',515,0.1353,58),(7,'ru',516,0.1353,61),(7,'ru',517,0.1353,80),(7,'ru',518,0.1353,81),(7,'ru',519,0.1353,83),(7,'ru',520,0.1353,92),(7,'ru',521,0.1353,94),(7,'ru',522,0.1353,96),(7,'ru',523,0.1353,97),(7,'ru',524,0.1353,108),(7,'ru',525,0.1353,112),(7,'ru',526,0.2144,112),(7,'ru',527,0.2144,136.5),(7,'ru',528,0.2144,137.5),(7,'ru',529,0.2144,151),(7,'ru',530,0.1353,117),(7,'ru',531,0.1353,118),(7,'ru',532,0.2706,191.333),(7,'ru',533,0.1353,126),(7,'ru',534,0.1353,127),(7,'ru',535,0.2144,190.5),(7,'ru',536,0.2706,194),(7,'ru',537,0.2144,193),(7,'ru',538,0.2144,165),(7,'ru',539,0.2144,166),(7,'ru',540,0.2144,179.5),(7,'ru',541,0.2144,185.5),(7,'ru',542,0.2144,174),(7,'ru',543,0.1353,145),(7,'ru',544,0.1353,146),(7,'ru',545,0.1353,148),(7,'ru',546,0.2144,179.5),(7,'ru',547,0.1353,158),(7,'ru',548,0.1353,162),(7,'ru',549,0.2144,205),(7,'ru',550,0.1353,166),(7,'ru',551,0.1353,167),(7,'ru',552,0.1353,169),(7,'ru',553,0.1353,171),(7,'ru',554,0.2706,220.333),(7,'ru',555,0.2706,221.333),(7,'ru',556,0.1353,184),(7,'ru',557,0.1353,185),(7,'ru',558,0.1353,186),(7,'ru',559,0.2144,228.5),(7,'ru',560,0.1353,190),(7,'ru',561,0.1353,202),(7,'ru',562,0.1353,203),(7,'ru',563,0.1353,217),(7,'ru',564,0.1353,218),(7,'ru',565,0.1353,233),(7,'ru',566,0.1353,244),(7,'ru',567,0.1353,249),(7,'ru',568,0.1353,250),(7,'ru',569,0.1353,251),(7,'ru',570,0.1353,254),(7,'ru',571,0.1353,257),(7,'ru',572,0.1353,258),(7,'ru',573,0.1353,269),(8,'ru',574,0.2314,1),(9,'ru',575,0.2314,1),(10,'ru',4,0.2662,80),(10,'ru',7,0.3359,21.3333),(10,'ru',8,0.39,17.75),(10,'ru',11,0.2662,41),(10,'ru',16,0.1679,46),(10,'ru',23,0.2662,54.5),(10,'ru',47,0.1679,70),(10,'ru',57,0.1679,50),(10,'ru',60,0.1679,61),(10,'ru',79,0.1679,37),(10,'ru',89,0.1679,11),(10,'ru',114,0.1679,33),(10,'ru',151,0.1679,7),(10,'ru',152,0.1679,8),(10,'ru',196,0.2662,81),(10,'ru',240,0.1679,23),(10,'ru',261,0.1679,24),(10,'ru',263,0.1679,83),(10,'ru',289,0.1679,56),(10,'ru',315,0.1679,60),(10,'ru',320,0.39,64.75),(10,'ru',326,0.1679,88),(10,'ru',343,0.1679,5),(10,'ru',344,0.1679,10),(10,'ru',345,0.1679,19),(10,'ru',346,0.1679,22),(10,'ru',347,0.1679,26),(10,'ru',348,0.1679,27),(10,'ru',349,0.1679,28),(10,'ru',350,0.1679,32),(10,'ru',351,0.1679,34),(10,'ru',363,0.2662,70.5),(10,'ru',429,0.1679,45),(10,'ru',441,0.2662,69.5),(10,'ru',464,0.1679,49),(10,'ru',478,0.1679,52),(10,'ru',479,0.1679,53),(10,'ru',480,0.1679,54),(10,'ru',481,0.1679,55),(10,'ru',482,0.1679,69),(10,'ru',483,0.1679,71),(10,'ru',484,0.1679,73),(10,'ru',485,0.1679,76),(10,'ru',486,0.1679,80),(10,'ru',487,0.1679,84),(10,'ru',488,0.1679,85),(10,'ru',489,0.1679,90),(10,'ru',575,0.1679,99),(11,'ru',576,0.2314,1),(12,'ru',4,0.17,99),(12,'ru',11,0.2694,19),(12,'ru',14,0.2694,79.5),(12,'ru',75,0.17,113),(12,'ru',144,0.17,43),(12,'ru',187,0.17,88),(12,'ru',287,0.17,12),(12,'ru',303,0.17,8),(12,'ru',314,0.17,5),(12,'ru',320,0.2694,25.5),(12,'ru',341,0.34,54.3333),(12,'ru',355,0.17,36),(12,'ru',359,0.17,26),(12,'ru',373,0.17,17),(12,'ru',504,0.17,7),(12,'ru',571,0.17,19),(12,'ru',577,0.17,1),(12,'ru',578,0.2694,18),(12,'ru',579,0.17,9),(12,'ru',580,0.17,14),(12,'ru',581,0.17,18),(12,'ru',582,0.17,20),(12,'ru',583,0.17,22),(12,'ru',584,0.17,33),(12,'ru',585,0.3947,62.75),(12,'ru',586,0.17,40),(12,'ru',587,0.17,41),(12,'ru',588,0.17,45),(12,'ru',589,0.17,54),(12,'ru',590,0.17,55),(12,'ru',591,0.17,56),(12,'ru',592,0.17,59),(12,'ru',593,0.17,71),(12,'ru',594,0.34,74.6667),(12,'ru',595,0.17,73),(12,'ru',596,0.17,76),(12,'ru',597,0.17,78),(12,'ru',598,0.17,79),(12,'ru',599,0.17,80),(12,'ru',600,0.34,91),(12,'ru',601,0.17,90),(12,'ru',602,0.17,98),(12,'ru',603,0.17,100),(12,'ru',604,0.17,108),(12,'ru',605,0.17,109),(12,'ru',606,0.17,110),(13,'ru',3,0.2314,3),(13,'ru',193,0.2314,7),(13,'ru',352,0.2314,16),(13,'ru',607,0.2314,1),(13,'ru',608,0.2314,5),(13,'ru',609,0.2314,8),(13,'ru',610,0.2314,14),(13,'ru',611,0.2314,17),(14,'ru',7,0.4526,127.1),(14,'ru',8,0.1308,54),(14,'ru',11,0.4346,136.778),(14,'ru',14,0.1308,130),(14,'ru',16,0.2616,134.667),(14,'ru',32,0.1308,250),(14,'ru',41,0.1308,252),(14,'ru',79,0.1308,60),(14,'ru',85,0.2616,172),(14,'ru',88,0.1308,207),(14,'ru',89,0.3925,115.714),(14,'ru',90,0.1308,217),(14,'ru',118,0.1308,77),(14,'ru',128,0.2616,130.667),(14,'ru',129,0.2616,130.667),(14,'ru',130,0.2616,130.667),(14,'ru',136,0.1308,269),(14,'ru',152,0.2074,197.5),(14,'ru',173,0.1308,117),(14,'ru',192,0.1308,79),(14,'ru',209,0.1308,70),(14,'ru',225,0.1308,234),(14,'ru',227,0.1308,236),(14,'ru',233,0.1308,249),(14,'ru',314,0.1308,235),(14,'ru',351,0.1308,115),(14,'ru',366,0.1308,81),(14,'ru',381,0.1308,125),(14,'ru',387,0.2074,177),(14,'ru',403,0.2074,129),(14,'ru',407,0.2074,154),(14,'ru',429,0.1308,286),(14,'ru',434,0.1308,280),(14,'ru',468,0.1308,123),(14,'ru',504,0.1308,244),(14,'ru',542,0.1308,175),(14,'ru',605,0.2074,27),(14,'ru',612,0.4147,126.25),(14,'ru',613,0.3038,27.25),(14,'ru',614,0.2074,16),(14,'ru',615,0.2074,18),(14,'ru',616,0.2616,109),(14,'ru',617,0.2616,110),(14,'ru',618,0.3038,75.5),(14,'ru',619,0.2074,26),(14,'ru',620,0.2074,28),(14,'ru',621,0.2074,30),(14,'ru',622,0.2616,101.667),(14,'ru',623,0.1308,50),(14,'ru',624,0.2074,167),(14,'ru',625,0.1308,52),(14,'ru',626,0.1308,53),(14,'ru',627,0.1308,57),(14,'ru',628,0.1308,58),(14,'ru',629,0.1308,59),(14,'ru',630,0.1308,61),(14,'ru',631,0.1308,63),(14,'ru',632,0.2074,120.5),(14,'ru',633,0.1308,75),(14,'ru',634,0.1308,80),(14,'ru',635,0.1308,83),(14,'ru',636,0.1308,91),(14,'ru',637,0.1308,93),(14,'ru',638,0.1308,94),(14,'ru',639,0.2074,132),(14,'ru',640,0.1308,96),(14,'ru',641,0.3038,110.5),(14,'ru',642,0.2074,104),(14,'ru',643,0.1308,114),(14,'ru',644,0.1308,121),(14,'ru',645,0.1308,124),(14,'ru',646,0.1308,126),(14,'ru',647,0.1308,132),(14,'ru',648,0.1308,133),(14,'ru',649,0.1308,146),(14,'ru',650,0.1308,147),(14,'ru',651,0.1308,150),(14,'ru',652,0.1308,152),(14,'ru',653,0.1308,153),(14,'ru',654,0.1308,154),(14,'ru',655,0.1308,156),(14,'ru',656,0.2074,156),(14,'ru',657,0.1308,165),(14,'ru',658,0.1308,166),(14,'ru',659,0.1308,171),(14,'ru',660,0.1308,172),(14,'ru',661,0.1308,173),(14,'ru',662,0.1308,174),(14,'ru',663,0.2074,201.5),(14,'ru',664,0.2074,202.5),(14,'ru',665,0.1308,187),(14,'ru',666,0.1308,189),(14,'ru',667,0.1308,196),(14,'ru',668,0.1308,197),(14,'ru',669,0.1308,201),(14,'ru',670,0.1308,202),(14,'ru',671,0.2074,213),(14,'ru',672,0.2616,250.667),(14,'ru',673,0.1308,206),(14,'ru',674,0.1308,222),(14,'ru',675,0.1308,224),(14,'ru',676,0.1308,225),(14,'ru',677,0.2074,225),(14,'ru',678,0.1308,237),(14,'ru',679,0.1308,239),(14,'ru',680,0.1308,241),(14,'ru',681,0.1308,242),(14,'ru',682,0.1308,243),(14,'ru',683,0.1308,245),(14,'ru',684,0.1308,246),(14,'ru',685,0.1308,248),(14,'ru',686,0.1308,253),(14,'ru',687,0.1308,254),(14,'ru',688,0.1308,260),(14,'ru',689,0.1308,262),(14,'ru',690,0.2074,262),(14,'ru',691,0.1308,265),(14,'ru',692,0.1308,266),(14,'ru',693,0.1308,267),(14,'ru',694,0.1308,270),(14,'ru',695,0.1308,271),(14,'ru',696,0.1308,281),(14,'ru',697,0.1308,288),(15,'ru',7,0.1573,2),(15,'ru',8,0.1573,85),(15,'ru',11,0.2493,62.5),(15,'ru',14,0.1573,56),(15,'ru',20,0.1573,117),(15,'ru',28,0.1573,106),(15,'ru',55,0.3652,59),(15,'ru',57,0.1573,66),(15,'ru',84,0.1573,1),(15,'ru',89,0.3146,57),(15,'ru',105,0.1573,84),(15,'ru',187,0.1573,116),(15,'ru',213,0.1573,105),(15,'ru',318,0.1573,86),(15,'ru',345,0.1573,97),(15,'ru',359,0.1573,58),(15,'ru',367,0.1573,70),(15,'ru',368,0.1573,62),(15,'ru',387,0.1573,139),(15,'ru',403,0.1573,50),(15,'ru',617,0.3146,56),(15,'ru',622,0.1573,112),(15,'ru',624,0.1573,79),(15,'ru',643,0.1573,51),(15,'ru',658,0.2493,27.5),(15,'ru',664,0.4719,62.5714),(15,'ru',667,0.1573,136),(15,'ru',669,0.2493,23.5),(15,'ru',698,0.3652,23),(15,'ru',699,0.3652,24),(15,'ru',700,0.3652,25),(15,'ru',701,0.2493,29.5),(15,'ru',702,0.1573,53),(15,'ru',703,0.1573,60),(15,'ru',704,0.1573,64),(15,'ru',705,0.2493,64),(15,'ru',706,0.1573,65),(15,'ru',707,0.1573,68),(15,'ru',708,0.1573,77),(15,'ru',709,0.1573,80),(15,'ru',710,0.1573,87),(15,'ru',711,0.1573,88),(15,'ru',712,0.1573,94),(15,'ru',713,0.1573,98),(15,'ru',714,0.1573,101),(15,'ru',715,0.1573,103),(15,'ru',716,0.1573,104),(15,'ru',717,0.1573,114),(15,'ru',718,0.1573,118),(15,'ru',719,0.1573,119),(15,'ru',720,0.1573,120),(15,'ru',721,0.1573,137),(15,'ru',722,0.1573,140),(15,'ru',723,0.1573,143),(15,'ru',724,0.1573,144),(16,'ru',7,0.2165,56),(16,'ru',24,0.2165,55),(16,'ru',41,0.1366,6),(16,'ru',60,0.3171,176.25),(16,'ru',115,0.2165,65),(16,'ru',151,0.1366,67),(16,'ru',209,0.3171,64.5),(16,'ru',217,0.2165,74),(16,'ru',242,0.1366,149),(16,'ru',321,0.2165,45),(16,'ru',361,0.1366,164),(16,'ru',478,0.2165,50),(16,'ru',504,0.2165,3),(16,'ru',725,0.2732,53.6667),(16,'ru',726,0.2732,55),(16,'ru',727,0.2732,56.6667),(16,'ru',728,0.4097,108.429),(16,'ru',729,0.3834,89.6667),(16,'ru',730,0.2165,47),(16,'ru',731,0.2732,82.3333),(16,'ru',732,0.2165,51),(16,'ru',733,0.2165,52),(16,'ru',734,0.2165,52),(16,'ru',735,0.2165,53),(16,'ru',736,0.2165,58),(16,'ru',737,0.2165,59),(16,'ru',738,0.353,120),(16,'ru',739,0.2165,68),(16,'ru',740,0.2165,71),(16,'ru',741,0.2165,72),(16,'ru',742,0.2165,78),(16,'ru',743,0.4329,152.125),(16,'ru',744,0.1366,57),(16,'ru',745,0.1366,59),(16,'ru',746,0.2165,59),(16,'ru',747,0.1366,60),(16,'ru',748,0.1366,61),(16,'ru',749,0.1366,63),(16,'ru',750,0.1366,63),(16,'ru',751,0.1366,64),(16,'ru',752,0.1366,65),(16,'ru',753,0.1366,66),(16,'ru',754,0.1366,68),(16,'ru',755,0.1366,69),(16,'ru',756,0.1366,70),(16,'ru',757,0.1366,113),(16,'ru',758,0.1366,116),(16,'ru',759,0.1366,117),(16,'ru',760,0.1366,118),(16,'ru',761,0.2165,157.5),(16,'ru',762,0.4097,188.857),(16,'ru',763,0.1366,122),(16,'ru',764,0.1366,123),(16,'ru',765,0.1366,125),(16,'ru',766,0.1366,136),(16,'ru',767,0.1366,137),(16,'ru',768,0.1366,138),(16,'ru',769,0.1366,140),(16,'ru',770,0.2732,193),(16,'ru',771,0.1366,148),(16,'ru',772,0.1366,163),(16,'ru',773,0.2165,176.5),(16,'ru',774,0.2165,175),(16,'ru',775,0.1366,173),(16,'ru',776,0.1366,175),(16,'ru',777,0.1366,176),(16,'ru',778,0.2165,185),(16,'ru',779,0.1366,178),(16,'ru',780,0.2732,215.667),(16,'ru',781,0.2165,216.5),(16,'ru',782,0.2165,215),(16,'ru',783,0.2165,216),(16,'ru',784,0.2165,217),(16,'ru',785,0.2165,218),(16,'ru',786,0.1366,208),(16,'ru',787,0.1366,209),(16,'ru',788,0.1366,210),(16,'ru',789,0.2165,210),(16,'ru',790,0.1366,211),(16,'ru',791,0.1366,225),(16,'ru',792,0.1366,226),(16,'ru',793,0.1366,234),(16,'ru',794,0.1366,240),(16,'ru',795,0.1366,244),(16,'ru',796,0.1366,245),(17,'ru',11,0.3667,5),(17,'ru',173,0.3667,4),(17,'ru',797,0.2314,3),(17,'ru',798,0.2314,4),(17,'ru',799,0.2314,6),(18,'ru',11,0.2314,2),(18,'ru',797,0.2314,3),(18,'ru',800,0.2314,1),(18,'ru',801,0.2314,4),(18,'ru',802,0.2314,5),(19,'ru',11,0.2314,1),(19,'ru',366,0.2314,3),(19,'ru',801,0.2314,6),(19,'ru',802,0.2314,8),(19,'ru',803,0.2314,4),(19,'ru',804,0.2314,5),(20,'ru',11,0.3667,4.5),(20,'ru',173,0.2314,5),(20,'ru',367,0.3667,3.5),(20,'ru',802,0.2314,4),(20,'ru',805,0.2314,3),(21,'ru',384,0.3504,21.5),(21,'ru',407,0.3504,14.5),(21,'ru',653,0.3504,17.5),(21,'ru',806,0.2211,1),(21,'ru',807,0.3504,11.5),(21,'ru',808,0.3504,12.5),(21,'ru',809,0.3504,15.5),(21,'ru',810,0.3504,16.5),(21,'ru',811,0.3504,19.5),(21,'ru',812,0.3504,20.5),(21,'ru',813,0.3504,23.5),(21,'ru',814,0.3504,24.5),(22,'ru',115,0.3199,24.5),(22,'ru',227,0.3199,43.5),(22,'ru',246,0.3199,42.5),(22,'ru',358,0.3199,25.5),(22,'ru',776,0.3199,32.5),(22,'ru',808,0.3199,31.5),(22,'ru',815,0.2018,1),(22,'ru',816,0.3199,19.5),(22,'ru',817,0.3199,21.5),(22,'ru',818,0.3199,22.5),(22,'ru',819,0.3199,33.5),(22,'ru',820,0.3199,34.5),(22,'ru',821,0.3199,41.5),(22,'ru',822,0.3199,44.5),(22,'ru',823,0.3199,46.5),(22,'ru',824,0.3199,48.5),(23,'ru',26,0.2886,58.5),(23,'ru',198,0.2886,60.5),(23,'ru',302,0.2886,46.5),(23,'ru',315,0.2886,45.5),(23,'ru',381,0.2886,44.5),(23,'ru',388,0.2886,42.5),(23,'ru',798,0.2886,24.5),(23,'ru',800,0.2886,43.5),(23,'ru',825,0.3642,18),(23,'ru',826,0.2886,25.5),(23,'ru',827,0.2886,27.5),(23,'ru',828,0.2886,29.5),(23,'ru',829,0.2886,30.5),(23,'ru',830,0.2886,31.5),(23,'ru',831,0.2886,32.5),(23,'ru',832,0.2886,40.5),(23,'ru',833,0.4228,49.5),(23,'ru',834,0.2886,53.5),(23,'ru',835,0.2886,56.5),(23,'ru',836,0.2886,62.5),(23,'ru',837,0.2886,63.5),(24,'ru',137,0.2823,27),(24,'ru',216,0.2823,19),(24,'ru',358,0.2823,20),(24,'ru',798,0.2823,22),(24,'ru',800,0.2823,21),(24,'ru',823,0.2823,44),(24,'ru',824,0.4135,34),(24,'ru',838,0.1781,1),(24,'ru',839,0.2823,23),(24,'ru',840,0.2823,24),(24,'ru',841,0.2823,25),(24,'ru',842,0.2823,26),(24,'ru',843,0.2823,28),(24,'ru',844,0.2823,30),(24,'ru',845,0.2823,31),(24,'ru',846,0.2823,32),(24,'ru',847,0.2823,33),(24,'ru',848,0.2823,34),(24,'ru',849,0.2823,36),(24,'ru',850,0.2823,37),(24,'ru',851,0.2823,43),(24,'ru',852,0.2823,45),(24,'ru',853,0.2823,46),(24,'ru',854,0.2823,47),(25,'ru',322,0.3504,14),(25,'ru',366,0.3504,23),(25,'ru',372,0.3504,20),(25,'ru',388,0.3504,19),(25,'ru',802,0.3504,12),(25,'ru',855,0.4421,9),(25,'ru',856,0.3504,11),(25,'ru',857,0.3504,16),(25,'ru',858,0.3504,17),(25,'ru',859,0.3504,18),(25,'ru',860,0.3504,21),(26,'ru',407,0.3608,17),(26,'ru',584,0.3608,26),(26,'ru',643,0.3608,28),(26,'ru',653,0.3608,30),(26,'ru',807,0.3608,14),(26,'ru',808,0.3608,15),(26,'ru',809,0.3608,18),(26,'ru',811,0.3608,25),(26,'ru',820,0.3608,19),(26,'ru',861,0.2277,1),(26,'ru',862,0.3608,32),(27,'ru',246,0.2823,49.5),(27,'ru',358,0.2823,23.5),(27,'ru',438,0.2823,56.5),(27,'ru',481,0.2823,33.5),(27,'ru',488,0.2823,36.5),(27,'ru',653,0.2823,32.5),(27,'ru',811,0.2823,29.5),(27,'ru',821,0.2823,48.5),(27,'ru',833,0.2823,50.5),(27,'ru',863,0.1781,1),(27,'ru',864,0.2823,21.5),(27,'ru',865,0.2823,22.5),(27,'ru',866,0.2823,31.5),(27,'ru',867,0.2823,34.5),(27,'ru',868,0.2823,35.5),(27,'ru',869,0.2823,37.5),(27,'ru',870,0.2823,38.5),(27,'ru',871,0.2823,40.5),(27,'ru',872,0.2823,41.5),(27,'ru',873,0.2823,51.5),(27,'ru',874,0.2823,52.5),(27,'ru',875,0.2823,53.5),(27,'ru',876,0.2823,55.5),(27,'ru',877,0.2823,58.5),(27,'ru',878,0.2823,59.5),(28,'ru',119,0.2853,43),(28,'ru',227,0.2853,51),(28,'ru',246,0.2853,50),(28,'ru',481,0.2853,28),(28,'ru',488,0.2853,31),(28,'ru',584,0.2853,44),(28,'ru',653,0.2853,25),(28,'ru',807,0.2853,22),(28,'ru',808,0.2853,23),(28,'ru',811,0.418,34.5),(28,'ru',821,0.2853,49),(28,'ru',822,0.2853,52),(28,'ru',823,0.2853,56),(28,'ru',824,0.2853,54),(28,'ru',862,0.2853,47),(28,'ru',866,0.2853,24),(28,'ru',867,0.2853,29),(28,'ru',868,0.2853,30),(28,'ru',869,0.2853,32),(28,'ru',870,0.2853,33),(28,'ru',871,0.2853,35),(28,'ru',872,0.2853,36),(28,'ru',879,0.18,1),(29,'ru',166,0.3142,34),(29,'ru',358,0.4603,23),(29,'ru',381,0.4603,21),(29,'ru',388,0.3142,17),(29,'ru',453,0.3142,21),(29,'ru',810,0.3142,20),(29,'ru',857,0.3142,15),(29,'ru',868,0.3142,31),(29,'ru',871,0.3142,27),(29,'ru',880,0.1982,1),(29,'ru',881,0.3142,19),(29,'ru',882,0.3142,29),(29,'ru',883,0.3142,32),(29,'ru',884,0.3142,35),(29,'ru',885,0.3142,35),(30,'ru',476,0.3413,32),(30,'ru',584,0.3413,39),(30,'ru',653,0.3413,43),(30,'ru',811,0.3413,38),(30,'ru',824,0.3413,28),(30,'ru',857,0.3413,21),(30,'ru',862,0.3413,47),(30,'ru',886,0.2153,1),(30,'ru',887,0.3413,19),(30,'ru',888,0.3413,22),(30,'ru',889,0.3413,29),(30,'ru',890,0.5,30),(31,'ru',358,0.2853,45),(31,'ru',653,0.2853,41),(31,'ru',811,0.2853,43),(31,'ru',821,0.2853,34),(31,'ru',866,0.2853,40),(31,'ru',868,0.2853,44),(31,'ru',869,0.2853,46),(31,'ru',870,0.2853,47),(31,'ru',871,0.2853,49),(31,'ru',872,0.2853,50),(31,'ru',891,0.18,1),(31,'ru',892,0.2853,20),(31,'ru',893,0.2853,21),(31,'ru',894,0.418,25.5),(31,'ru',895,0.418,25.5),(31,'ru',896,0.2853,24),(31,'ru',897,0.2853,25),(31,'ru',898,0.2853,29),(31,'ru',899,0.2853,30),(31,'ru',900,0.2853,31),(31,'ru',901,0.418,31),(32,'ru',11,0.2351,58),(32,'ru',14,0.2351,94),(32,'ru',70,0.2351,113),(32,'ru',115,0.3444,74.5),(32,'ru',137,0.4164,75),(32,'ru',196,0.2351,97),(32,'ru',207,0.4164,90.3333),(32,'ru',235,0.2351,68),(32,'ru',301,0.2351,70),(32,'ru',364,0.2351,96),(32,'ru',407,0.3444,72),(32,'ru',654,0.2351,72),(32,'ru',758,0.2351,48),(32,'ru',840,0.2351,60),(32,'ru',841,0.2351,55),(32,'ru',857,0.2351,62),(32,'ru',860,0.2351,95),(32,'ru',888,0.2351,61),(32,'ru',902,0.1483,1),(32,'ru',903,0.2351,44),(32,'ru',904,0.2351,45),(32,'ru',905,0.3444,75.5),(32,'ru',906,0.2351,49),(32,'ru',907,0.2351,50),(32,'ru',908,0.2351,51),(32,'ru',909,0.2351,53),(32,'ru',910,0.2351,56),(32,'ru',911,0.2351,63),(32,'ru',912,0.2351,65),(32,'ru',913,0.2351,69),(32,'ru',914,0.2351,71),(32,'ru',915,0.2351,74),(32,'ru',916,0.2351,78),(32,'ru',917,0.2351,86),(32,'ru',918,0.2351,88),(32,'ru',919,0.2351,89),(32,'ru',920,0.2351,91),(32,'ru',921,0.2351,105),(32,'ru',922,0.2351,108),(32,'ru',923,0.2351,108),(32,'ru',924,0.2351,108),(32,'ru',925,0.2351,110),(32,'ru',926,0.2351,114),(32,'ru',927,0.2351,118),(32,'ru',928,0.3444,118),(32,'ru',929,0.2351,122),(33,'ru',8,0.2233,68),(33,'ru',11,0.3271,102.5),(33,'ru',14,0.2233,158),(33,'ru',33,0.2233,95),(33,'ru',36,0.2233,85),(33,'ru',106,0.2233,110),(33,'ru',107,0.3271,110),(33,'ru',160,0.2233,117),(33,'ru',193,0.2233,65),(33,'ru',207,0.3271,125.5),(33,'ru',222,0.2233,140),(33,'ru',226,0.2233,134),(33,'ru',230,0.3955,102),(33,'ru',231,0.3955,119.667),(33,'ru',257,0.2233,135),(33,'ru',283,0.2233,87),(33,'ru',290,0.2233,130),(33,'ru',301,0.2233,108),(33,'ru',349,0.2233,138),(33,'ru',381,0.2233,104),(33,'ru',385,0.2233,123),(33,'ru',415,0.2233,63),(33,'ru',476,0.2233,161),(33,'ru',551,0.2233,66),(33,'ru',591,0.2233,80),(33,'ru',801,0.2233,118),(33,'ru',905,0.2233,93),(33,'ru',913,0.2233,151),(33,'ru',918,0.2233,57),(33,'ru',930,0.3642,96.6),(33,'ru',931,0.2233,58),(33,'ru',932,0.2233,61),(33,'ru',933,0.2233,64),(33,'ru',934,0.2233,74),(33,'ru',935,0.2233,75),(33,'ru',936,0.2233,79),(33,'ru',937,0.2233,81),(33,'ru',938,0.2233,82),(33,'ru',939,0.2233,84),(33,'ru',940,0.2233,96),(33,'ru',941,0.2233,97),(33,'ru',942,0.3271,127.5),(33,'ru',943,0.2233,102),(33,'ru',944,0.2233,103),(33,'ru',945,0.2233,106),(33,'ru',946,0.2233,107),(33,'ru',947,0.2233,109),(33,'ru',948,0.2233,116),(33,'ru',949,0.2233,119),(33,'ru',950,0.2233,120),(33,'ru',951,0.2233,122),(33,'ru',952,0.2233,124),(33,'ru',953,0.2233,125),(33,'ru',954,0.2233,128),(33,'ru',955,0.2233,131),(33,'ru',956,0.2233,133),(33,'ru',957,0.2233,150),(33,'ru',958,0.2233,152),(33,'ru',959,0.2233,160),(34,'ru',11,0.3281,125.5),(34,'ru',55,0.224,127),(34,'ru',60,0.224,113),(34,'ru',98,0.224,69),(34,'ru',128,0.224,129),(34,'ru',129,0.224,129),(34,'ru',130,0.224,129),(34,'ru',161,0.224,103),(34,'ru',311,0.224,108),(34,'ru',341,0.3281,89),(34,'ru',371,0.224,81),(34,'ru',379,0.224,52),(34,'ru',438,0.224,126),(34,'ru',441,0.224,134),(34,'ru',447,0.224,122),(34,'ru',682,0.3281,57),(34,'ru',800,0.224,135),(34,'ru',801,0.3967,87.6667),(34,'ru',844,0.224,125),(34,'ru',857,0.224,102),(34,'ru',859,0.224,99),(34,'ru',872,0.224,98),(34,'ru',889,0.3281,58.5),(34,'ru',904,0.224,140),(34,'ru',917,0.224,96),(34,'ru',960,0.3653,65.4),(34,'ru',961,0.224,50),(34,'ru',962,0.224,57),(34,'ru',963,0.224,59),(34,'ru',964,0.224,60),(34,'ru',965,0.224,61),(34,'ru',966,0.224,65),(34,'ru',967,0.224,68),(34,'ru',968,0.224,71),(34,'ru',969,0.224,73),(34,'ru',970,0.224,79),(34,'ru',971,0.224,82),(34,'ru',972,0.224,83),(34,'ru',973,0.224,84),(34,'ru',974,0.224,86),(34,'ru',975,0.224,87),(34,'ru',976,0.224,88),(34,'ru',977,0.224,89),(34,'ru',978,0.224,95),(34,'ru',979,0.224,97),(34,'ru',980,0.224,101),(34,'ru',981,0.224,104),(34,'ru',982,0.224,107),(34,'ru',983,0.224,109),(34,'ru',984,0.224,110),(34,'ru',985,0.224,111),(34,'ru',986,0.3281,121),(34,'ru',987,0.224,121),(34,'ru',988,0.224,123),(34,'ru',989,0.224,130),(34,'ru',990,0.224,132),(34,'ru',991,0.224,137),(34,'ru',992,0.224,138),(34,'ru',993,0.224,139),(35,'ru',115,0.2577,92.5),(35,'ru',122,0.1626,1),(35,'ru',161,0.2577,83.5),(35,'ru',231,0.2577,59.5),(35,'ru',315,0.2577,87.5),(35,'ru',332,0.2577,71.5),(35,'ru',373,0.2577,85.5),(35,'ru',758,0.2577,89.5),(35,'ru',801,0.2577,36.5),(35,'ru',807,0.2577,44.5),(35,'ru',840,0.2577,46.5),(35,'ru',868,0.2577,42.5),(35,'ru',890,0.3776,52.5),(35,'ru',903,0.2577,90.5),(35,'ru',905,0.2577,93.5),(35,'ru',948,0.2577,88.5),(35,'ru',951,0.2577,76.5),(35,'ru',994,0.3776,60),(35,'ru',995,0.2577,37.5),(35,'ru',996,0.2577,39.5),(35,'ru',997,0.2577,43.5),(35,'ru',998,0.2577,54.5),(35,'ru',999,0.2577,56.5),(35,'ru',1000,0.2577,57.5),(35,'ru',1001,0.2577,58.5),(35,'ru',1002,0.2577,61.5),(35,'ru',1003,0.2577,62.5),(35,'ru',1004,0.2577,64.5),(35,'ru',1005,0.2577,70.5),(35,'ru',1006,0.2577,72.5),(35,'ru',1007,0.2577,73.5),(35,'ru',1008,0.2577,75.5),(35,'ru',1009,0.2577,82.5),(35,'ru',1010,0.2577,91.5),(36,'ru',11,0.25,52),(36,'ru',55,0.1577,129),(36,'ru',89,0.1577,133),(36,'ru',137,0.25,57),(36,'ru',240,0.25,31),(36,'ru',269,0.1577,102),(36,'ru',341,0.25,62),(36,'ru',371,0.25,42),(36,'ru',373,0.1577,98),(36,'ru',388,0.25,35),(36,'ru',423,0.1577,100),(36,'ru',547,0.25,55),(36,'ru',771,0.25,60),(36,'ru',782,0.1577,130),(36,'ru',798,0.3662,66),(36,'ru',800,0.25,53),(36,'ru',801,0.25,33),(36,'ru',824,0.1577,112),(36,'ru',826,0.25,27),(36,'ru',857,0.1577,103),(36,'ru',859,0.1577,104),(36,'ru',954,0.1577,118),(36,'ru',966,0.25,38),(36,'ru',967,0.3155,19),(36,'ru',1011,0.25,30),(36,'ru',1012,0.25,32),(36,'ru',1013,0.3662,46),(36,'ru',1014,0.25,39),(36,'ru',1015,0.25,40),(36,'ru',1016,0.25,41),(36,'ru',1017,0.25,48),(36,'ru',1018,0.25,51),(36,'ru',1019,0.25,56),(36,'ru',1020,0.25,59),(36,'ru',1021,0.25,61),(36,'ru',1022,0.25,63),(36,'ru',1023,0.25,65),(36,'ru',1024,0.25,66),(36,'ru',1025,0.25,68),(36,'ru',1026,0.1577,110),(36,'ru',1027,0.1577,114),(36,'ru',1028,0.1577,115),(36,'ru',1029,0.1577,117),(36,'ru',1030,0.1577,124),(36,'ru',1031,0.1577,125),(36,'ru',1032,0.1577,126),(36,'ru',1033,0.1577,131),(37,'ru',26,0.3042,46.5),(37,'ru',115,0.3042,38.5),(37,'ru',190,0.3042,29.5),(37,'ru',358,0.3042,39.5),(37,'ru',382,0.3042,21.5),(37,'ru',387,0.3042,40.5),(37,'ru',389,0.3042,23.5),(37,'ru',415,0.3042,45.5),(37,'ru',619,0.3042,28.5),(37,'ru',798,0.3042,20.5),(37,'ru',800,0.3042,19.5),(37,'ru',1034,0.192,1),(37,'ru',1035,0.3042,25.5),(37,'ru',1036,0.3042,26.5),(37,'ru',1037,0.3042,30.5),(37,'ru',1038,0.3042,32.5),(37,'ru',1039,0.3042,41.5),(37,'ru',1040,0.3042,43.5),(37,'ru',1041,0.3042,48.5),(38,'ru',50,0.2694,50.5),(38,'ru',130,0.2694,36.5),(38,'ru',173,0.2694,52.5),(38,'ru',366,0.2694,30.5),(38,'ru',394,0.2694,61.5),(38,'ru',411,0.2694,45.5),(38,'ru',423,0.2694,64.5),(38,'ru',584,0.2694,62.5),(38,'ru',683,0.2694,43.5),(38,'ru',802,0.3947,34.5),(38,'ru',856,0.2694,60.5),(38,'ru',919,0.2694,67.5),(38,'ru',1021,0.2694,66.5),(38,'ru',1042,0.34,18.6667),(38,'ru',1043,0.2694,28.5),(38,'ru',1044,0.2694,31.5),(38,'ru',1045,0.2694,32.5),(38,'ru',1046,0.2694,33.5),(38,'ru',1047,0.2694,34.5),(38,'ru',1048,0.2694,35.5),(38,'ru',1049,0.2694,44.5),(38,'ru',1050,0.2694,47.5),(38,'ru',1051,0.2694,48.5),(38,'ru',1052,0.2694,49.5),(38,'ru',1053,0.2694,51.5),(38,'ru',1054,0.2694,53.5),(38,'ru',1055,0.2694,59.5),(38,'ru',1056,0.2694,68.5),(39,'ru',33,0.2823,28),(39,'ru',226,0.2823,55),(39,'ru',373,0.2823,25),(39,'ru',379,0.4135,46),(39,'ru',381,0.2823,39),(39,'ru',477,0.2823,30),(39,'ru',800,0.2823,35),(39,'ru',802,0.5,34),(39,'ru',859,0.2823,62),(39,'ru',953,0.2823,31),(39,'ru',1014,0.2823,44),(39,'ru',1057,0.4604,31.4),(39,'ru',1058,0.2823,24),(39,'ru',1059,0.2823,26),(39,'ru',1060,0.2823,40),(39,'ru',1061,0.2823,43),(39,'ru',1062,0.2823,52),(39,'ru',1063,0.2823,53),(39,'ru',1064,0.2823,58),(39,'ru',1065,0.2823,59),(40,'ru',11,0.2823,51),(40,'ru',51,0.2823,46),(40,'ru',173,0.2823,33),(40,'ru',373,0.2823,22),(40,'ru',800,0.2823,50),(40,'ru',802,0.5,30.3333),(40,'ru',823,0.2823,31),(40,'ru',932,0.2823,53),(40,'ru',948,0.2823,29),(40,'ru',994,0.2823,21),(40,'ru',1007,0.2823,38),(40,'ru',1021,0.2823,49),(40,'ru',1054,0.2823,34),(40,'ru',1059,0.2823,23),(40,'ru',1066,0.3562,16.3333),(40,'ru',1067,0.2823,25),(40,'ru',1068,0.2823,26),(40,'ru',1069,0.2823,27),(40,'ru',1070,0.2823,30),(40,'ru',1071,0.2823,35),(40,'ru',1072,0.2823,37),(40,'ru',1073,0.2823,47),(41,'ru',10,0.2742,38.5),(41,'ru',128,0.2742,42.5),(41,'ru',129,0.4016,48),(41,'ru',130,0.2742,42.5),(41,'ru',166,0.2742,40.5),(41,'ru',207,0.2742,73.5),(41,'ru',653,0.2742,48.5),(41,'ru',802,0.2742,30.5),(41,'ru',823,0.2742,34.5),(41,'ru',856,0.2742,29.5),(41,'ru',864,0.2742,60.5),(41,'ru',884,0.2742,50.5),(41,'ru',899,0.2742,36.5),(41,'ru',1054,0.2742,32.5),(41,'ru',1074,0.173,1),(41,'ru',1075,0.2742,28.5),(41,'ru',1076,0.2742,37.5),(41,'ru',1077,0.2742,41.5),(41,'ru',1078,0.2742,51.5),(41,'ru',1079,0.2742,52.5),(41,'ru',1080,0.2742,56.5),(41,'ru',1081,0.2742,57.5),(41,'ru',1082,0.2742,59.5),(41,'ru',1083,0.2742,63.5),(41,'ru',1084,0.2742,65.5),(41,'ru',1085,0.2742,72.5),(41,'ru',1086,0.2742,75.5),(42,'ru',11,0.2613,68.5),(42,'ru',119,0.2613,63.5),(42,'ru',358,0.2613,57.5),(42,'ru',361,0.2613,38.5),(42,'ru',439,0.2613,61.5),(42,'ru',725,0.2613,56.5),(42,'ru',802,0.4628,41.8333),(42,'ru',808,0.2613,36.5),(42,'ru',833,0.3828,53),(42,'ru',847,0.2613,29.5),(42,'ru',852,0.2613,32.5),(42,'ru',953,0.2613,66.5),(42,'ru',964,0.2613,62.5),(42,'ru',994,0.2613,27.5),(42,'ru',1054,0.2613,33.5),(42,'ru',1059,0.2613,48.5),(42,'ru',1060,0.2613,70.5),(42,'ru',1070,0.2613,30.5),(42,'ru',1087,0.1649,1),(42,'ru',1088,0.2613,35.5),(42,'ru',1089,0.2613,37.5),(42,'ru',1090,0.2613,41.5),(42,'ru',1091,0.2613,42.5),(42,'ru',1092,0.2613,44.5),(42,'ru',1093,0.2613,46.5),(42,'ru',1094,0.2613,54.5),(42,'ru',1095,0.2613,58.5),(42,'ru',1096,0.2613,59.5),(42,'ru',1097,0.2613,72.5),(42,'ru',1098,0.3828,72.5),(43,'ru',11,0.2921,50),(43,'ru',332,0.2921,27),(43,'ru',382,0.2921,44),(43,'ru',418,0.2921,41),(43,'ru',439,0.2921,49),(43,'ru',441,0.2921,43),(43,'ru',661,0.2921,40),(43,'ru',802,0.2921,24),(43,'ru',811,0.2921,42),(43,'ru',845,0.2921,26),(43,'ru',847,0.2921,32),(43,'ru',917,0.2921,46),(43,'ru',921,0.2921,45),(43,'ru',994,0.2921,20),(43,'ru',1007,0.2921,23),(43,'ru',1021,0.2921,48),(43,'ru',1067,0.2921,28),(43,'ru',1068,0.2921,29),(43,'ru',1069,0.2921,30),(43,'ru',1070,0.2921,33),(43,'ru',1094,0.2921,21),(43,'ru',1099,0.1843,1),(44,'ru',51,0.2754,38.5),(44,'ru',60,0.2754,57.5),(44,'ru',358,0.2754,26.5),(44,'ru',381,0.2754,42.5),(44,'ru',438,0.2754,55.5),(44,'ru',497,0.2754,60.5),(44,'ru',498,0.2754,61.5),(44,'ru',725,0.2754,48.5),(44,'ru',800,0.2754,27.5),(44,'ru',802,0.4035,40.5),(44,'ru',808,0.2754,32.5),(44,'ru',823,0.2754,35.5),(44,'ru',838,0.1738,2),(44,'ru',845,0.2754,30.5),(44,'ru',1007,0.2754,53.5),(44,'ru',1021,0.2754,41.5),(44,'ru',1054,0.2754,37.5),(44,'ru',1088,0.2754,31.5),(44,'ru',1094,0.2754,63.5),(44,'ru',1100,0.1738,1),(44,'ru',1101,0.2754,25.5),(44,'ru',1102,0.2754,34.5),(44,'ru',1103,0.2754,39.5),(44,'ru',1104,0.2754,50.5),(44,'ru',1105,0.2754,58.5),(44,'ru',1106,0.2754,59.5),(44,'ru',1107,0.2754,64.5),(45,'ru',8,0.2246,11),(45,'ru',11,0.3979,67),(45,'ru',14,0.1417,57),(45,'ru',16,0.2246,139.5),(45,'ru',26,0.1417,81),(45,'ru',55,0.1417,178),(45,'ru',107,0.1417,170),(45,'ru',128,0.1417,77),(45,'ru',129,0.1417,77),(45,'ru',130,0.1417,77),(45,'ru',137,0.2246,98),(45,'ru',141,0.2246,151.5),(45,'ru',144,0.2246,152.5),(45,'ru',190,0.1417,105),(45,'ru',196,0.2246,43),(45,'ru',197,0.3291,101),(45,'ru',291,0.1417,75),(45,'ru',301,0.1417,144),(45,'ru',314,0.2246,101.5),(45,'ru',318,0.1417,74),(45,'ru',320,0.2835,30.3333),(45,'ru',331,0.1417,168),(45,'ru',345,0.2246,134),(45,'ru',351,0.1417,28),(45,'ru',359,0.1417,55),(45,'ru',371,0.1417,32),(45,'ru',375,0.1417,195),(45,'ru',378,0.1417,92),(45,'ru',379,0.1417,104),(45,'ru',381,0.1417,58),(45,'ru',388,0.1417,48),(45,'ru',394,0.1417,155),(45,'ru',407,0.2246,161),(45,'ru',410,0.1417,179),(45,'ru',420,0.1417,51),(45,'ru',421,0.1417,52),(45,'ru',422,0.2835,11.6667),(45,'ru',426,0.1417,119),(45,'ru',427,0.1417,159),(45,'ru',444,0.2835,141),(45,'ru',489,0.1417,39),(45,'ru',542,0.1417,135),(45,'ru',575,0.1417,173),(45,'ru',581,0.2246,13),(45,'ru',583,0.3291,170.75),(45,'ru',642,0.1417,146),(45,'ru',654,0.1417,161),(45,'ru',677,0.1417,76),(45,'ru',708,0.1417,70),(45,'ru',914,0.1417,91),(45,'ru',950,0.2246,32.5),(45,'ru',1007,0.1417,84),(45,'ru',1021,0.1417,83),(45,'ru',1030,0.2246,142.5),(45,'ru',1036,0.1417,103),(45,'ru',1108,0.2246,12),(45,'ru',1109,0.1417,26),(45,'ru',1110,0.1417,30),(45,'ru',1111,0.1417,31),(45,'ru',1112,0.1417,33),(45,'ru',1113,0.1417,34),(45,'ru',1114,0.1417,35),(45,'ru',1115,0.1417,37),(45,'ru',1116,0.1417,40),(45,'ru',1117,0.1417,41),(45,'ru',1118,0.1417,50),(45,'ru',1119,0.1417,59),(45,'ru',1120,0.1417,60),(45,'ru',1121,0.1417,73),(45,'ru',1122,0.1417,86),(45,'ru',1123,0.1417,89),(45,'ru',1124,0.1417,98),(45,'ru',1125,0.1417,101),(45,'ru',1126,0.2246,115),(45,'ru',1127,0.2835,148),(45,'ru',1128,0.1417,118),(45,'ru',1129,0.1417,122),(45,'ru',1130,0.1417,126),(45,'ru',1131,0.1417,130),(45,'ru',1132,0.1417,136),(45,'ru',1133,0.1417,137),(45,'ru',1134,0.1417,145),(45,'ru',1135,0.1417,148),(45,'ru',1136,0.1417,149),(45,'ru',1137,0.1417,154),(45,'ru',1138,0.1417,157),(45,'ru',1139,0.1417,160),(45,'ru',1140,0.1417,167),(45,'ru',1141,0.1417,171),(45,'ru',1142,0.1417,172),(45,'ru',1143,0.1417,174),(45,'ru',1144,0.1417,180),(45,'ru',1145,0.1417,192),(45,'ru',1146,0.1417,193),(45,'ru',1147,0.1417,196),(45,'ru',1148,0.2246,203),(45,'ru',1149,0.1417,199),(45,'ru',1150,0.1417,207),(45,'ru',1151,0.1417,209),(46,'ru',11,0.3551,57),(46,'ru',41,0.1529,25),(46,'ru',196,0.1529,138),(46,'ru',207,0.1529,26),(46,'ru',227,0.2424,76),(46,'ru',234,0.1529,4),(46,'ru',235,0.1529,66),(46,'ru',246,0.1529,62),(46,'ru',270,0.1529,124),(46,'ru',287,0.2424,95),(46,'ru',315,0.1529,87),(46,'ru',358,0.1529,77),(46,'ru',373,0.1529,9),(46,'ru',376,0.1529,2),(46,'ru',379,0.2424,74),(46,'ru',381,0.1529,122),(46,'ru',384,0.1529,58),(46,'ru',387,0.1529,94),(46,'ru',394,0.1529,101),(46,'ru',404,0.1529,95),(46,'ru',405,0.1529,42),(46,'ru',409,0.1529,28),(46,'ru',412,0.1529,20),(46,'ru',416,0.1529,40),(46,'ru',417,0.1529,21),(46,'ru',418,0.3058,36.3333),(46,'ru',439,0.1529,74),(46,'ru',441,0.1529,91),(46,'ru',444,0.2424,52),(46,'ru',488,0.1529,97),(46,'ru',561,0.1529,34),(46,'ru',575,0.2424,4),(46,'ru',581,0.3551,44.5),(46,'ru',642,0.1529,96),(46,'ru',655,0.1529,121),(46,'ru',656,0.2424,121),(46,'ru',713,0.1529,50),(46,'ru',814,0.2424,75.5),(46,'ru',859,0.1529,128),(46,'ru',943,0.1529,36),(46,'ru',1130,0.1529,57),(46,'ru',1132,0.1529,76),(46,'ru',1134,0.1529,52),(46,'ru',1152,0.1529,5),(46,'ru',1153,0.1529,6),(46,'ru',1154,0.1529,16),(46,'ru',1155,0.1529,18),(46,'ru',1156,0.1529,22),(46,'ru',1157,0.1529,23),(46,'ru',1158,0.1529,27),(46,'ru',1159,0.1529,29),(46,'ru',1160,0.1529,35),(46,'ru',1161,0.1529,38),(46,'ru',1162,0.1529,41),(46,'ru',1163,0.1529,49),(46,'ru',1164,0.1529,51),(46,'ru',1165,0.1529,55),(46,'ru',1166,0.2424,70.5),(46,'ru',1167,0.1529,60),(46,'ru',1168,0.1529,61),(46,'ru',1169,0.1529,63),(46,'ru',1170,0.1529,65),(46,'ru',1171,0.1529,75),(46,'ru',1172,0.1529,84),(46,'ru',1173,0.1529,88),(46,'ru',1174,0.1529,90),(46,'ru',1175,0.1529,92),(46,'ru',1176,0.1529,98),(46,'ru',1177,0.2424,112.5),(46,'ru',1178,0.1529,109),(46,'ru',1179,0.1529,116),(46,'ru',1180,0.1529,126),(46,'ru',1181,0.1529,139),(46,'ru',1182,0.1529,140),(46,'ru',1183,0.1529,141),(46,'ru',1184,0.1529,142),(47,'ru',7,0.1738,19),(47,'ru',11,0.1738,29),(47,'ru',197,0.2754,32),(47,'ru',246,0.2754,26),(47,'ru',254,0.1738,15),(47,'ru',259,0.1738,47),(47,'ru',272,0.1738,3),(47,'ru',288,0.1738,42),(47,'ru',366,0.1738,2),(47,'ru',376,0.1738,16),(47,'ru',422,0.2754,36),(47,'ru',433,0.2754,49),(47,'ru',434,0.1738,33),(47,'ru',437,0.1738,14),(47,'ru',542,0.1738,13),(47,'ru',646,0.1738,28),(47,'ru',662,0.1738,22),(47,'ru',775,0.1738,64),(47,'ru',946,0.1738,24),(47,'ru',957,0.1738,55),(47,'ru',1185,0.1738,1),(47,'ru',1186,0.1738,4),(47,'ru',1187,0.1738,5),(47,'ru',1188,0.1738,6),(47,'ru',1189,0.1738,7),(47,'ru',1190,0.1738,8),(47,'ru',1191,0.1738,10),(47,'ru',1192,0.1738,17),(47,'ru',1193,0.1738,20),(47,'ru',1194,0.1738,21),(47,'ru',1195,0.1738,23),(47,'ru',1196,0.1738,25),(47,'ru',1197,0.1738,26),(47,'ru',1198,0.1738,30),(47,'ru',1199,0.1738,31),(47,'ru',1200,0.1738,32),(47,'ru',1201,0.1738,36),(47,'ru',1202,0.1738,43),(47,'ru',1203,0.1738,44),(47,'ru',1204,0.1738,45),(47,'ru',1205,0.1738,48),(47,'ru',1206,0.1738,49),(47,'ru',1207,0.1738,50),(47,'ru',1208,0.1738,51),(47,'ru',1209,0.1738,53),(47,'ru',1210,0.1738,54),(47,'ru',1211,0.1738,56),(47,'ru',1212,0.1738,62),(47,'ru',1213,0.1738,65),(47,'ru',1214,0.1738,66),(48,'ru',141,0.1626,24),(48,'ru',143,0.1626,25),(48,'ru',144,0.2577,25),(48,'ru',254,0.3252,43.3333),(48,'ru',260,0.1626,32),(48,'ru',272,0.1626,3),(48,'ru',283,0.1626,45),(48,'ru',288,0.1626,62),(48,'ru',322,0.1626,53),(48,'ru',348,0.1626,28),(48,'ru',437,0.1626,6),(48,'ru',505,0.1626,41),(48,'ru',507,0.1626,13),(48,'ru',523,0.1626,7),(48,'ru',532,0.1626,5),(48,'ru',551,0.2577,46),(48,'ru',555,0.1626,1),(48,'ru',662,0.1626,18),(48,'ru',916,0.1626,44),(48,'ru',932,0.1626,47),(48,'ru',946,0.1626,40),(48,'ru',957,0.1626,67),(48,'ru',1095,0.1626,26),(48,'ru',1131,0.1626,14),(48,'ru',1187,0.1626,15),(48,'ru',1188,0.1626,16),(48,'ru',1194,0.1626,17),(48,'ru',1195,0.1626,19),(48,'ru',1202,0.1626,83),(48,'ru',1204,0.1626,84),(48,'ru',1205,0.1626,55),(48,'ru',1206,0.1626,88),(48,'ru',1207,0.1626,89),(48,'ru',1208,0.1626,90),(48,'ru',1210,0.1626,93),(48,'ru',1211,0.1626,68),(48,'ru',1212,0.1626,74),(48,'ru',1213,0.1626,65),(48,'ru',1214,0.1626,66),(48,'ru',1215,0.3252,31),(48,'ru',1216,0.1626,4),(48,'ru',1217,0.1626,10),(48,'ru',1218,0.2577,23.5),(48,'ru',1219,0.1626,21),(48,'ru',1220,0.2577,21),(48,'ru',1221,0.1626,22),(48,'ru',1222,0.1626,30),(48,'ru',1223,0.1626,31),(48,'ru',1224,0.1626,33),(48,'ru',1225,0.1626,34),(48,'ru',1226,0.1626,49),(48,'ru',1227,0.2577,54),(48,'ru',1228,0.1626,54),(48,'ru',1229,0.1626,63),(48,'ru',1230,0.1626,75),(48,'ru',1231,0.1626,78),(48,'ru',1232,0.1626,80),(48,'ru',1233,0.1626,81),(48,'ru',1234,0.1626,82),(48,'ru',1235,0.1626,85),(48,'ru',1236,0.1626,87),(48,'ru',1237,0.1626,92),(49,'ru',4,0.1626,5),(49,'ru',26,0.1626,32),(49,'ru',36,0.1626,29),(49,'ru',47,0.1626,49),(49,'ru',59,0.1626,25),(49,'ru',211,0.1626,79),(49,'ru',254,0.3776,47.25),(49,'ru',260,0.1626,27),(49,'ru',272,0.1626,6),(49,'ru',288,0.1626,61),(49,'ru',297,0.1626,52),(49,'ru',389,0.3252,23.3333),(49,'ru',437,0.1626,17),(49,'ru',642,0.1626,4),(49,'ru',693,0.2577,53),(49,'ru',776,0.1626,56),(49,'ru',782,0.1626,87),(49,'ru',821,0.1626,31),(49,'ru',826,0.1626,60),(49,'ru',844,0.1626,50),(49,'ru',888,0.1626,55),(49,'ru',939,0.1626,57),(49,'ru',946,0.1626,38),(49,'ru',957,0.1626,99),(49,'ru',1141,0.1626,2),(49,'ru',1186,0.1626,14),(49,'ru',1187,0.1626,15),(49,'ru',1188,0.1626,16),(49,'ru',1202,0.1626,85),(49,'ru',1204,0.2577,92),(49,'ru',1206,0.1626,95),(49,'ru',1211,0.1626,100),(49,'ru',1212,0.1626,106),(49,'ru',1218,0.1626,21),(49,'ru',1230,0.1626,62),(49,'ru',1238,0.2577,10),(49,'ru',1239,0.1626,7),(49,'ru',1240,0.1626,13),(49,'ru',1241,0.1626,20),(49,'ru',1242,0.1626,22),(49,'ru',1243,0.1626,24),(49,'ru',1244,0.1626,26),(49,'ru',1245,0.1626,28),(49,'ru',1246,0.1626,30),(49,'ru',1247,0.1626,41),(49,'ru',1248,0.1626,42),(49,'ru',1249,0.1626,45),(49,'ru',1250,0.1626,46),(49,'ru',1251,0.1626,47),(49,'ru',1252,0.2577,47),(49,'ru',1253,0.1626,51),(49,'ru',1254,0.1626,53),(49,'ru',1255,0.1626,54),(49,'ru',1256,0.1626,59),(49,'ru',1257,0.1626,65),(49,'ru',1258,0.1626,67),(49,'ru',1259,0.1626,68),(49,'ru',1260,0.1626,76),(49,'ru',1261,0.1626,77),(49,'ru',1262,0.1626,78),(49,'ru',1263,0.1626,88),(49,'ru',1264,0.1626,96),(50,'ru',1265,0.3667,5.5),(51,'ru',1266,0.2314,1),(52,'ru',1267,0.2314,1),(52,'ru',1268,0.2314,3),(52,'ru',1269,0.2314,4),(53,'ru',789,0.2314,2),(53,'ru',1018,0.2314,1),(54,'ru',1270,0.2314,1),(55,'ru',1271,0.2314,1),(56,'ru',1272,0.2314,1),(57,'ru',1273,0.2314,1),(57,'ru',1274,0.2314,2),(58,'ru',576,0.3667,3.5),(58,'ru',1275,0.2314,1),(58,'ru',1279,0.2314,4),(59,'ru',576,0.3667,3.5),(59,'ru',1275,0.2314,1),(59,'ru',1279,0.2314,4),(60,'ru',576,0.3667,3.5),(60,'ru',1275,0.2314,1),(60,'ru',1279,0.2314,4),(61,'ru',3,0.2314,2),(61,'ru',186,0.2314,1),(61,'ru',1268,0.2314,3),(61,'ru',1269,0.2314,4),(62,'en',1280,0.2314,1),(62,'en',1281,0.2314,2);
/*!40000 ALTER TABLE `b_search_content_stem` ENABLE KEYS */;
UNLOCK TABLES;

--
-- Table structure for table `b_search_content_text`
--

DROP TABLE IF EXISTS `b_search_content_text`;
/*!40101 SET @saved_cs_client     = @@character_set_client */;
/*!40101 SET character_set_client = utf8 */;
CREATE TABLE `b_search_content_text` (
  `SEARCH_CONTENT_ID` int(11) NOT NULL,
  `SEARCH_CONTENT_MD5` char(32) COLLATE utf8_unicode_ci NOT NULL,
  `SEARCHABLE_CONTENT` longtext COLLATE utf8_unicode_ci,
  PRIMARY KEY (`SEARCH_CONTENT_ID`)
) ENGINE=InnoDB DEFAULT CHARSET=utf8 COLLATE=utf8_unicode_ci;
/*!40101 SET character_set_client = @saved_cs_client */;

--
-- Dumping data for table `b_search_content_text`
--

LOCK TABLES `b_search_content_text` WRITE;
/*!40000 ALTER TABLE `b_search_content_text` DISABLE KEYS */;
INSERT INTO `b_search_content_text` VALUES (1,'f58e028735b5d07233c4a161c9231405','\r\n\r\n'),(2,'be3fe2336ca014ea48484837a6379cf7',' \r\n\r\n'),(3,'43974ce3161b1536a23aab70dfdf083c','\r\n\r\n'),(4,'55171aa121806afa21b564e0af9ed46f','\r\n1992. 								\r \r       .  									     ,  400 2   									 .     .   									   ,       									. 								\r1993. 								\r      700 2,    									\r \r.       									.       ,   									         . 								\r1998. 								\r     - \r \r.    									      ,   , 									  - .      5000 									2. 								\r1999. 								\r \r       									 \r-99\r-      									 .         .   									          . 								\r2000. 								\r    500 .    									     . 								\r2002. 								\r \r         									  ,       . 								\r2003. 								\r    .     . \n   ,      									    . 								\r2004. 								\r         . \n        . \n 									  \r \r . 								\r2005. 								\r      -   									     . \n    									 .      . \n        \r\r2006. 								\r   \r \r - 									  . \n     - 									  . 								\r2007. 								\r   .   -  									    30000 2. \n    									 \r\"  \"\r. 								\r2008. 								\r         \r\r. \n \r  . 								\r2008. 								\r    .    									. \n   \r -  \r     .     									   700002. \n      37  									. \n      .\r\n'),(5,'17e08217818f62561b1d2f0f3a016a1f','  \r\n \r-    							,     \n      							 .        \n  .        							.  \r \r- \n, ,   							  . 						\r  \r  :   .    									     \n   .\r          									.\r          									    \n   .\r      , 									   \n,    .\r \r   .     									  .\r   .       ,  									  \n  .\r  .      									 .\r          									 .\r        									 , \n  ,  ,   									  .\r   .      .\r   .\r          							  . \n \r  							          \n    							   .       . 						\r    \r \r   							 .    \n    							        .\r\n'),(6,'b535d9cb75c64e695d6ebad33b22d99c',' \r\n       1992 .    \r \r               . 						 \r  -     \r           .         .     , , ,    ,        . \r          -    ,     , , ,    . \r           .         .   ,           ,   ,    .        ,         . 						 					\r       .           .        :         . \r    \r   ,               ,         .      18 ,     36 . \r             .       .         .   ,            . \r   -   \r \r           ,       .        ,               . \r                  .  , \r \r        2003           9000           .\r\n'),(7,'c501a4fb29fd5bc92bc4babebf160ed9','\r\n         . 							\r \r    18 .     							  ,          							. 						\r \r       , 							    ,     							,            							  .         							    . 						\r   \r   								\r 3  1964 .\n:     									  .  1994      									      .\n     									  ,    , 									    \r \r. 								\r   \r   								\r 5  1962 .\n:    									  -;     									().\n \r \r   1994 .     									       . 								\r    \r   								\r:      .\n   1  2000 .\r\n'),(8,'d6ae18283686e0f65091531174c8b418','\r\n\r\n'),(9,'3140fa939e82d14de3829b731863cd80','\r\n\r\n'),(10,'9dc81310e5f6940cd74425623ed50b52',' \r\n       1992 .                     .\n             ,       .        ,               .\n \r \r\n'),(11,'626a5d1bd18fcc622fbe4e4e3619a88a','\r\n\r\n'),(12,'d63c4b77cf485102f232c0d0d27f8bc3','\r\n              ( ,         ).\r      ,          .          . \r\r/:\n(495) 212-85-06\r:\n(495) 212-85-07\r(495) 212-85-08\rEMAIL\rINFO@EXAMPLE.RU\r  \rSALES@EXAMPLE.RU\r  \rMARKETING@EXAMPLE.RU\r //PR\r  \r\n'),(13,'7c285f6a61d238a340b43f0ef846a536','  \r\n    .\r   \r\n'),(14,'92742420ff489208277435770b2dba28','  \r\n 20  23  2010   \r  \r      .\r\n\r 20  23  2010   \r  \r      .      160   \r, , , , ,  \r\r\r.      :\"  \", \" \", \"\", \"\"  \"\".        :\r \r \r   \r.\r     :\r   ;\r    ;\r ;\r ;\r     .\r           , ,  ,      .\r      \"\"      .       -.            \"\r \r\".              .\r \r       ,  ,    ,       .              \r \r.\r        12  2010 .\r\n'),(15,'d28b14fc723b19c85e2a5f17daa89898','   SALON DEL MOBILE\r\n 2010   SALON DEL MOBILE       . \r\n 2010   SALON DEL MOBILE       .   SALON DEL MOBILE               VIP-,       .       1 500    . ,         300 000  .       149 871 ..  2010          10- .\r\n'),(16,'6e9c53b4377c8bda27a391c004332b06','   \r\n     .        ,   ,    .               . \r\n\r \r:        \r   RU2277566\r \r        ,   ,    .\r              .     ,    ,    N-  .         . \r         .\r  ,   ,     ,  ,   ,             2542,    -  ,     - 10%-       , ..:\r \r64,5-79,2\r10%-   \r4,4-20,5\r   \r0,6-2,0\r 2542\r13,0-15,8\r\n'),(17,'2efa39d6fa529b12dd51fd7139adec0e',' \r\n,     \r\n'),(18,'2c9244e9e768ea36f0bb298526f21402',' \r\n, , \r\n'),(19,'acd32268f26f878af2a96d753ccbc9c8','  \r\n, ,   \r\n'),(20,'e986498f11e924c98c57e35939cf927f',' \r\n, ,   \r\n'),(21,'f86144adfc89dc75855e25d200a5e333','\r\n    ,    ,     .\r\r\n \r    ,    ,     .\r\n'),(22,'3a7ce138fe31e4cc12b2809a04e0db25','\r\n      .    .\r        .\r\r\n \r      .    .\r        .\r\n'),(23,'df6d1da3eabe6c40954a796579d554cb','\r\n  ,    ,  . \r        .         ,   .\r\r\n \r  ,    ,  . \r        .         ,   .\r\n'),(24,'bc3cb6280475204c00312b331b7c2fa9','\r\n       ,    \r  ,    . \r    .\r\r\n \r       ,    \r  ,    . \r    .\r\n'),(25,'5c32b6f62c6126843cbd44b1a593d952','\r\n  ,     , \r    .\r\r\n \r  ,     , \r    .\r\n'),(26,'7955bfe502463895d32a336f267421a8','\r\n     .        .\r\r\n \r     .        .\r\n'),(27,'00e3040c167611cbe598003e6d5427ae','\r\n,  .  -  ,  , \r      . \r            \r\r\n \r,  .  -  ,  , \r      . \r            \r\n'),(28,'f5e7877d0bc889cce24427c1d1e8d96f','\r\n ,    ,  ,       . \r     ,         .\r\r\n \r ,    ,  ,       . \r     ,         .\r\n'),(29,'13ffbc270cbe931d486a5511fd6da896','\r\n      . \r        .\r\r\n \r      . \r        .\r\n'),(30,'81fb3b3fcb9358b5de6446706e8e132c','\r\n   .      .      ,    .\r\r\n \r   .      .      ,    .\r\n'),(31,'fee2bd8c63d03b8452efa69f751e6fb2','\r\n           ,   . \r          .\r\r\n \r           ,   . \r          .\r\n'),(32,'e980bf84fb99998e698762a99222ea9a','\r\n       , \r      ,     , \r              . \r             . \r      ,          , \r   .\r\r\n \r       , \r      ,     , \r              . \r             . \r      ,          , \r   .\r\n'),(33,'286e9f6fd660a7a29d1c58fd03b7cbfa','\r\n           . \r    -         .\r \r\r       ,     \r   .   , ,       \r    ,          .\r \r\r-             .\r\r\n \r           .     -         .\r \r\r       ,        .   , ,           ,          .\r \r\r-             .\r\n'),(34,'37c339b919a986e466960961039e1d6a','\r\n  ,      ,   ,        ,  -  . -     ,     .\r                    .             ,        .\r\r\n \r  ,      ,   ,        ,  -  . -     ,     .\r                    .             ,        .\r\n'),(35,'cae6ed5ad18b5af81c184a7d384f6dd3','\r\n     ,       . \r    ,        . \r      .  ,       \r   .\r\r\n \r     ,       . \r    ,        . \r      .  ,       \r   .\r\n'),(36,'07e40b7ee85f6e0586e6b7dca7071207','\r\n  \r         \r   .          ,  \r    ,      .\r\r\n \r  \r         \r   .          ,  \r    ,      . \r      .         . \r   -   10   .\r\n'),(37,'eafc4c3a71f8b67e539a59cd7f90eeda','\r\n ,       -     . \r     ,     .\r\r\n \r ,       -     . \r     ,     .\r\n'),(38,'d9c1fcdf56ed763d069672a51edaf886','\r\n          . \r      ,     . \r         .\r\r\n \r <P>          . \r       ,     . \r          .</P>\r\n'),(39,'6b34dc50a2008617635888607e22f36c','\r\n            , \r   ,    .         \r    .\r\r\n \r            , \r   ,    .         \r    .\r\n'),(40,'dde02b9a7017c12f3635df242d7fec2d','\r\n      ,      \r     .          \r.\r\r\n \r      ,      \r     .          \r.\r\n'),(41,'e8afd744f2236f58877667738872c313','\r\n         ,     . \r      -      ,     .     .\r\r\n \r         ,     . \r      -      ,     .     .\r\n'),(42,'fc9d38eebe941fe855bc8731bfa026c1','\r\n           , \r       45  .       \r  ,          .\r\r\n \r           , \r       45  .       \r  ,          .\r\n'),(43,'3485e5d80bb6fbae95a83915c4aca23f','\r\n,           \r  .          \r  .\r\r\n \r,           \r  .          \r  .\r\n'),(44,'53dd08f5b5b2624b7521c7f382c7f9f6',' \r\n            \r     .   ,      \r   -,  ,   .\r\r\n \r            \r     .   ,      \r   -,  ,   .\r\n'),(45,'da430218f51fdea19711a3806fb7a3c4','  \r\n      .\r\n \r         :     ,\r , , ,  ,     .\r          , ,    .\r         ,    ,       \r   .       ,   .\r  ,        ,     ,\r        .      \r  ,    ,  ,    .   \r            .    \r    30%     .      .\r\n'),(46,'6ae9d8e3d86f6edc36947e4e39db948b',' \r\n       .\r\n \r       , ,    , ,    ,          .\r -,      3D-:     ,       .\r     .  ,       ,     ,    .\r   .\r -            .      ,  .\r\n'),(47,'73b0737b640ddf58dcbdd46d5175e414','- ()\r\n\r  ,       ,   /   ,   \r\r    ,  - ,    .\r\r: 13500  + %    +     20000 , .     \r\n'),(48,'fa5c9c5ac99f37b001a1a0421af4b144',' \r\n\r        3                      .\r\r        -       .\r\r     .    5  2 (168 /) :  28000 + %   +     35000 \r\n'),(49,'3187d1b1ae8eb650d8851807a7ab248b','    \r\n\r., 22-45,   ,    ,    ( ), , , ,  ,  .\r\r        -             \r\r  5   ,   . ,  -, 37. :  10 800 . +  40%  ,  . .\r\n'),(50,'e2b74aa2010779d239389bd7ba3b2961','HTTP://TEST.RU/TEST/\r\n\r\n'),(51,'417ffb05d7d46b59aad293882b7aefdd','MANAGER\r\n\r\n'),(52,'224549e5725b8d00f32bd1593a0044a4',' 2\r\nTEXT HERE....\r\n'),(53,'67a29ffd4338d6feabdb94a0e62e6eeb',' \r\n\r\n'),(54,'8ffb74ea4129c8f0808473dc80b9628b','TEST1\r\n\r\n'),(55,'e691d25e2d77d059df7a01af545ba818','TEST2\r\n\r\n'),(56,'7cd915769775a7e303ad744304d7cc2b','TEST3\r\n\r\n'),(57,'2b3a8ae21bfd4397fb1b234db3ed1007','AD MIN\r\n\r\n'),(58,'951e2ca596b080804d4147419685ec2c','  1\r\n \r\n'),(59,'55779fa79a58709d1269745ff6092785','  2\r\n \r\n'),(60,'b09238a15295fc0e26b8bdb2458fcd11','  3\r\n \r\n'),(61,'daa46107a72743da18f1cc3c501275e6',' \r\nTEXT HERE....\r\n'),(62,'f7e8b0217f42ca642b44151dcb7db62e','FURNITURE COMPANY\r\n\r\n');
/*!40000 ALTER TABLE `b_search_content_text` ENABLE KEYS */;
UNLOCK TABLES;

--
-- Table structure for table `b_search_content_title`
--

DROP TABLE IF EXISTS `b_search_content_title`;
/*!40101 SET @saved_cs_client     = @@character_set_client */;
/*!40101 SET character_set_client = utf8 */;
CREATE TABLE `b_search_content_title` (
  `SEARCH_CONTENT_ID` int(11) NOT NULL,
  `SITE_ID` char(2) COLLATE utf8_unicode_ci NOT NULL,
  `POS` int(11) NOT NULL,
  `WORD` varchar(100) COLLATE utf8_unicode_ci NOT NULL,
  UNIQUE KEY `UX_B_SEARCH_CONTENT_TITLE` (`SITE_ID`,`WORD`,`SEARCH_CONTENT_ID`,`POS`),
  KEY `IND_B_SEARCH_CONTENT_TITLE` (`SEARCH_CONTENT_ID`)
) ENGINE=InnoDB DEFAULT CHARSET=utf8 COLLATE=utf8_unicode_ci DELAY_KEY_WRITE=1;
/*!40101 SET character_set_client = @saved_cs_client */;

--
-- Dumping data for table `b_search_content_title`
--

LOCK TABLES `b_search_content_title` WRITE;
/*!40000 ALTER TABLE `b_search_content_title` DISABLE KEYS */;
INSERT INTO `b_search_content_title` VALUES (1,'s1',0,''),(2,'s1',0,''),(2,'s1',6,''),(3,'s1',0,''),(4,'s1',0,''),(5,'s1',1,''),(5,'s1',0,''),(5,'s1',9,''),(6,'s1',2,''),(6,'s1',0,''),(7,'s1',0,''),(8,'s1',0,''),(9,'s1',0,''),(10,'s1',10,''),(10,'s1',0,''),(11,'s1',0,''),(12,'s1',0,''),(13,'s1',0,''),(13,'s1',5,''),(13,'s1',8,''),(14,'s1',16,''),(14,'s1',0,''),(14,'s1',10,''),(14,'s2',16,''),(14,'s2',0,''),(14,'s2',10,''),(15,'s1',39,'DEL'),(15,'s1',43,'MOBILE'),(15,'s1',33,'SALON'),(15,'s1',24,''),(15,'s1',14,''),(15,'s1',0,''),(15,'s2',39,'DEL'),(15,'s2',43,'MOBILE'),(15,'s2',33,'SALON'),(15,'s2',24,''),(15,'s2',14,''),(15,'s2',0,''),(16,'s1',17,''),(16,'s1',0,''),(16,'s1',9,''),(16,'s1',29,''),(16,'s2',17,''),(16,'s2',0,''),(16,'s2',9,''),(16,'s2',29,''),(17,'s1',7,''),(17,'s1',0,''),(18,'s1',8,''),(18,'s1',0,''),(19,'s1',7,''),(19,'s1',11,''),(19,'s1',0,''),(20,'s1',0,''),(20,'s1',8,''),(21,'s1',0,''),(22,'s1',0,''),(23,'s1',0,''),(24,'s1',0,''),(25,'s1',0,''),(26,'s1',0,''),(27,'s1',0,''),(28,'s1',0,''),(29,'s1',0,''),(30,'s1',0,''),(31,'s1',0,''),(32,'s1',0,''),(33,'s1',0,''),(34,'s1',0,''),(35,'s1',0,''),(36,'s1',0,''),(37,'s1',0,''),(38,'s1',0,''),(39,'s1',0,''),(40,'s1',0,''),(41,'s1',0,''),(42,'s1',0,''),(43,'s1',0,''),(44,'s1',0,''),(44,'s1',9,''),(45,'s1',10,''),(45,'s1',0,''),(45,'s1',7,''),(46,'s1',7,''),(46,'s1',0,''),(47,'s1',19,''),(47,'s1',0,'-'),(48,'s1',0,''),(48,'s1',9,''),(49,'s1',0,''),(49,'s1',23,''),(49,'s1',10,''),(49,'s1',31,''),(49,'s1',17,''),(50,'s1',0,'HTTP'),(50,'s1',12,'RU'),(50,'s1',7,'TEST'),(51,'s1',0,'MANAGER'),(52,'s1',9,'2'),(52,'s1',0,''),(53,'s1',8,''),(53,'s1',0,''),(54,'s1',0,'TEST1'),(55,'s1',0,'TEST2'),(56,'s1',0,'TEST3'),(57,'s1',0,'AD'),(57,'s1',3,'MIN'),(58,'s1',18,'1'),(58,'s1',9,''),(58,'s1',0,''),(59,'s1',18,'2'),(59,'s1',9,''),(59,'s1',0,''),(60,'s1',18,'3'),(60,'s1',9,''),(60,'s1',0,''),(61,'s1',0,''),(61,'s1',7,''),(62,'s2',10,'COMPANY'),(62,'s2',0,'FURNITURE');
/*!40000 ALTER TABLE `b_search_content_title` ENABLE KEYS */;
UNLOCK TABLES;

--
-- Table structure for table `b_search_custom_rank`
--

DROP TABLE IF EXISTS `b_search_custom_rank`;
/*!40101 SET @saved_cs_client     = @@character_set_client */;
/*!40101 SET character_set_client = utf8 */;
CREATE TABLE `b_search_custom_rank` (
  `ID` int(11) NOT NULL AUTO_INCREMENT,
  `APPLIED` char(1) COLLATE utf8_unicode_ci NOT NULL DEFAULT 'N',
  `RANK` int(11) NOT NULL DEFAULT '0',
  `SITE_ID` char(2) COLLATE utf8_unicode_ci NOT NULL,
  `MODULE_ID` varchar(200) COLLATE utf8_unicode_ci NOT NULL,
  `PARAM1` text COLLATE utf8_unicode_ci,
  `PARAM2` text COLLATE utf8_unicode_ci,
  `ITEM_ID` varchar(255) COLLATE utf8_unicode_ci DEFAULT NULL,
  PRIMARY KEY (`ID`),
  KEY `IND_B_SEARCH_CUSTOM_RANK` (`SITE_ID`,`MODULE_ID`)
) ENGINE=InnoDB DEFAULT CHARSET=utf8 COLLATE=utf8_unicode_ci;
/*!40101 SET character_set_client = @saved_cs_client */;

--
-- Dumping data for table `b_search_custom_rank`
--

LOCK TABLES `b_search_custom_rank` WRITE;
/*!40000 ALTER TABLE `b_search_custom_rank` DISABLE KEYS */;
/*!40000 ALTER TABLE `b_search_custom_rank` ENABLE KEYS */;
UNLOCK TABLES;

--
-- Table structure for table `b_search_phrase`
--

DROP TABLE IF EXISTS `b_search_phrase`;
/*!40101 SET @saved_cs_client     = @@character_set_client */;
/*!40101 SET character_set_client = utf8 */;
CREATE TABLE `b_search_phrase` (
  `ID` int(18) NOT NULL AUTO_INCREMENT,
  `TIMESTAMP_X` datetime NOT NULL,
  `SITE_ID` char(2) COLLATE utf8_unicode_ci NOT NULL,
  `RESULT_COUNT` int(11) NOT NULL,
  `PAGES` int(11) NOT NULL,
  `SESSION_ID` varchar(32) COLLATE utf8_unicode_ci NOT NULL,
  `PHRASE` varchar(250) COLLATE utf8_unicode_ci DEFAULT NULL,
  `TAGS` varchar(250) COLLATE utf8_unicode_ci DEFAULT NULL,
  `URL_TO` text COLLATE utf8_unicode_ci,
  `URL_TO_404` char(1) COLLATE utf8_unicode_ci DEFAULT NULL,
  `URL_TO_SITE_ID` char(2) COLLATE utf8_unicode_ci DEFAULT NULL,
  `STAT_SESS_ID` int(18) DEFAULT NULL,
  `EVENT1` varchar(50) COLLATE utf8_unicode_ci DEFAULT NULL,
  PRIMARY KEY (`ID`),
  KEY `IND_PK_B_SEARCH_PHRASE_SESS_PH` (`SESSION_ID`,`PHRASE`(50)),
  KEY `IND_PK_B_SEARCH_PHRASE_SESS_TG` (`SESSION_ID`,`TAGS`(50)),
  KEY `IND_PK_B_SEARCH_PHRASE_TIME` (`TIMESTAMP_X`)
) ENGINE=InnoDB DEFAULT CHARSET=utf8 COLLATE=utf8_unicode_ci;
/*!40101 SET character_set_client = @saved_cs_client */;

--
-- Dumping data for table `b_search_phrase`
--

LOCK TABLES `b_search_phrase` WRITE;
/*!40000 ALTER TABLE `b_search_phrase` DISABLE KEYS */;
/*!40000 ALTER TABLE `b_search_phrase` ENABLE KEYS */;
UNLOCK TABLES;

--
-- Table structure for table `b_search_stem`
--

DROP TABLE IF EXISTS `b_search_stem`;
/*!40101 SET @saved_cs_client     = @@character_set_client */;
/*!40101 SET character_set_client = utf8 */;
CREATE TABLE `b_search_stem` (
  `ID` int(11) NOT NULL AUTO_INCREMENT,
  `STEM` varchar(50) CHARACTER SET utf8 COLLATE utf8_bin NOT NULL,
  PRIMARY KEY (`ID`),
  UNIQUE KEY `UX_B_SEARCH_STEM` (`STEM`)
) ENGINE=InnoDB AUTO_INCREMENT=1282 DEFAULT CHARSET=utf8 COLLATE=utf8_unicode_ci;
/*!40101 SET character_set_client = @saved_cs_client */;

--
-- Dumping data for table `b_search_stem`
--

LOCK TABLES `b_search_stem` WRITE;
/*!40000 ALTER TABLE `b_search_stem` DISABLE KEYS */;
INSERT INTO `b_search_stem` VALUES (783,'-'),(796,'0-15'),(716,'000'),(782,'10'),(723,'10-'),(697,'12'),(795,'13'),(1203,'13500'),(718,'149'),(626,'160'),(1232,'168'),(455,'18'),(560,'1962'),(531,'1964'),(344,'1992'),(6,'1992'),(38,'1993'),(540,'1994'),(65,'1998'),(81,'1999'),(614,'20'),(573,'2000'),(1209,'20000'),(102,'2000'),(110,'2002'),(499,'2003'),(124,'2003'),(145,'2004'),(157,'2005'),(175,'2006'),(185,'2007'),(195,'2008'),(617,'2010'),(595,'212-85-06'),(596,'212-85-07'),(597,'212-85-08'),(1240,'22-45'),(615,'23'),(781,'2542'),(1235,'28000'),(1147,'30'),(715,'300'),(191,'30000'),(1237,'35000'),(458,'36'),(211,'37'),(1165,'3D-'),(793,'4-20'),(1264,'40'),(21,'400'),(1093,'45'),(594,'495'),(792,'5-79'),(105,'500'),(80,'5000'),(794,'6-2'),(791,'64'),(43,'700'),(210,'700002'),(1263,'800'),(719,'871'),(503,'9000'),(1273,'AD'),(1281,'COMPANI'),(699,'DEL'),(598,'EMAIL'),(600,'EXAMPLE'),(1280,'FURNITUR'),(1269,'HERE'),(599,'INFO'),(1266,'MANAGER'),(603,'MARKETING'),(1274,'MIN'),(700,'MOBILE'),(765,'N-'),(1276,'NO1'),(1277,'NO2'),(1278,'NO3'),(606,'PR'),(755,'RU2277566'),(601,'SALES'),(698,'SALON'),(1265,'TEST'),(1270,'TEST1'),(1271,'TEST2'),(1272,'TEST3'),(1268,'TEXT'),(705,'VIP-'),(704,'VIP-'),(995,''),(534,''),(627,''),(744,''),(609,''),(1183,''),(647,''),(1259,''),(769,''),(764,''),(656,''),(655,''),(1225,''),(863,''),(557,''),(768,''),(751,''),(752,''),(858,''),(568,''),(616,''),(18,''),(515,''),(860,''),(500,''),(1105,''),(48,''),(1243,''),(1098,''),(1097,''),(275,''),(613,''),(436,''),(1113,''),(194,''),(924,''),(923,''),(922,''),(294,''),(100,''),(1003,''),(813,''),(816,''),(55,''),(240,''),(1261,''),(589,''),(387,''),(403,''),(1051,''),(1238,''),(1242,''),(36,''),(619,''),(337,''),(574,''),(1066,''),(370,''),(418,''),(417,''),(1122,''),(39,''),(1017,''),(1250,''),(116,''),(992,''),(473,''),(610,''),(139,''),(253,''),(252,''),(323,''),(842,''),(527,''),(31,''),(706,''),(773,''),(569,''),(360,''),(1008,''),(305,''),(1043,''),(841,''),(1069,''),(1145,''),(726,''),(548,''),(227,''),(963,''),(466,''),(465,''),(971,''),(909,''),(341,''),(977,''),(66,''),(536,''),(970,'-'),(111,''),(688,''),(926,''),(830,''),(1103,''),(345,''),(929,''),(1028,''),(710,''),(247,''),(291,''),(301,''),(588,''),(1109,''),(186,''),(607,''),(552,''),(931,''),(406,''),(831,''),(404,''),(164,''),(423,''),(322,''),(938,''),(165,''),(61,''),(818,''),(221,''),(315,''),(464,''),(972,''),(306,''),(475,''),(664,''),(85,''),(1216,''),(1027,''),(90,''),(454,''),(1111,''),(554,''),(806,''),(238,''),(293,''),(1011,''),(352,''),(976,''),(89,''),(459,''),(740,''),(877,''),(368,''),(537,''),(642,''),(443,''),(721,''),(1230,''),(553,''),(115,''),(1086,''),(27,''),(990,''),(638,''),(892,''),(814,''),(1179,''),(327,''),(1071,''),(662,''),(649,''),(354,''),(885,''),(884,''),(24,''),(856,''),(112,''),(644,''),(394,''),(367,''),(986,''),(551,''),(879,''),(1154,''),(797,''),(373,''),(380,'-'),(376,''),(907,''),(142,''),(216,''),(82,''),(555,''),(1257,''),(331,''),(255,''),(1062,''),(317,''),(144,''),(143,''),(1248,''),(480,''),(1104,''),(232,''),(945,''),(359,''),(1061,''),(635,''),(776,''),(583,''),(424,''),(772,''),(843,''),(224,''),(1010,''),(1208,''),(1048,''),(489,''),(989,''),(109,''),(86,'-99'),(747,''),(250,''),(490,''),(876,''),(156,''),(997,''),(325,''),(821,''),(1083,''),(1239,''),(852,''),(405,''),(229,''),(1252,'-'),(1251,'-'),(286,''),(462,''),(146,''),(71,''),(163,''),(582,''),(242,''),(422,''),(1149,''),(1201,''),(245,''),(93,''),(108,''),(141,''),(1223,''),(533,''),(329,''),(378,''),(566,''),(1108,''),(1181,''),(202,''),(29,''),(608,''),(1202,''),(101,''),(519,''),(521,''),(309,''),(961,''),(276,''),(342,''),(708,''),(696,''),(648,''),(1038,''),(1080,''),(1218,''),(936,''),(62,''),(820,''),(943,''),(513,''),(512,''),(474,''),(1118,''),(1163,'-'),(861,''),(448,''),(365,''),(10,''),(488,''),(1166,''),(729,''),(1100,''),(817,''),(979,''),(807,''),(217,''),(421,''),(196,''),(562,'-'),(1224,''),(539,''),(223,''),(319,''),(701,''),(381,''),(958,''),(453,''),(502,''),(1052,''),(888,''),(953,''),(438,''),(735,''),(493,''),(5,''),(559,''),(966,''),(226,''),(780,''),(761,''),(808,''),(2,''),(947,''),(1060,''),(60,''),(720,''),(316,''),(506,''),(770,''),(857,''),(759,''),(728,''),(732,''),(246,''),(1197,''),(862,''),(526,''),(525,''),(937,''),(103,''),(1184,''),(1158,''),(882,''),(898,''),(1245,''),(371,''),(1115,''),(1090,''),(8,''),(452,''),(170,''),(738,''),(789,''),(788,''),(911,''),(1041,''),(439,''),(198,''),(864,''),(410,''),(928,''),(686,''),(927,''),(672,''),(1192,''),(1117,''),(579,''),(1196,''),(577,''),(1279,''),(96,''),(95,''),(430,''),(896,''),(133,''),(1106,'-'),(159,''),(550,''),(148,''),(351,''),(189,''),(284,''),(137,''),(980,''),(1033,''),(798,''),(846,''),(805,''),(497,''),(1012,''),(350,''),(1110,''),(366,''),(646,''),(495,''),(628,''),(891,''),(1015,''),(1094,''),(507,''),(855,''),(122,''),(121,''),(510,''),(161,''),(629,''),(259,''),(1053,''),(113,''),(1021,''),(22,'2'),(1215,''),(69,'-'),(183,'-'),(182,'-'),(1119,''),(544,''),(347,''),(604,''),(692,''),(790,''),(941,''),(1050,''),(865,''),(484,''),(666,'-'),(19,''),(304,''),(668,''),(130,''),(129,''),(128,''),(297,''),(11,''),(7,''),(174,''),(84,''),(393,''),(501,''),(285,''),(605,''),(1234,''),(290,''),(457,''),(456,''),(1088,''),(1220,''),(1219,''),(874,''),(750,''),(749,''),(479,''),(969,''),(825,''),(633,''),(711,''),(91,''),(214,''),(748,''),(415,''),(742,''),(440,''),(680,''),(358,''),(1133,''),(902,''),(46,''),(778,''),(584,''),(833,''),(34,''),(468,''),(432,''),(815,''),(1129,''),(296,''),(75,''),(241,''),(1249,''),(908,''),(173,''),(913,''),(1189,''),(401,''),(236,''),(419,''),(921,''),(940,''),(1140,''),(883,''),(482,''),(517,''),(355,''),(516,''),(673,''),(463,''),(547,''),(104,''),(1172,''),(166,''),(889,''),(565,''),(9,''),(974,''),(320,''),(1258,''),(1039,''),(1139,''),(835,''),(914,''),(869,''),(1072,''),(847,''),(364,''),(1136,''),(827,''),(374,''),(177,''),(828,''),(1082,''),(41,''),(178,''),(906,''),(650,''),(576,''),(1004,''),(999,''),(487,''),(273,''),(391,''),(390,''),(1045,''),(363,''),(295,''),(268,''),(669,''),(811,''),(652,''),(730,''),(910,''),(200,''),(1236,''),(57,''),(1138,''),(1180,''),(532,''),(677,''),(676,''),(578,''),(1014,''),(975,''),(228,''),(942,''),(1246,''),(300,''),(187,''),(1195,''),(471,''),(64,''),(399,''),(946,''),(324,''),(1128,''),(1144,''),(1031,''),(23,''),(244,''),(1026,''),(1204,''),(277,''),(437,''),(998,''),(756,''),(1151,''),(243,''),(412,''),(933,''),(983,''),(694,''),(930,''),(235,''),(308,''),(451,''),(1131,''),(916,''),(123,''),(935,''),(1064,''),(1174,''),(840,''),(409,''),(1000,''),(895,''),(147,''),(894,''),(332,''),(903,''),(372,''),(1036,''),(1198,''),(1150,''),(339,''),(429,''),(743,''),(592,''),(260,''),(1141,''),(1157,''),(169,''),(67,''),(171,''),(154,''),(1095,''),(321,''),(140,''),(1120,''),(620,''),(693,''),(1227,''),(1254,''),(14,''),(634,''),(800,''),(13,''),(87,''),(433,''),(449,''),(965,''),(1212,''),(1057,''),(1056,''),(1042,''),(1032,''),(135,''),(134,''),(204,''),(753,''),(15,''),(1247,''),(682,''),(962,''),(949,''),(218,''),(1130,''),(435,''),(1161,''),(1156,''),(1159,''),(54,''),(932,''),(233,''),(558,''),(1188,''),(1009,''),(1228,''),(1084,''),(1102,''),(1114,''),(899,''),(20,''),(1034,''),(58,''),(262,''),(709,''),(1170,''),(1177,''),(660,''),(543,''),(691,''),(522,''),(853,''),(824,''),(848,''),(76,''),(382,''),(1096,''),(1073,''),(1255,''),(326,''),(420,''),(1125,''),(33,''),(441,''),(854,''),(511,''),(678,''),(1,''),(667,''),(470,''),(580,''),(1001,''),(538,''),(279,''),(803,''),(957,''),(212,''),(504,''),(731,''),(1187,''),(630,''),(379,''),(657,''),(385,''),(1013,''),(591,''),(832,''),(336,''),(258,''),(1023,''),(1101,''),(901,''),(900,''),(714,''),(695,''),(1127,''),(265,''),(398,''),(97,''),(239,''),(53,''),(263,''),(1135,''),(1029,''),(249,''),(956,''),(849,''),(587,''),(1262,'-'),(248,''),(274,''),(934,''),(683,''),(472,''),(1164,''),(1168,''),(234,''),(684,''),(645,''),(739,''),(1146,''),(414,''),(225,''),(712,''),(49,''),(1175,''),(150,''),(643,''),(400,''),(967,''),(687,''),(1085,''),(1206,''),(968,'-'),(1155,''),(741,''),(886,''),(83,''),(267,''),(330,''),(1241,''),(1068,''),(982,''),(312,''),(925,''),(868,''),(1121,''),(434,''),(88,''),(478,''),(766,''),(340,''),(839,''),(623,''),(637,''),(206,''),(158,''),(602,''),(1077,''),(944,''),(955,''),(125,''),(1112,''),(779,''),(132,''),(713,''),(681,''),(722,''),(542,''),(1185,'-'),(1205,''),(402,''),(199,''),(4,''),(197,''),(450,''),(1200,''),(1123,''),(377,''),(442,''),(1030,''),(271,''),(114,''),(307,''),(188,'-'),(16,''),(47,''),(988,''),(737,''),(392,''),(1018,''),(822,''),(231,''),(757,''),(303,''),(491,''),(483,''),(799,''),(725,''),(460,''),(541,''),(346,''),(897,''),(261,''),(632,''),(357,''),(254,''),(26,''),(257,''),(256,''),(1037,''),(230,''),(590,''),(570,''),(724,''),(179,''),(32,''),(746,''),(745,''),(416,''),(375,''),(717,''),(408,''),(661,''),(356,''),(581,''),(663,''),(878,''),(1137,''),(162,''),(819,''),(17,''),(386,''),(413,''),(1176,''),(1178,''),(35,''),(784,''),(446,''),(444,''),(1134,''),(149,''),(658,''),(514,''),(556,''),(952,''),(72,''),(155,''),(335,''),(1162,''),(136,''),(266,''),(671,''),(771,''),(207,''),(567,''),(529,''),(1217,''),(180,''),(872,''),(810,''),(809,''),(79,''),(151,''),(334,''),(1210,''),(153,''),(1191,''),(826,''),(505,''),(523,''),(481,''),(1214,''),(152,''),(92,''),(94,''),(707,''),(3,''),(118,''),(117,''),(1244,''),(292,''),(176,'-'),(427,''),(915,''),(282,''),(625,''),(1143,''),(518,''),(411,''),(447,''),(78,'-'),(205,''),(353,''),(641,''),(640,''),(665,''),(530,''),(905,''),(563,''),(496,''),(492,''),(181,''),(73,''),(1054,''),(1081,''),(996,''),(774,''),(251,''),(281,''),(299,''),(1002,''),(1099,''),(127,''),(1075,''),(208,''),(890,''),(786,''),(1091,''),(1116,''),(1006,''),(397,''),(762,''),(675,''),(99,''),(310,''),(445,''),(318,''),(219,''),(960,''),(45,''),(524,''),(56,''),(280,''),(1025,''),(1016,''),(395,''),(1207,''),(959,''),(775,''),(1022,''),(333,''),(777,''),(727,''),(388,''),(287,''),(920,''),(1065,''),(270,''),(787,''),(763,''),(734,''),(209,''),(190,''),(733,''),(618,''),(760,''),(107,''),(106,''),(893,''),(508,''),(991,''),(1211,''),(338,''),(912,''),(917,''),(703,''),(369,''),(1153,''),(494,''),(314,''),(313,''),(561,''),(823,''),(1005,''),(1067,''),(278,''),(545,''),(30,''),(426,''),(44,''),(50,''),(476,''),(25,''),(674,''),(469,''),(670,''),(520,''),(859,''),(994,''),(829,''),(964,''),(801,''),(981,''),(486,''),(98,''),(611,''),(215,''),(362,''),(636,''),(269,''),(736,''),(126,''),(867,''),(802,''),(1059,''),(1148,''),(343,''),(1193,''),(1173,''),(844,''),(1078,''),(546,''),(119,''),(887,''),(851,''),(396,''),(621,''),(585,''),(361,''),(639,''),(37,''),(679,''),(1079,''),(184,''),(1275,''),(1040,''),(571,''),(192,''),(237,''),(702,''),(1213,''),(653,''),(498,''),(834,''),(1055,''),(348,''),(425,''),(383,''),(52,''),(1142,''),(875,''),(272,''),(328,''),(203,''),(1132,''),(1019,''),(289,''),(1222,''),(1229,''),(951,''),(213,''),(63,''),(264,''),(1186,''),(685,''),(160,''),(918,''),(978,''),(1089,''),(1007,''),(298,''),(1256,''),(201,''),(631,''),(881,''),(138,''),(987,''),(1058,''),(572,''),(954,''),(1221,''),(1020,''),(549,''),(509,''),(74,''),(59,''),(302,''),(288,''),(575,''),(477,''),(193,''),(837,''),(873,''),(428,''),(984,''),(985,''),(624,''),(690,''),(689,''),(461,''),(389,''),(1124,''),(1063,''),(1044,''),(172,''),(1074,''),(593,''),(1167,''),(535,''),(754,''),(528,''),(1035,''),(131,''),(1226,'-'),(349,''),(68,''),(880,''),(564,''),(1070,''),(168,''),(1253,''),(612,''),(939,''),(1160,''),(651,''),(485,''),(904,''),(1076,''),(767,''),(51,''),(1107,''),(1092,''),(838,''),(845,''),(1199,'-'),(384,''),(1171,''),(919,''),(222,''),(1049,''),(311,''),(42,''),(1233,''),(28,''),(1231,''),(1190,''),(1024,''),(973,''),(120,''),(1047,''),(836,''),(70,''),(870,''),(1260,''),(1152,''),(950,''),(12,''),(167,''),(785,''),(1267,''),(1046,''),(1182,''),(1169,''),(40,''),(993,''),(622,''),(659,''),(871,''),(586,''),(407,''),(654,''),(866,''),(467,''),(1087,''),(850,''),(948,''),(1126,''),(431,''),(1194,''),(283,''),(77,''),(758,''),(812,''),(220,''),(804,'');
/*!40000 ALTER TABLE `b_search_stem` ENABLE KEYS */;
UNLOCK TABLES;

--
-- Table structure for table `b_search_suggest`
--

DROP TABLE IF EXISTS `b_search_suggest`;
/*!40101 SET @saved_cs_client     = @@character_set_client */;
/*!40101 SET character_set_client = utf8 */;
CREATE TABLE `b_search_suggest` (
  `ID` int(11) NOT NULL AUTO_INCREMENT,
  `SITE_ID` char(2) COLLATE utf8_unicode_ci NOT NULL,
  `FILTER_MD5` varchar(32) COLLATE utf8_unicode_ci NOT NULL,
  `PHRASE` varchar(250) COLLATE utf8_unicode_ci NOT NULL,
  `RATE` float NOT NULL,
  `TIMESTAMP_X` datetime NOT NULL,
  `RESULT_COUNT` int(11) NOT NULL,
  PRIMARY KEY (`ID`),
  KEY `IND_B_SEARCH_SUGGEST` (`FILTER_MD5`,`PHRASE`(50),`RATE`),
  KEY `IND_B_SEARCH_SUGGEST_PHRASE` (`PHRASE`(50),`RATE`),
  KEY `IND_B_SEARCH_SUGGEST_TIME` (`TIMESTAMP_X`)
) ENGINE=InnoDB DEFAULT CHARSET=utf8 COLLATE=utf8_unicode_ci;
/*!40101 SET character_set_client = @saved_cs_client */;

--
-- Dumping data for table `b_search_suggest`
--

LOCK TABLES `b_search_suggest` WRITE;
/*!40000 ALTER TABLE `b_search_suggest` DISABLE KEYS */;
/*!40000 ALTER TABLE `b_search_suggest` ENABLE KEYS */;
UNLOCK TABLES;

--
-- Table structure for table `b_search_tags`
--

DROP TABLE IF EXISTS `b_search_tags`;
/*!40101 SET @saved_cs_client     = @@character_set_client */;
/*!40101 SET character_set_client = utf8 */;
CREATE TABLE `b_search_tags` (
  `SEARCH_CONTENT_ID` int(11) NOT NULL,
  `SITE_ID` char(2) COLLATE utf8_unicode_ci NOT NULL,
  `NAME` varchar(255) CHARACTER SET utf8 COLLATE utf8_bin NOT NULL,
  PRIMARY KEY (`SEARCH_CONTENT_ID`,`SITE_ID`,`NAME`),
  KEY `IX_B_SEARCH_TAGS_0` (`NAME`)
) ENGINE=InnoDB DEFAULT CHARSET=utf8 COLLATE=utf8_unicode_ci DELAY_KEY_WRITE=1;
/*!40101 SET character_set_client = @saved_cs_client */;

--
-- Dumping data for table `b_search_tags`
--

LOCK TABLES `b_search_tags` WRITE;
/*!40000 ALTER TABLE `b_search_tags` DISABLE KEYS */;
/*!40000 ALTER TABLE `b_search_tags` ENABLE KEYS */;
UNLOCK TABLES;

--
-- Table structure for table `b_search_user_right`
--

DROP TABLE IF EXISTS `b_search_user_right`;
/*!40101 SET @saved_cs_client     = @@character_set_client */;
/*!40101 SET character_set_client = utf8 */;
CREATE TABLE `b_search_user_right` (
  `USER_ID` int(11) NOT NULL,
  `GROUP_CODE` varchar(100) COLLATE utf8_unicode_ci NOT NULL,
  UNIQUE KEY `UX_B_SEARCH_USER_RIGHT` (`USER_ID`,`GROUP_CODE`)
) ENGINE=InnoDB DEFAULT CHARSET=utf8 COLLATE=utf8_unicode_ci;
/*!40101 SET character_set_client = @saved_cs_client */;

--
-- Dumping data for table `b_search_user_right`
--

LOCK TABLES `b_search_user_right` WRITE;
/*!40000 ALTER TABLE `b_search_user_right` DISABLE KEYS */;
/*!40000 ALTER TABLE `b_search_user_right` ENABLE KEYS */;
UNLOCK TABLES;

--
-- Table structure for table `b_sec_filter_mask`
--

DROP TABLE IF EXISTS `b_sec_filter_mask`;
/*!40101 SET @saved_cs_client     = @@character_set_client */;
/*!40101 SET character_set_client = utf8 */;
CREATE TABLE `b_sec_filter_mask` (
  `ID` int(11) NOT NULL AUTO_INCREMENT,
  `SORT` int(11) NOT NULL DEFAULT '10',
  `SITE_ID` char(2) COLLATE utf8_unicode_ci DEFAULT NULL,
  `FILTER_MASK` varchar(250) COLLATE utf8_unicode_ci DEFAULT NULL,
  `LIKE_MASK` varchar(250) COLLATE utf8_unicode_ci DEFAULT NULL,
  `PREG_MASK` varchar(250) COLLATE utf8_unicode_ci DEFAULT NULL,
  PRIMARY KEY (`ID`)
) ENGINE=InnoDB DEFAULT CHARSET=utf8 COLLATE=utf8_unicode_ci;
/*!40101 SET character_set_client = @saved_cs_client */;

--
-- Dumping data for table `b_sec_filter_mask`
--

LOCK TABLES `b_sec_filter_mask` WRITE;
/*!40000 ALTER TABLE `b_sec_filter_mask` DISABLE KEYS */;
/*!40000 ALTER TABLE `b_sec_filter_mask` ENABLE KEYS */;
UNLOCK TABLES;

--
-- Table structure for table `b_sec_frame_mask`
--

DROP TABLE IF EXISTS `b_sec_frame_mask`;
/*!40101 SET @saved_cs_client     = @@character_set_client */;
/*!40101 SET character_set_client = utf8 */;
CREATE TABLE `b_sec_frame_mask` (
  `ID` int(11) NOT NULL AUTO_INCREMENT,
  `SORT` int(11) NOT NULL DEFAULT '10',
  `SITE_ID` char(2) COLLATE utf8_unicode_ci DEFAULT NULL,
  `FRAME_MASK` varchar(250) COLLATE utf8_unicode_ci DEFAULT NULL,
  `LIKE_MASK` varchar(250) COLLATE utf8_unicode_ci DEFAULT NULL,
  `PREG_MASK` varchar(250) COLLATE utf8_unicode_ci DEFAULT NULL,
  PRIMARY KEY (`ID`)
) ENGINE=InnoDB DEFAULT CHARSET=utf8 COLLATE=utf8_unicode_ci;
/*!40101 SET character_set_client = @saved_cs_client */;

--
-- Dumping data for table `b_sec_frame_mask`
--

LOCK TABLES `b_sec_frame_mask` WRITE;
/*!40000 ALTER TABLE `b_sec_frame_mask` DISABLE KEYS */;
/*!40000 ALTER TABLE `b_sec_frame_mask` ENABLE KEYS */;
UNLOCK TABLES;

--
-- Table structure for table `b_sec_iprule`
--

DROP TABLE IF EXISTS `b_sec_iprule`;
/*!40101 SET @saved_cs_client     = @@character_set_client */;
/*!40101 SET character_set_client = utf8 */;
CREATE TABLE `b_sec_iprule` (
  `ID` int(11) NOT NULL AUTO_INCREMENT,
  `RULE_TYPE` char(1) COLLATE utf8_unicode_ci NOT NULL DEFAULT 'M',
  `ACTIVE` char(1) COLLATE utf8_unicode_ci NOT NULL DEFAULT 'Y',
  `ADMIN_SECTION` char(1) COLLATE utf8_unicode_ci NOT NULL DEFAULT 'Y',
  `SITE_ID` char(2) COLLATE utf8_unicode_ci DEFAULT NULL,
  `SORT` int(11) NOT NULL DEFAULT '500',
  `ACTIVE_FROM` datetime DEFAULT NULL,
  `ACTIVE_FROM_TIMESTAMP` int(11) DEFAULT NULL,
  `ACTIVE_TO` datetime DEFAULT NULL,
  `ACTIVE_TO_TIMESTAMP` int(11) DEFAULT NULL,
  `NAME` varchar(250) COLLATE utf8_unicode_ci DEFAULT NULL,
  PRIMARY KEY (`ID`),
  KEY `ix_b_sec_iprule_active_to` (`ACTIVE_TO`)
) ENGINE=InnoDB DEFAULT CHARSET=utf8 COLLATE=utf8_unicode_ci;
/*!40101 SET character_set_client = @saved_cs_client */;

--
-- Dumping data for table `b_sec_iprule`
--

LOCK TABLES `b_sec_iprule` WRITE;
/*!40000 ALTER TABLE `b_sec_iprule` DISABLE KEYS */;
/*!40000 ALTER TABLE `b_sec_iprule` ENABLE KEYS */;
UNLOCK TABLES;

--
-- Table structure for table `b_sec_iprule_excl_ip`
--

DROP TABLE IF EXISTS `b_sec_iprule_excl_ip`;
/*!40101 SET @saved_cs_client     = @@character_set_client */;
/*!40101 SET character_set_client = utf8 */;
CREATE TABLE `b_sec_iprule_excl_ip` (
  `IPRULE_ID` int(11) NOT NULL,
  `RULE_IP` varchar(50) COLLATE utf8_unicode_ci NOT NULL,
  `SORT` int(11) NOT NULL DEFAULT '500',
  `IP_START` bigint(18) DEFAULT NULL,
  `IP_END` bigint(18) DEFAULT NULL,
  PRIMARY KEY (`IPRULE_ID`,`RULE_IP`)
) ENGINE=InnoDB DEFAULT CHARSET=utf8 COLLATE=utf8_unicode_ci;
/*!40101 SET character_set_client = @saved_cs_client */;

--
-- Dumping data for table `b_sec_iprule_excl_ip`
--

LOCK TABLES `b_sec_iprule_excl_ip` WRITE;
/*!40000 ALTER TABLE `b_sec_iprule_excl_ip` DISABLE KEYS */;
/*!40000 ALTER TABLE `b_sec_iprule_excl_ip` ENABLE KEYS */;
UNLOCK TABLES;

--
-- Table structure for table `b_sec_iprule_excl_mask`
--

DROP TABLE IF EXISTS `b_sec_iprule_excl_mask`;
/*!40101 SET @saved_cs_client     = @@character_set_client */;
/*!40101 SET character_set_client = utf8 */;
CREATE TABLE `b_sec_iprule_excl_mask` (
  `IPRULE_ID` int(11) NOT NULL,
  `RULE_MASK` varchar(250) COLLATE utf8_unicode_ci NOT NULL,
  `SORT` int(11) NOT NULL DEFAULT '500',
  `LIKE_MASK` varchar(250) COLLATE utf8_unicode_ci DEFAULT NULL,
  `PREG_MASK` varchar(250) COLLATE utf8_unicode_ci DEFAULT NULL,
  PRIMARY KEY (`IPRULE_ID`,`RULE_MASK`)
) ENGINE=InnoDB DEFAULT CHARSET=utf8 COLLATE=utf8_unicode_ci;
/*!40101 SET character_set_client = @saved_cs_client */;

--
-- Dumping data for table `b_sec_iprule_excl_mask`
--

LOCK TABLES `b_sec_iprule_excl_mask` WRITE;
/*!40000 ALTER TABLE `b_sec_iprule_excl_mask` DISABLE KEYS */;
/*!40000 ALTER TABLE `b_sec_iprule_excl_mask` ENABLE KEYS */;
UNLOCK TABLES;

--
-- Table structure for table `b_sec_iprule_incl_ip`
--

DROP TABLE IF EXISTS `b_sec_iprule_incl_ip`;
/*!40101 SET @saved_cs_client     = @@character_set_client */;
/*!40101 SET character_set_client = utf8 */;
CREATE TABLE `b_sec_iprule_incl_ip` (
  `IPRULE_ID` int(11) NOT NULL,
  `RULE_IP` varchar(50) COLLATE utf8_unicode_ci NOT NULL,
  `SORT` int(11) NOT NULL DEFAULT '500',
  `IP_START` bigint(18) DEFAULT NULL,
  `IP_END` bigint(18) DEFAULT NULL,
  PRIMARY KEY (`IPRULE_ID`,`RULE_IP`)
) ENGINE=InnoDB DEFAULT CHARSET=utf8 COLLATE=utf8_unicode_ci;
/*!40101 SET character_set_client = @saved_cs_client */;

--
-- Dumping data for table `b_sec_iprule_incl_ip`
--

LOCK TABLES `b_sec_iprule_incl_ip` WRITE;
/*!40000 ALTER TABLE `b_sec_iprule_incl_ip` DISABLE KEYS */;
/*!40000 ALTER TABLE `b_sec_iprule_incl_ip` ENABLE KEYS */;
UNLOCK TABLES;

--
-- Table structure for table `b_sec_iprule_incl_mask`
--

DROP TABLE IF EXISTS `b_sec_iprule_incl_mask`;
/*!40101 SET @saved_cs_client     = @@character_set_client */;
/*!40101 SET character_set_client = utf8 */;
CREATE TABLE `b_sec_iprule_incl_mask` (
  `IPRULE_ID` int(11) NOT NULL,
  `RULE_MASK` varchar(250) COLLATE utf8_unicode_ci NOT NULL,
  `SORT` int(11) NOT NULL DEFAULT '500',
  `LIKE_MASK` varchar(250) COLLATE utf8_unicode_ci DEFAULT NULL,
  `PREG_MASK` varchar(250) COLLATE utf8_unicode_ci DEFAULT NULL,
  PRIMARY KEY (`IPRULE_ID`,`RULE_MASK`)
) ENGINE=InnoDB DEFAULT CHARSET=utf8 COLLATE=utf8_unicode_ci;
/*!40101 SET character_set_client = @saved_cs_client */;

--
-- Dumping data for table `b_sec_iprule_incl_mask`
--

LOCK TABLES `b_sec_iprule_incl_mask` WRITE;
/*!40000 ALTER TABLE `b_sec_iprule_incl_mask` DISABLE KEYS */;
/*!40000 ALTER TABLE `b_sec_iprule_incl_mask` ENABLE KEYS */;
UNLOCK TABLES;

--
-- Table structure for table `b_sec_recovery_codes`
--

DROP TABLE IF EXISTS `b_sec_recovery_codes`;
/*!40101 SET @saved_cs_client     = @@character_set_client */;
/*!40101 SET character_set_client = utf8 */;
CREATE TABLE `b_sec_recovery_codes` (
  `ID` int(11) NOT NULL AUTO_INCREMENT,
  `USER_ID` int(11) NOT NULL,
  `CODE` varchar(255) COLLATE utf8_unicode_ci NOT NULL,
  `USED` varchar(1) COLLATE utf8_unicode_ci NOT NULL DEFAULT 'N',
  `USING_DATE` datetime DEFAULT NULL,
  `USING_IP` varchar(255) COLLATE utf8_unicode_ci DEFAULT NULL,
  PRIMARY KEY (`ID`),
  KEY `ix_b_sec_recovery_codes_user_id` (`USER_ID`)
) ENGINE=InnoDB DEFAULT CHARSET=utf8 COLLATE=utf8_unicode_ci;
/*!40101 SET character_set_client = @saved_cs_client */;

--
-- Dumping data for table `b_sec_recovery_codes`
--

LOCK TABLES `b_sec_recovery_codes` WRITE;
/*!40000 ALTER TABLE `b_sec_recovery_codes` DISABLE KEYS */;
/*!40000 ALTER TABLE `b_sec_recovery_codes` ENABLE KEYS */;
UNLOCK TABLES;

--
-- Table structure for table `b_sec_redirect_url`
--

DROP TABLE IF EXISTS `b_sec_redirect_url`;
/*!40101 SET @saved_cs_client     = @@character_set_client */;
/*!40101 SET character_set_client = utf8 */;
CREATE TABLE `b_sec_redirect_url` (
  `IS_SYSTEM` char(1) COLLATE utf8_unicode_ci NOT NULL DEFAULT 'Y',
  `SORT` int(11) NOT NULL DEFAULT '500',
  `URL` varchar(250) COLLATE utf8_unicode_ci NOT NULL,
  `PARAMETER_NAME` varchar(250) COLLATE utf8_unicode_ci NOT NULL
) ENGINE=InnoDB DEFAULT CHARSET=utf8 COLLATE=utf8_unicode_ci;
/*!40101 SET character_set_client = @saved_cs_client */;

--
-- Dumping data for table `b_sec_redirect_url`
--

LOCK TABLES `b_sec_redirect_url` WRITE;
/*!40000 ALTER TABLE `b_sec_redirect_url` DISABLE KEYS */;
INSERT INTO `b_sec_redirect_url` VALUES ('Y',10,'/bitrix/redirect.php','goto'),('Y',20,'/bitrix/rk.php','goto'),('Y',30,'/bitrix/click.php','goto');
/*!40000 ALTER TABLE `b_sec_redirect_url` ENABLE KEYS */;
UNLOCK TABLES;

--
-- Table structure for table `b_sec_session`
--

DROP TABLE IF EXISTS `b_sec_session`;
/*!40101 SET @saved_cs_client     = @@character_set_client */;
/*!40101 SET character_set_client = utf8 */;
CREATE TABLE `b_sec_session` (
  `SESSION_ID` varchar(250) COLLATE utf8_unicode_ci NOT NULL,
  `TIMESTAMP_X` timestamp NOT NULL DEFAULT CURRENT_TIMESTAMP ON UPDATE CURRENT_TIMESTAMP,
  `SESSION_DATA` longtext COLLATE utf8_unicode_ci,
  PRIMARY KEY (`SESSION_ID`),
  KEY `ix_b_sec_session_time` (`TIMESTAMP_X`)
) ENGINE=InnoDB DEFAULT CHARSET=utf8 COLLATE=utf8_unicode_ci;
/*!40101 SET character_set_client = @saved_cs_client */;

--
-- Dumping data for table `b_sec_session`
--

LOCK TABLES `b_sec_session` WRITE;
/*!40000 ALTER TABLE `b_sec_session` DISABLE KEYS */;
/*!40000 ALTER TABLE `b_sec_session` ENABLE KEYS */;
UNLOCK TABLES;

--
-- Table structure for table `b_sec_user`
--

DROP TABLE IF EXISTS `b_sec_user`;
/*!40101 SET @saved_cs_client     = @@character_set_client */;
/*!40101 SET character_set_client = utf8 */;
CREATE TABLE `b_sec_user` (
  `USER_ID` int(11) NOT NULL,
  `ACTIVE` char(1) COLLATE utf8_unicode_ci NOT NULL DEFAULT 'N',
  `SECRET` varchar(64) COLLATE utf8_unicode_ci DEFAULT NULL,
  `TYPE` varchar(16) COLLATE utf8_unicode_ci NOT NULL,
  `PARAMS` text COLLATE utf8_unicode_ci,
  `ATTEMPTS` int(18) DEFAULT NULL,
  `INITIAL_DATE` datetime DEFAULT NULL,
  `SKIP_MANDATORY` char(1) COLLATE utf8_unicode_ci NOT NULL DEFAULT 'N',
  `DEACTIVATE_UNTIL` datetime DEFAULT NULL,
  PRIMARY KEY (`USER_ID`)
) ENGINE=InnoDB DEFAULT CHARSET=utf8 COLLATE=utf8_unicode_ci;
/*!40101 SET character_set_client = @saved_cs_client */;

--
-- Dumping data for table `b_sec_user`
--

LOCK TABLES `b_sec_user` WRITE;
/*!40000 ALTER TABLE `b_sec_user` DISABLE KEYS */;
/*!40000 ALTER TABLE `b_sec_user` ENABLE KEYS */;
UNLOCK TABLES;

--
-- Table structure for table `b_sec_virus`
--

DROP TABLE IF EXISTS `b_sec_virus`;
/*!40101 SET @saved_cs_client     = @@character_set_client */;
/*!40101 SET character_set_client = utf8 */;
CREATE TABLE `b_sec_virus` (
  `ID` varchar(32) COLLATE utf8_unicode_ci NOT NULL,
  `TIMESTAMP_X` datetime NOT NULL,
  `SITE_ID` char(2) COLLATE utf8_unicode_ci DEFAULT NULL,
  `SENT` char(1) COLLATE utf8_unicode_ci NOT NULL DEFAULT 'N',
  `INFO` longtext COLLATE utf8_unicode_ci NOT NULL,
  PRIMARY KEY (`ID`)
) ENGINE=InnoDB DEFAULT CHARSET=utf8 COLLATE=utf8_unicode_ci;
/*!40101 SET character_set_client = @saved_cs_client */;

--
-- Dumping data for table `b_sec_virus`
--

LOCK TABLES `b_sec_virus` WRITE;
/*!40000 ALTER TABLE `b_sec_virus` DISABLE KEYS */;
/*!40000 ALTER TABLE `b_sec_virus` ENABLE KEYS */;
UNLOCK TABLES;

--
-- Table structure for table `b_sec_white_list`
--

DROP TABLE IF EXISTS `b_sec_white_list`;
/*!40101 SET @saved_cs_client     = @@character_set_client */;
/*!40101 SET character_set_client = utf8 */;
CREATE TABLE `b_sec_white_list` (
  `ID` int(11) NOT NULL,
  `WHITE_SUBSTR` varchar(250) COLLATE utf8_unicode_ci NOT NULL,
  PRIMARY KEY (`ID`)
) ENGINE=InnoDB DEFAULT CHARSET=utf8 COLLATE=utf8_unicode_ci;
/*!40101 SET character_set_client = @saved_cs_client */;

--
-- Dumping data for table `b_sec_white_list`
--

LOCK TABLES `b_sec_white_list` WRITE;
/*!40000 ALTER TABLE `b_sec_white_list` DISABLE KEYS */;
/*!40000 ALTER TABLE `b_sec_white_list` ENABLE KEYS */;
UNLOCK TABLES;

--
-- Table structure for table `b_security_sitecheck`
--

DROP TABLE IF EXISTS `b_security_sitecheck`;
/*!40101 SET @saved_cs_client     = @@character_set_client */;
/*!40101 SET character_set_client = utf8 */;
CREATE TABLE `b_security_sitecheck` (
  `ID` int(11) NOT NULL AUTO_INCREMENT,
  `TEST_DATE` datetime DEFAULT NULL,
  `RESULTS` longtext COLLATE utf8_unicode_ci,
  PRIMARY KEY (`ID`)
) ENGINE=InnoDB DEFAULT CHARSET=utf8 COLLATE=utf8_unicode_ci;
/*!40101 SET character_set_client = @saved_cs_client */;

--
-- Dumping data for table `b_security_sitecheck`
--

LOCK TABLES `b_security_sitecheck` WRITE;
/*!40000 ALTER TABLE `b_security_sitecheck` DISABLE KEYS */;
/*!40000 ALTER TABLE `b_security_sitecheck` ENABLE KEYS */;
UNLOCK TABLES;

--
-- Table structure for table `b_seo_adv_autolog`
--

DROP TABLE IF EXISTS `b_seo_adv_autolog`;
/*!40101 SET @saved_cs_client     = @@character_set_client */;
/*!40101 SET character_set_client = utf8 */;
CREATE TABLE `b_seo_adv_autolog` (
  `ID` int(11) NOT NULL AUTO_INCREMENT,
  `ENGINE_ID` int(11) NOT NULL,
  `TIMESTAMP_X` timestamp NOT NULL DEFAULT CURRENT_TIMESTAMP ON UPDATE CURRENT_TIMESTAMP,
  `CAMPAIGN_ID` int(11) NOT NULL,
  `CAMPAIGN_XML_ID` varchar(255) COLLATE utf8_unicode_ci NOT NULL,
  `BANNER_ID` int(11) NOT NULL,
  `BANNER_XML_ID` varchar(255) COLLATE utf8_unicode_ci NOT NULL,
  `CAUSE_CODE` int(11) DEFAULT '0',
  `SUCCESS` char(1) COLLATE utf8_unicode_ci DEFAULT 'Y',
  PRIMARY KEY (`ID`),
  KEY `ix_b_seo_adv_autolog1` (`ENGINE_ID`),
  KEY `ix_b_seo_adv_autolog2` (`TIMESTAMP_X`)
) ENGINE=InnoDB DEFAULT CHARSET=utf8 COLLATE=utf8_unicode_ci;
/*!40101 SET character_set_client = @saved_cs_client */;

--
-- Dumping data for table `b_seo_adv_autolog`
--

LOCK TABLES `b_seo_adv_autolog` WRITE;
/*!40000 ALTER TABLE `b_seo_adv_autolog` DISABLE KEYS */;
/*!40000 ALTER TABLE `b_seo_adv_autolog` ENABLE KEYS */;
UNLOCK TABLES;

--
-- Table structure for table `b_seo_adv_banner`
--

DROP TABLE IF EXISTS `b_seo_adv_banner`;
/*!40101 SET @saved_cs_client     = @@character_set_client */;
/*!40101 SET character_set_client = utf8 */;
CREATE TABLE `b_seo_adv_banner` (
  `ID` int(11) NOT NULL AUTO_INCREMENT,
  `ENGINE_ID` int(11) NOT NULL,
  `OWNER_ID` varchar(255) COLLATE utf8_unicode_ci NOT NULL,
  `OWNER_NAME` varchar(255) COLLATE utf8_unicode_ci NOT NULL,
  `ACTIVE` char(1) COLLATE utf8_unicode_ci DEFAULT 'Y',
  `XML_ID` varchar(255) COLLATE utf8_unicode_ci NOT NULL,
  `LAST_UPDATE` timestamp NULL DEFAULT NULL,
  `NAME` varchar(255) COLLATE utf8_unicode_ci NOT NULL,
  `SETTINGS` text COLLATE utf8_unicode_ci,
  `CAMPAIGN_ID` int(11) NOT NULL,
  `GROUP_ID` int(11) DEFAULT NULL,
  `AUTO_QUANTITY_OFF` char(1) COLLATE utf8_unicode_ci DEFAULT 'N',
  `AUTO_QUANTITY_ON` char(1) COLLATE utf8_unicode_ci DEFAULT 'N',
  PRIMARY KEY (`ID`),
  UNIQUE KEY `ux_b_seo_adv_banner` (`ENGINE_ID`,`XML_ID`),
  KEY `ix_b_seo_adv_banner1` (`CAMPAIGN_ID`),
  KEY `ix_b_seo_adv_banner2` (`AUTO_QUANTITY_OFF`,`AUTO_QUANTITY_ON`)
) ENGINE=InnoDB DEFAULT CHARSET=utf8 COLLATE=utf8_unicode_ci;
/*!40101 SET character_set_client = @saved_cs_client */;

--
-- Dumping data for table `b_seo_adv_banner`
--

LOCK TABLES `b_seo_adv_banner` WRITE;
/*!40000 ALTER TABLE `b_seo_adv_banner` DISABLE KEYS */;
/*!40000 ALTER TABLE `b_seo_adv_banner` ENABLE KEYS */;
UNLOCK TABLES;

--
-- Table structure for table `b_seo_adv_campaign`
--

DROP TABLE IF EXISTS `b_seo_adv_campaign`;
/*!40101 SET @saved_cs_client     = @@character_set_client */;
/*!40101 SET character_set_client = utf8 */;
CREATE TABLE `b_seo_adv_campaign` (
  `ID` int(11) NOT NULL AUTO_INCREMENT,
  `ENGINE_ID` int(11) NOT NULL,
  `ACTIVE` char(1) COLLATE utf8_unicode_ci NOT NULL DEFAULT 'Y',
  `OWNER_ID` varchar(255) COLLATE utf8_unicode_ci NOT NULL,
  `OWNER_NAME` varchar(255) COLLATE utf8_unicode_ci NOT NULL,
  `XML_ID` varchar(255) COLLATE utf8_unicode_ci NOT NULL,
  `NAME` varchar(255) COLLATE utf8_unicode_ci NOT NULL,
  `LAST_UPDATE` timestamp NULL DEFAULT NULL,
  `SETTINGS` text COLLATE utf8_unicode_ci,
  PRIMARY KEY (`ID`),
  UNIQUE KEY `ux_b_seo_adv_campaign` (`ENGINE_ID`,`XML_ID`)
) ENGINE=InnoDB DEFAULT CHARSET=utf8 COLLATE=utf8_unicode_ci;
/*!40101 SET character_set_client = @saved_cs_client */;

--
-- Dumping data for table `b_seo_adv_campaign`
--

LOCK TABLES `b_seo_adv_campaign` WRITE;
/*!40000 ALTER TABLE `b_seo_adv_campaign` DISABLE KEYS */;
/*!40000 ALTER TABLE `b_seo_adv_campaign` ENABLE KEYS */;
UNLOCK TABLES;

--
-- Table structure for table `b_seo_adv_group`
--

DROP TABLE IF EXISTS `b_seo_adv_group`;
/*!40101 SET @saved_cs_client     = @@character_set_client */;
/*!40101 SET character_set_client = utf8 */;
CREATE TABLE `b_seo_adv_group` (
  `ID` int(11) NOT NULL AUTO_INCREMENT,
  `ENGINE_ID` int(11) NOT NULL,
  `OWNER_ID` varchar(255) COLLATE utf8_unicode_ci NOT NULL,
  `OWNER_NAME` varchar(255) COLLATE utf8_unicode_ci NOT NULL,
  `ACTIVE` char(1) COLLATE utf8_unicode_ci DEFAULT 'Y',
  `XML_ID` varchar(255) COLLATE utf8_unicode_ci NOT NULL,
  `LAST_UPDATE` timestamp NULL DEFAULT NULL,
  `NAME` varchar(255) COLLATE utf8_unicode_ci NOT NULL,
  `SETTINGS` text COLLATE utf8_unicode_ci,
  `CAMPAIGN_ID` int(11) NOT NULL,
  PRIMARY KEY (`ID`),
  UNIQUE KEY `ux_b_seo_adv_group` (`ENGINE_ID`,`XML_ID`),
  KEY `ix_b_seo_adv_group1` (`CAMPAIGN_ID`)
) ENGINE=InnoDB DEFAULT CHARSET=utf8 COLLATE=utf8_unicode_ci;
/*!40101 SET character_set_client = @saved_cs_client */;

--
-- Dumping data for table `b_seo_adv_group`
--

LOCK TABLES `b_seo_adv_group` WRITE;
/*!40000 ALTER TABLE `b_seo_adv_group` DISABLE KEYS */;
/*!40000 ALTER TABLE `b_seo_adv_group` ENABLE KEYS */;
UNLOCK TABLES;

--
-- Table structure for table `b_seo_adv_link`
--

DROP TABLE IF EXISTS `b_seo_adv_link`;
/*!40101 SET @saved_cs_client     = @@character_set_client */;
/*!40101 SET character_set_client = utf8 */;
CREATE TABLE `b_seo_adv_link` (
  `LINK_TYPE` char(1) COLLATE utf8_unicode_ci NOT NULL,
  `LINK_ID` int(18) NOT NULL,
  `BANNER_ID` int(11) NOT NULL,
  PRIMARY KEY (`LINK_TYPE`,`LINK_ID`,`BANNER_ID`)
) ENGINE=InnoDB DEFAULT CHARSET=utf8 COLLATE=utf8_unicode_ci;
/*!40101 SET character_set_client = @saved_cs_client */;

--
-- Dumping data for table `b_seo_adv_link`
--

LOCK TABLES `b_seo_adv_link` WRITE;
/*!40000 ALTER TABLE `b_seo_adv_link` DISABLE KEYS */;
/*!40000 ALTER TABLE `b_seo_adv_link` ENABLE KEYS */;
UNLOCK TABLES;

--
-- Table structure for table `b_seo_adv_log`
--

DROP TABLE IF EXISTS `b_seo_adv_log`;
/*!40101 SET @saved_cs_client     = @@character_set_client */;
/*!40101 SET character_set_client = utf8 */;
CREATE TABLE `b_seo_adv_log` (
  `ID` int(11) NOT NULL AUTO_INCREMENT,
  `ENGINE_ID` int(11) NOT NULL,
  `TIMESTAMP_X` timestamp NOT NULL DEFAULT CURRENT_TIMESTAMP ON UPDATE CURRENT_TIMESTAMP,
  `REQUEST_URI` varchar(100) COLLATE utf8_unicode_ci NOT NULL,
  `REQUEST_DATA` text COLLATE utf8_unicode_ci,
  `RESPONSE_TIME` float NOT NULL,
  `RESPONSE_STATUS` int(5) DEFAULT NULL,
  `RESPONSE_DATA` text COLLATE utf8_unicode_ci,
  PRIMARY KEY (`ID`),
  KEY `ix_b_seo_adv_log1` (`ENGINE_ID`),
  KEY `ix_b_seo_adv_log2` (`TIMESTAMP_X`)
) ENGINE=InnoDB DEFAULT CHARSET=utf8 COLLATE=utf8_unicode_ci;
/*!40101 SET character_set_client = @saved_cs_client */;

--
-- Dumping data for table `b_seo_adv_log`
--

LOCK TABLES `b_seo_adv_log` WRITE;
/*!40000 ALTER TABLE `b_seo_adv_log` DISABLE KEYS */;
/*!40000 ALTER TABLE `b_seo_adv_log` ENABLE KEYS */;
UNLOCK TABLES;

--
-- Table structure for table `b_seo_adv_order`
--

DROP TABLE IF EXISTS `b_seo_adv_order`;
/*!40101 SET @saved_cs_client     = @@character_set_client */;
/*!40101 SET character_set_client = utf8 */;
CREATE TABLE `b_seo_adv_order` (
  `ID` int(11) NOT NULL AUTO_INCREMENT,
  `ENGINE_ID` int(11) NOT NULL,
  `TIMESTAMP_X` timestamp NOT NULL DEFAULT CURRENT_TIMESTAMP ON UPDATE CURRENT_TIMESTAMP,
  `CAMPAIGN_ID` int(11) NOT NULL,
  `BANNER_ID` int(11) NOT NULL,
  `ORDER_ID` int(11) NOT NULL,
  `SUM` float DEFAULT '0',
  `PROCESSED` char(1) COLLATE utf8_unicode_ci DEFAULT 'N',
  PRIMARY KEY (`ID`),
  UNIQUE KEY `ux_b_seo_adv_order` (`ENGINE_ID`,`CAMPAIGN_ID`,`BANNER_ID`,`ORDER_ID`),
  KEY `ix_b_seo_adv_order1` (`ORDER_ID`,`PROCESSED`)
) ENGINE=InnoDB DEFAULT CHARSET=utf8 COLLATE=utf8_unicode_ci;
/*!40101 SET character_set_client = @saved_cs_client */;

--
-- Dumping data for table `b_seo_adv_order`
--

LOCK TABLES `b_seo_adv_order` WRITE;
/*!40000 ALTER TABLE `b_seo_adv_order` DISABLE KEYS */;
/*!40000 ALTER TABLE `b_seo_adv_order` ENABLE KEYS */;
UNLOCK TABLES;

--
-- Table structure for table `b_seo_adv_region`
--

DROP TABLE IF EXISTS `b_seo_adv_region`;
/*!40101 SET @saved_cs_client     = @@character_set_client */;
/*!40101 SET character_set_client = utf8 */;
CREATE TABLE `b_seo_adv_region` (
  `ID` int(11) NOT NULL AUTO_INCREMENT,
  `ENGINE_ID` int(11) NOT NULL,
  `OWNER_ID` varchar(255) COLLATE utf8_unicode_ci NOT NULL,
  `OWNER_NAME` varchar(255) COLLATE utf8_unicode_ci NOT NULL,
  `ACTIVE` char(1) COLLATE utf8_unicode_ci DEFAULT 'Y',
  `XML_ID` varchar(255) COLLATE utf8_unicode_ci NOT NULL,
  `LAST_UPDATE` timestamp NULL DEFAULT NULL,
  `NAME` varchar(255) COLLATE utf8_unicode_ci NOT NULL,
  `SETTINGS` text COLLATE utf8_unicode_ci,
  `PARENT_ID` int(11) NOT NULL,
  PRIMARY KEY (`ID`),
  UNIQUE KEY `ux_b_seo_adv_region` (`ENGINE_ID`,`XML_ID`),
  KEY `ix_b_seo_adv_region1` (`PARENT_ID`)
) ENGINE=InnoDB DEFAULT CHARSET=utf8 COLLATE=utf8_unicode_ci;
/*!40101 SET character_set_client = @saved_cs_client */;

--
-- Dumping data for table `b_seo_adv_region`
--

LOCK TABLES `b_seo_adv_region` WRITE;
/*!40000 ALTER TABLE `b_seo_adv_region` DISABLE KEYS */;
/*!40000 ALTER TABLE `b_seo_adv_region` ENABLE KEYS */;
UNLOCK TABLES;

--
-- Table structure for table `b_seo_keywords`
--

DROP TABLE IF EXISTS `b_seo_keywords`;
/*!40101 SET @saved_cs_client     = @@character_set_client */;
/*!40101 SET character_set_client = utf8 */;
CREATE TABLE `b_seo_keywords` (
  `ID` int(11) NOT NULL AUTO_INCREMENT,
  `SITE_ID` char(2) COLLATE utf8_unicode_ci NOT NULL,
  `URL` varchar(255) COLLATE utf8_unicode_ci DEFAULT NULL,
  `KEYWORDS` text COLLATE utf8_unicode_ci,
  PRIMARY KEY (`ID`),
  KEY `ix_b_seo_keywords_url` (`URL`,`SITE_ID`)
) ENGINE=InnoDB DEFAULT CHARSET=utf8 COLLATE=utf8_unicode_ci;
/*!40101 SET character_set_client = @saved_cs_client */;

--
-- Dumping data for table `b_seo_keywords`
--

LOCK TABLES `b_seo_keywords` WRITE;
/*!40000 ALTER TABLE `b_seo_keywords` DISABLE KEYS */;
/*!40000 ALTER TABLE `b_seo_keywords` ENABLE KEYS */;
UNLOCK TABLES;

--
-- Table structure for table `b_seo_search_engine`
--

DROP TABLE IF EXISTS `b_seo_search_engine`;
/*!40101 SET @saved_cs_client     = @@character_set_client */;
/*!40101 SET character_set_client = utf8 */;
CREATE TABLE `b_seo_search_engine` (
  `ID` int(11) NOT NULL AUTO_INCREMENT,
  `CODE` varchar(50) COLLATE utf8_unicode_ci NOT NULL,
  `ACTIVE` char(1) COLLATE utf8_unicode_ci DEFAULT 'Y',
  `SORT` int(5) DEFAULT '100',
  `NAME` varchar(255) COLLATE utf8_unicode_ci NOT NULL,
  `CLIENT_ID` varchar(255) COLLATE utf8_unicode_ci DEFAULT NULL,
  `CLIENT_SECRET` varchar(255) COLLATE utf8_unicode_ci DEFAULT NULL,
  `REDIRECT_URI` varchar(255) COLLATE utf8_unicode_ci DEFAULT NULL,
  `SETTINGS` text COLLATE utf8_unicode_ci,
  PRIMARY KEY (`ID`),
  UNIQUE KEY `ux_b_seo_search_engine_code` (`CODE`)
) ENGINE=InnoDB AUTO_INCREMENT=4 DEFAULT CHARSET=utf8 COLLATE=utf8_unicode_ci;
/*!40101 SET character_set_client = @saved_cs_client */;

--
-- Dumping data for table `b_seo_search_engine`
--

LOCK TABLES `b_seo_search_engine` WRITE;
/*!40000 ALTER TABLE `b_seo_search_engine` DISABLE KEYS */;
INSERT INTO `b_seo_search_engine` VALUES (1,'google','Y',200,'Google','868942902147-qrrd6ce1ajfkpse8ieq4gkpdeanvtnno.apps.googleusercontent.com','EItMlJpZLC2WRPKB6QsA5bV9','urn:ietf:wg:oauth:2.0:oob',NULL),(2,'yandex','Y',300,'Yandex','f848c7bfc1d34a94ba6d05439f81bbd7','da0e73b2d9cc4e809f3170e49cb9df01','https://oauth.yandex.ru/verification_code',NULL),(3,'yandex_direct','Y',400,'Yandex.Direct','','','https://oauth.yandex.ru/verification_code',NULL);
/*!40000 ALTER TABLE `b_seo_search_engine` ENABLE KEYS */;
UNLOCK TABLES;

--
-- Table structure for table `b_seo_service_log`
--

DROP TABLE IF EXISTS `b_seo_service_log`;
/*!40101 SET @saved_cs_client     = @@character_set_client */;
/*!40101 SET character_set_client = utf8 */;
CREATE TABLE `b_seo_service_log` (
  `ID` int(11) NOT NULL AUTO_INCREMENT,
  `DATE_INSERT` datetime NOT NULL,
  `TYPE` varchar(20) COLLATE utf8_unicode_ci NOT NULL,
  `CODE` varchar(20) COLLATE utf8_unicode_ci DEFAULT NULL,
  `MESSAGE` varchar(1000) COLLATE utf8_unicode_ci NOT NULL,
  `GROUP_ID` varchar(20) COLLATE utf8_unicode_ci NOT NULL,
  PRIMARY KEY (`ID`)
) ENGINE=InnoDB DEFAULT CHARSET=utf8 COLLATE=utf8_unicode_ci;
/*!40101 SET character_set_client = @saved_cs_client */;

--
-- Dumping data for table `b_seo_service_log`
--

LOCK TABLES `b_seo_service_log` WRITE;
/*!40000 ALTER TABLE `b_seo_service_log` DISABLE KEYS */;
/*!40000 ALTER TABLE `b_seo_service_log` ENABLE KEYS */;
UNLOCK TABLES;

--
-- Table structure for table `b_seo_service_rtg_queue`
--

DROP TABLE IF EXISTS `b_seo_service_rtg_queue`;
/*!40101 SET @saved_cs_client     = @@character_set_client */;
/*!40101 SET character_set_client = utf8 */;
CREATE TABLE `b_seo_service_rtg_queue` (
  `ID` int(11) NOT NULL AUTO_INCREMENT,
  `DATE_INSERT` datetime DEFAULT NULL,
  `TYPE` varchar(20) COLLATE utf8_unicode_ci NOT NULL,
  `ACCOUNT_ID` varchar(15) COLLATE utf8_unicode_ci DEFAULT NULL,
  `AUDIENCE_ID` varchar(15) COLLATE utf8_unicode_ci NOT NULL,
  `CONTACT_TYPE` varchar(15) COLLATE utf8_unicode_ci NOT NULL,
  `VALUE` varchar(255) COLLATE utf8_unicode_ci NOT NULL,
  `ACTION` char(3) COLLATE utf8_unicode_ci NOT NULL,
  `DATE_AUTO_REMOVE` datetime DEFAULT NULL,
  PRIMARY KEY (`ID`),
  KEY `IX_B_SEO_SRV_RTG_QUEUE_1` (`ACTION`,`DATE_AUTO_REMOVE`),
  KEY `IX_B_SEO_SRV_RTG_QUEUE_2` (`TYPE`,`ACTION`)
) ENGINE=InnoDB DEFAULT CHARSET=utf8 COLLATE=utf8_unicode_ci;
/*!40101 SET character_set_client = @saved_cs_client */;

--
-- Dumping data for table `b_seo_service_rtg_queue`
--

LOCK TABLES `b_seo_service_rtg_queue` WRITE;
/*!40000 ALTER TABLE `b_seo_service_rtg_queue` DISABLE KEYS */;
/*!40000 ALTER TABLE `b_seo_service_rtg_queue` ENABLE KEYS */;
UNLOCK TABLES;

--
-- Table structure for table `b_seo_service_webhook`
--

DROP TABLE IF EXISTS `b_seo_service_webhook`;
/*!40101 SET @saved_cs_client     = @@character_set_client */;
/*!40101 SET character_set_client = utf8 */;
CREATE TABLE `b_seo_service_webhook` (
  `ID` int(11) NOT NULL AUTO_INCREMENT,
  `DATE_INSERT` datetime DEFAULT NULL,
  `TYPE` varchar(20) COLLATE utf8_unicode_ci NOT NULL,
  `EXTERNAL_ID` varchar(50) COLLATE utf8_unicode_ci NOT NULL,
  `SECURITY_CODE` varchar(32) COLLATE utf8_unicode_ci NOT NULL,
  PRIMARY KEY (`ID`),
  KEY `IX_B_SEO_SERVICE_WEBHOOK_1` (`TYPE`,`EXTERNAL_ID`)
) ENGINE=InnoDB DEFAULT CHARSET=utf8 COLLATE=utf8_unicode_ci;
/*!40101 SET character_set_client = @saved_cs_client */;

--
-- Dumping data for table `b_seo_service_webhook`
--

LOCK TABLES `b_seo_service_webhook` WRITE;
/*!40000 ALTER TABLE `b_seo_service_webhook` DISABLE KEYS */;
/*!40000 ALTER TABLE `b_seo_service_webhook` ENABLE KEYS */;
UNLOCK TABLES;

--
-- Table structure for table `b_seo_sitemap`
--

DROP TABLE IF EXISTS `b_seo_sitemap`;
/*!40101 SET @saved_cs_client     = @@character_set_client */;
/*!40101 SET character_set_client = utf8 */;
CREATE TABLE `b_seo_sitemap` (
  `ID` int(11) NOT NULL AUTO_INCREMENT,
  `TIMESTAMP_X` timestamp NOT NULL DEFAULT CURRENT_TIMESTAMP ON UPDATE CURRENT_TIMESTAMP,
  `SITE_ID` char(2) COLLATE utf8_unicode_ci NOT NULL,
  `ACTIVE` char(1) COLLATE utf8_unicode_ci DEFAULT 'Y',
  `NAME` varchar(255) COLLATE utf8_unicode_ci DEFAULT '',
  `DATE_RUN` datetime DEFAULT NULL,
  `SETTINGS` longtext COLLATE utf8_unicode_ci,
  PRIMARY KEY (`ID`)
) ENGINE=InnoDB DEFAULT CHARSET=utf8 COLLATE=utf8_unicode_ci;
/*!40101 SET character_set_client = @saved_cs_client */;

--
-- Dumping data for table `b_seo_sitemap`
--

LOCK TABLES `b_seo_sitemap` WRITE;
/*!40000 ALTER TABLE `b_seo_sitemap` DISABLE KEYS */;
/*!40000 ALTER TABLE `b_seo_sitemap` ENABLE KEYS */;
UNLOCK TABLES;

--
-- Table structure for table `b_seo_sitemap_entity`
--

DROP TABLE IF EXISTS `b_seo_sitemap_entity`;
/*!40101 SET @saved_cs_client     = @@character_set_client */;
/*!40101 SET character_set_client = utf8 */;
CREATE TABLE `b_seo_sitemap_entity` (
  `ID` int(11) NOT NULL AUTO_INCREMENT,
  `ENTITY_TYPE` varchar(255) COLLATE utf8_unicode_ci NOT NULL,
  `ENTITY_ID` int(11) NOT NULL,
  `SITEMAP_ID` int(11) NOT NULL,
  PRIMARY KEY (`ID`),
  KEY `ix_b_seo_sitemap_entity_1` (`ENTITY_TYPE`,`ENTITY_ID`),
  KEY `ix_b_seo_sitemap_entity_2` (`SITEMAP_ID`)
) ENGINE=InnoDB DEFAULT CHARSET=utf8 COLLATE=utf8_unicode_ci;
/*!40101 SET character_set_client = @saved_cs_client */;

--
-- Dumping data for table `b_seo_sitemap_entity`
--

LOCK TABLES `b_seo_sitemap_entity` WRITE;
/*!40000 ALTER TABLE `b_seo_sitemap_entity` DISABLE KEYS */;
/*!40000 ALTER TABLE `b_seo_sitemap_entity` ENABLE KEYS */;
UNLOCK TABLES;

--
-- Table structure for table `b_seo_sitemap_iblock`
--

DROP TABLE IF EXISTS `b_seo_sitemap_iblock`;
/*!40101 SET @saved_cs_client     = @@character_set_client */;
/*!40101 SET character_set_client = utf8 */;
CREATE TABLE `b_seo_sitemap_iblock` (
  `ID` int(11) NOT NULL AUTO_INCREMENT,
  `IBLOCK_ID` int(11) NOT NULL,
  `SITEMAP_ID` int(11) NOT NULL,
  PRIMARY KEY (`ID`),
  KEY `ix_b_seo_sitemap_iblock_1` (`IBLOCK_ID`),
  KEY `ix_b_seo_sitemap_iblock_2` (`SITEMAP_ID`)
) ENGINE=InnoDB DEFAULT CHARSET=utf8 COLLATE=utf8_unicode_ci;
/*!40101 SET character_set_client = @saved_cs_client */;

--
-- Dumping data for table `b_seo_sitemap_iblock`
--

LOCK TABLES `b_seo_sitemap_iblock` WRITE;
/*!40000 ALTER TABLE `b_seo_sitemap_iblock` DISABLE KEYS */;
/*!40000 ALTER TABLE `b_seo_sitemap_iblock` ENABLE KEYS */;
UNLOCK TABLES;

--
-- Table structure for table `b_seo_sitemap_runtime`
--

DROP TABLE IF EXISTS `b_seo_sitemap_runtime`;
/*!40101 SET @saved_cs_client     = @@character_set_client */;
/*!40101 SET character_set_client = utf8 */;
CREATE TABLE `b_seo_sitemap_runtime` (
  `ID` int(11) NOT NULL AUTO_INCREMENT,
  `PID` int(11) NOT NULL,
  `PROCESSED` char(1) COLLATE utf8_unicode_ci NOT NULL DEFAULT 'N',
  `ITEM_PATH` varchar(700) COLLATE utf8_unicode_ci DEFAULT NULL,
  `ITEM_ID` int(11) DEFAULT NULL,
  `ITEM_TYPE` char(1) COLLATE utf8_unicode_ci NOT NULL DEFAULT 'D',
  `ACTIVE` char(1) COLLATE utf8_unicode_ci DEFAULT 'Y',
  `ACTIVE_ELEMENT` char(1) COLLATE utf8_unicode_ci DEFAULT 'Y',
  PRIMARY KEY (`ID`),
  KEY `ix_seo_sitemap_runtime1` (`PID`,`PROCESSED`,`ITEM_TYPE`,`ITEM_ID`)
) ENGINE=InnoDB DEFAULT CHARSET=utf8 COLLATE=utf8_unicode_ci;
/*!40101 SET character_set_client = @saved_cs_client */;

--
-- Dumping data for table `b_seo_sitemap_runtime`
--

LOCK TABLES `b_seo_sitemap_runtime` WRITE;
/*!40000 ALTER TABLE `b_seo_sitemap_runtime` DISABLE KEYS */;
/*!40000 ALTER TABLE `b_seo_sitemap_runtime` ENABLE KEYS */;
UNLOCK TABLES;

--
-- Table structure for table `b_seo_yandex_direct_stat`
--

DROP TABLE IF EXISTS `b_seo_yandex_direct_stat`;
/*!40101 SET @saved_cs_client     = @@character_set_client */;
/*!40101 SET character_set_client = utf8 */;
CREATE TABLE `b_seo_yandex_direct_stat` (
  `ID` int(18) NOT NULL AUTO_INCREMENT,
  `CAMPAIGN_ID` int(11) NOT NULL,
  `BANNER_ID` int(11) NOT NULL,
  `DATE_DAY` date NOT NULL,
  `CURRENCY` char(3) COLLATE utf8_unicode_ci DEFAULT NULL,
  `SUM` float DEFAULT '0',
  `SUM_SEARCH` float DEFAULT '0',
  `SUM_CONTEXT` float DEFAULT '0',
  `CLICKS` int(7) DEFAULT '0',
  `CLICKS_SEARCH` int(7) DEFAULT '0',
  `CLICKS_CONTEXT` int(7) DEFAULT '0',
  `SHOWS` int(7) DEFAULT '0',
  `SHOWS_SEARCH` int(7) DEFAULT '0',
  `SHOWS_CONTEXT` int(7) DEFAULT '0',
  PRIMARY KEY (`ID`),
  UNIQUE KEY `ux_seo_yandex_direct_stat` (`BANNER_ID`,`DATE_DAY`),
  KEY `ix_seo_yandex_direct_stat1` (`CAMPAIGN_ID`)
) ENGINE=InnoDB DEFAULT CHARSET=utf8 COLLATE=utf8_unicode_ci;
/*!40101 SET character_set_client = @saved_cs_client */;

--
-- Dumping data for table `b_seo_yandex_direct_stat`
--

LOCK TABLES `b_seo_yandex_direct_stat` WRITE;
/*!40000 ALTER TABLE `b_seo_yandex_direct_stat` DISABLE KEYS */;
/*!40000 ALTER TABLE `b_seo_yandex_direct_stat` ENABLE KEYS */;
UNLOCK TABLES;

--
-- Table structure for table `b_short_uri`
--

DROP TABLE IF EXISTS `b_short_uri`;
/*!40101 SET @saved_cs_client     = @@character_set_client */;
/*!40101 SET character_set_client = utf8 */;
CREATE TABLE `b_short_uri` (
  `ID` int(18) NOT NULL AUTO_INCREMENT,
  `URI` varchar(2000) COLLATE utf8_unicode_ci NOT NULL,
  `URI_CRC` int(18) NOT NULL,
  `SHORT_URI` varbinary(250) NOT NULL,
  `SHORT_URI_CRC` int(18) NOT NULL,
  `STATUS` int(18) NOT NULL DEFAULT '301',
  `MODIFIED` datetime NOT NULL,
  `LAST_USED` datetime DEFAULT NULL,
  `NUMBER_USED` int(18) NOT NULL DEFAULT '0',
  PRIMARY KEY (`ID`),
  KEY `ux_b_short_uri_1` (`SHORT_URI_CRC`),
  KEY `ux_b_short_uri_2` (`URI_CRC`)
) ENGINE=InnoDB DEFAULT CHARSET=utf8 COLLATE=utf8_unicode_ci;
/*!40101 SET character_set_client = @saved_cs_client */;

--
-- Dumping data for table `b_short_uri`
--

LOCK TABLES `b_short_uri` WRITE;
/*!40000 ALTER TABLE `b_short_uri` DISABLE KEYS */;
/*!40000 ALTER TABLE `b_short_uri` ENABLE KEYS */;
UNLOCK TABLES;

--
-- Table structure for table `b_site_template`
--

DROP TABLE IF EXISTS `b_site_template`;
/*!40101 SET @saved_cs_client     = @@character_set_client */;
/*!40101 SET character_set_client = utf8 */;
CREATE TABLE `b_site_template` (
  `ID` int(11) NOT NULL AUTO_INCREMENT,
  `SITE_ID` char(2) COLLATE utf8_unicode_ci NOT NULL,
  `CONDITION` varchar(255) COLLATE utf8_unicode_ci DEFAULT NULL,
  `SORT` int(11) NOT NULL DEFAULT '500',
  `TEMPLATE` varchar(255) COLLATE utf8_unicode_ci NOT NULL,
  PRIMARY KEY (`ID`),
  KEY `ix_site_template_site` (`SITE_ID`)
) ENGINE=InnoDB AUTO_INCREMENT=4 DEFAULT CHARSET=utf8 COLLATE=utf8_unicode_ci;
/*!40101 SET character_set_client = @saved_cs_client */;

--
-- Dumping data for table `b_site_template`
--

LOCK TABLES `b_site_template` WRITE;
/*!40000 ALTER TABLE `b_site_template` DISABLE KEYS */;
INSERT INTO `b_site_template` VALUES (1,'s1','',150,'furniture_pale-blue'),(3,'s2','',1,'ex2_multilang_template');
/*!40000 ALTER TABLE `b_site_template` ENABLE KEYS */;
UNLOCK TABLES;

--
-- Table structure for table `b_smile`
--

DROP TABLE IF EXISTS `b_smile`;
/*!40101 SET @saved_cs_client     = @@character_set_client */;
/*!40101 SET character_set_client = utf8 */;
CREATE TABLE `b_smile` (
  `ID` int(18) NOT NULL AUTO_INCREMENT,
  `TYPE` char(1) COLLATE utf8_unicode_ci NOT NULL DEFAULT 'S',
  `SET_ID` int(18) NOT NULL DEFAULT '0',
  `SORT` int(10) NOT NULL DEFAULT '150',
  `TYPING` varchar(100) COLLATE utf8_unicode_ci DEFAULT NULL,
  `CLICKABLE` char(1) COLLATE utf8_unicode_ci NOT NULL DEFAULT 'Y',
  `HIDDEN` char(1) COLLATE utf8_unicode_ci NOT NULL DEFAULT 'N',
  `IMAGE` varchar(255) COLLATE utf8_unicode_ci NOT NULL,
  `IMAGE_DEFINITION` varchar(10) COLLATE utf8_unicode_ci NOT NULL DEFAULT 'SD',
  `IMAGE_WIDTH` int(11) NOT NULL DEFAULT '0',
  `IMAGE_HEIGHT` int(11) NOT NULL DEFAULT '0',
  PRIMARY KEY (`ID`)
) ENGINE=InnoDB AUTO_INCREMENT=25 DEFAULT CHARSET=utf8 COLLATE=utf8_unicode_ci;
/*!40101 SET character_set_client = @saved_cs_client */;

--
-- Dumping data for table `b_smile`
--

LOCK TABLES `b_smile` WRITE;
/*!40000 ALTER TABLE `b_smile` DISABLE KEYS */;
INSERT INTO `b_smile` VALUES (1,'S',2,100,':) :-)','Y','N','bx_smile_smile.png','UHD',20,20),(2,'S',2,105,';) ;-)','Y','N','bx_smile_wink.png','UHD',20,20),(3,'S',2,110,':D :-D','Y','N','bx_smile_biggrin.png','UHD',20,20),(4,'S',2,115,'8) 8-)','Y','N','bx_smile_cool.png','UHD',20,20),(5,'S',2,120,':facepalm:','Y','N','bx_smile_facepalm.png','UHD',20,20),(6,'S',2,125,':{} :-{}','Y','N','bx_smile_kiss.png','UHD',20,20),(7,'S',2,130,':( :-(','Y','N','bx_smile_sad.png','UHD',20,20),(8,'S',2,135,':| :-|','Y','N','bx_smile_neutral.png','UHD',20,20),(9,'S',2,140,':oops:','Y','N','bx_smile_redface.png','UHD',20,20),(10,'S',2,145,':cry: :~(','Y','N','bx_smile_cry.png','UHD',20,20),(11,'S',2,150,':evil: >:-<','Y','N','bx_smile_evil.png','UHD',20,20),(12,'S',2,155,':o :-o :shock:','Y','N','bx_smile_eek.png','UHD',20,20),(13,'S',2,160,':/ :-/','Y','N','bx_smile_confuse.png','UHD',20,20),(14,'S',2,165,':idea:','Y','N','bx_smile_idea.png','UHD',20,20),(15,'S',2,170,':?:','Y','N','bx_smile_question.png','UHD',20,20),(16,'S',2,175,':!:','Y','N','bx_smile_exclaim.png','UHD',20,20),(17,'S',2,180,':like:','Y','N','bx_smile_like.png','UHD',20,20),(18,'I',2,175,'ICON_NOTE','Y','N','bx_icon_1.gif','SD',15,15),(19,'I',2,180,'ICON_DIRRECTION','Y','N','bx_icon_2.gif','SD',15,15),(20,'I',2,185,'ICON_IDEA','Y','N','bx_icon_3.gif','SD',15,15),(21,'I',2,190,'ICON_ATTANSION','Y','N','bx_icon_4.gif','SD',15,15),(22,'I',2,195,'ICON_QUESTION','Y','N','bx_icon_5.gif','SD',15,15),(23,'I',2,200,'ICON_BAD','Y','N','bx_icon_6.gif','SD',15,15),(24,'I',2,205,'ICON_GOOD','Y','N','bx_icon_7.gif','SD',15,15);
/*!40000 ALTER TABLE `b_smile` ENABLE KEYS */;
UNLOCK TABLES;

--
-- Table structure for table `b_smile_lang`
--

DROP TABLE IF EXISTS `b_smile_lang`;
/*!40101 SET @saved_cs_client     = @@character_set_client */;
/*!40101 SET character_set_client = utf8 */;
CREATE TABLE `b_smile_lang` (
  `ID` int(18) NOT NULL AUTO_INCREMENT,
  `TYPE` char(1) COLLATE utf8_unicode_ci NOT NULL DEFAULT 'S',
  `SID` int(11) NOT NULL,
  `LID` char(2) COLLATE utf8_unicode_ci NOT NULL,
  `NAME` varchar(255) COLLATE utf8_unicode_ci NOT NULL,
  PRIMARY KEY (`ID`),
  UNIQUE KEY `UX_SMILE_SL` (`TYPE`,`SID`,`LID`)
) ENGINE=InnoDB AUTO_INCREMENT=39 DEFAULT CHARSET=utf8 COLLATE=utf8_unicode_ci;
/*!40101 SET character_set_client = @saved_cs_client */;

--
-- Dumping data for table `b_smile_lang`
--

LOCK TABLES `b_smile_lang` WRITE;
/*!40000 ALTER TABLE `b_smile_lang` DISABLE KEYS */;
INSERT INTO `b_smile_lang` VALUES (1,'P',1,'ru',' '),(2,'P',1,'en','Standard gallery'),(3,'G',2,'ru',' '),(4,'G',2,'en','Default pack'),(5,'S',1,'ru',' '),(6,'S',1,'en','Smile'),(7,'S',2,'ru',''),(8,'S',2,'en','Wink'),(9,'S',3,'ru',' '),(10,'S',3,'en','Big grin'),(11,'S',4,'ru',''),(12,'S',4,'en','Cool'),(13,'S',5,'ru',''),(14,'S',5,'en','Facepalm'),(15,'S',6,'ru',''),(16,'S',6,'en','Kiss'),(17,'S',7,'ru',''),(18,'S',7,'en','Sad'),(19,'S',8,'ru',''),(20,'S',8,'en','Skeptic'),(21,'S',9,'ru',''),(22,'S',9,'en','Embarrassed'),(23,'S',10,'ru',' '),(24,'S',10,'en','Crying'),(25,'S',11,'ru',' '),(26,'S',11,'en','Angry'),(27,'S',12,'ru',''),(28,'S',12,'en','Surprised'),(29,'S',13,'ru',''),(30,'S',13,'en','Confused'),(31,'S',14,'ru',''),(32,'S',14,'en','Idea'),(33,'S',15,'ru',''),(34,'S',15,'en','Question'),(35,'S',16,'ru',''),(36,'S',16,'en','Exclamation'),(37,'S',17,'ru',''),(38,'S',17,'en','Like');
/*!40000 ALTER TABLE `b_smile_lang` ENABLE KEYS */;
UNLOCK TABLES;

--
-- Table structure for table `b_smile_set`
--

DROP TABLE IF EXISTS `b_smile_set`;
/*!40101 SET @saved_cs_client     = @@character_set_client */;
/*!40101 SET character_set_client = utf8 */;
CREATE TABLE `b_smile_set` (
  `ID` int(18) NOT NULL AUTO_INCREMENT,
  `TYPE` char(1) COLLATE utf8_unicode_ci NOT NULL DEFAULT 'G',
  `PARENT_ID` int(18) NOT NULL DEFAULT '0',
  `STRING_ID` varchar(255) COLLATE utf8_unicode_ci DEFAULT NULL,
  `SORT` int(10) NOT NULL DEFAULT '150',
  PRIMARY KEY (`ID`)
) ENGINE=InnoDB AUTO_INCREMENT=3 DEFAULT CHARSET=utf8 COLLATE=utf8_unicode_ci;
/*!40101 SET character_set_client = @saved_cs_client */;

--
-- Dumping data for table `b_smile_set`
--

LOCK TABLES `b_smile_set` WRITE;
/*!40000 ALTER TABLE `b_smile_set` DISABLE KEYS */;
INSERT INTO `b_smile_set` VALUES (1,'P',0,'bitrix',150),(2,'G',1,'bitrix_main',150);
/*!40000 ALTER TABLE `b_smile_set` ENABLE KEYS */;
UNLOCK TABLES;

--
-- Table structure for table `b_socialservices_ap`
--

DROP TABLE IF EXISTS `b_socialservices_ap`;
/*!40101 SET @saved_cs_client     = @@character_set_client */;
/*!40101 SET character_set_client = utf8 */;
CREATE TABLE `b_socialservices_ap` (
  `ID` int(11) NOT NULL AUTO_INCREMENT,
  `TIMESTAMP_X` timestamp NULL DEFAULT CURRENT_TIMESTAMP,
  `USER_ID` int(11) NOT NULL,
  `DOMAIN` varchar(255) COLLATE utf8_unicode_ci NOT NULL,
  `ENDPOINT` varchar(255) COLLATE utf8_unicode_ci DEFAULT NULL,
  `LOGIN` varchar(50) COLLATE utf8_unicode_ci DEFAULT NULL,
  `PASSWORD` varchar(50) COLLATE utf8_unicode_ci DEFAULT NULL,
  `LAST_AUTHORIZE` datetime DEFAULT NULL,
  `SETTINGS` varchar(1000) COLLATE utf8_unicode_ci DEFAULT NULL,
  PRIMARY KEY (`ID`),
  KEY `ix_socialservices_ap1` (`USER_ID`,`DOMAIN`)
) ENGINE=InnoDB DEFAULT CHARSET=utf8 COLLATE=utf8_unicode_ci;
/*!40101 SET character_set_client = @saved_cs_client */;

--
-- Dumping data for table `b_socialservices_ap`
--

LOCK TABLES `b_socialservices_ap` WRITE;
/*!40000 ALTER TABLE `b_socialservices_ap` DISABLE KEYS */;
/*!40000 ALTER TABLE `b_socialservices_ap` ENABLE KEYS */;
UNLOCK TABLES;

--
-- Table structure for table `b_socialservices_contact`
--

DROP TABLE IF EXISTS `b_socialservices_contact`;
/*!40101 SET @saved_cs_client     = @@character_set_client */;
/*!40101 SET character_set_client = utf8 */;
CREATE TABLE `b_socialservices_contact` (
  `ID` int(11) NOT NULL AUTO_INCREMENT,
  `TIMESTAMP_X` timestamp NULL DEFAULT CURRENT_TIMESTAMP,
  `USER_ID` int(11) NOT NULL,
  `CONTACT_USER_ID` int(11) DEFAULT NULL,
  `CONTACT_XML_ID` int(11) DEFAULT NULL,
  `CONTACT_NAME` varchar(255) COLLATE utf8_unicode_ci DEFAULT NULL,
  `CONTACT_LAST_NAME` varchar(255) COLLATE utf8_unicode_ci DEFAULT NULL,
  `CONTACT_PHOTO` varchar(255) COLLATE utf8_unicode_ci DEFAULT NULL,
  `LAST_AUTHORIZE` datetime DEFAULT NULL,
  `NOTIFY` char(1) COLLATE utf8_unicode_ci DEFAULT 'N',
  PRIMARY KEY (`ID`),
  KEY `ix_b_socialservices_contact1` (`USER_ID`),
  KEY `ix_b_socialservices_contact2` (`CONTACT_USER_ID`),
  KEY `ix_b_socialservices_contact3` (`TIMESTAMP_X`),
  KEY `ix_b_socialservices_contact4` (`LAST_AUTHORIZE`)
) ENGINE=InnoDB DEFAULT CHARSET=utf8 COLLATE=utf8_unicode_ci;
/*!40101 SET character_set_client = @saved_cs_client */;

--
-- Dumping data for table `b_socialservices_contact`
--

LOCK TABLES `b_socialservices_contact` WRITE;
/*!40000 ALTER TABLE `b_socialservices_contact` DISABLE KEYS */;
/*!40000 ALTER TABLE `b_socialservices_contact` ENABLE KEYS */;
UNLOCK TABLES;

--
-- Table structure for table `b_socialservices_contact_connect`
--

DROP TABLE IF EXISTS `b_socialservices_contact_connect`;
/*!40101 SET @saved_cs_client     = @@character_set_client */;
/*!40101 SET character_set_client = utf8 */;
CREATE TABLE `b_socialservices_contact_connect` (
  `ID` int(11) NOT NULL AUTO_INCREMENT,
  `TIMESTAMP_X` timestamp NULL DEFAULT CURRENT_TIMESTAMP,
  `CONTACT_ID` int(11) DEFAULT NULL,
  `LINK_ID` int(11) DEFAULT NULL,
  `CONTACT_PROFILE_ID` int(11) NOT NULL,
  `CONTACT_PORTAL` varchar(255) COLLATE utf8_unicode_ci NOT NULL,
  `CONNECT_TYPE` char(1) COLLATE utf8_unicode_ci DEFAULT 'P',
  `LAST_AUTHORIZE` datetime DEFAULT NULL,
  PRIMARY KEY (`ID`),
  KEY `ix_b_socialservices_contact_connect1` (`CONTACT_ID`),
  KEY `ix_b_socialservices_contact_connect2` (`LINK_ID`),
  KEY `ix_b_socialservices_contact_connect3` (`LAST_AUTHORIZE`)
) ENGINE=InnoDB DEFAULT CHARSET=utf8 COLLATE=utf8_unicode_ci;
/*!40101 SET character_set_client = @saved_cs_client */;

--
-- Dumping data for table `b_socialservices_contact_connect`
--

LOCK TABLES `b_socialservices_contact_connect` WRITE;
/*!40000 ALTER TABLE `b_socialservices_contact_connect` DISABLE KEYS */;
/*!40000 ALTER TABLE `b_socialservices_contact_connect` ENABLE KEYS */;
UNLOCK TABLES;

--
-- Table structure for table `b_socialservices_message`
--

DROP TABLE IF EXISTS `b_socialservices_message`;
/*!40101 SET @saved_cs_client     = @@character_set_client */;
/*!40101 SET character_set_client = utf8 */;
CREATE TABLE `b_socialservices_message` (
  `ID` int(11) NOT NULL AUTO_INCREMENT,
  `USER_ID` int(11) NOT NULL,
  `SOCSERV_USER_ID` int(11) NOT NULL,
  `PROVIDER` varchar(100) COLLATE utf8_unicode_ci NOT NULL,
  `MESSAGE` varchar(1000) COLLATE utf8_unicode_ci DEFAULT NULL,
  `INSERT_DATE` datetime DEFAULT NULL,
  `SUCCES_SENT` char(1) COLLATE utf8_unicode_ci NOT NULL DEFAULT 'N',
  PRIMARY KEY (`ID`)
) ENGINE=InnoDB DEFAULT CHARSET=utf8 COLLATE=utf8_unicode_ci;
/*!40101 SET character_set_client = @saved_cs_client */;

--
-- Dumping data for table `b_socialservices_message`
--

LOCK TABLES `b_socialservices_message` WRITE;
/*!40000 ALTER TABLE `b_socialservices_message` DISABLE KEYS */;
/*!40000 ALTER TABLE `b_socialservices_message` ENABLE KEYS */;
UNLOCK TABLES;

--
-- Table structure for table `b_socialservices_user`
--

DROP TABLE IF EXISTS `b_socialservices_user`;
/*!40101 SET @saved_cs_client     = @@character_set_client */;
/*!40101 SET character_set_client = utf8 */;
CREATE TABLE `b_socialservices_user` (
  `ID` int(11) NOT NULL AUTO_INCREMENT,
  `LOGIN` varchar(100) COLLATE utf8_unicode_ci NOT NULL,
  `NAME` varchar(100) COLLATE utf8_unicode_ci DEFAULT NULL,
  `LAST_NAME` varchar(100) COLLATE utf8_unicode_ci DEFAULT NULL,
  `EMAIL` varchar(100) COLLATE utf8_unicode_ci DEFAULT NULL,
  `PERSONAL_PHOTO` int(11) DEFAULT NULL,
  `EXTERNAL_AUTH_ID` varchar(100) COLLATE utf8_unicode_ci NOT NULL,
  `USER_ID` int(11) NOT NULL,
  `XML_ID` varchar(100) COLLATE utf8_unicode_ci NOT NULL,
  `CAN_DELETE` char(1) COLLATE utf8_unicode_ci NOT NULL DEFAULT 'Y',
  `PERSONAL_WWW` varchar(100) COLLATE utf8_unicode_ci DEFAULT NULL,
  `PERMISSIONS` varchar(555) COLLATE utf8_unicode_ci DEFAULT NULL,
  `OATOKEN` varchar(3000) COLLATE utf8_unicode_ci DEFAULT NULL,
  `OATOKEN_EXPIRES` int(11) DEFAULT NULL,
  `OASECRET` varchar(250) COLLATE utf8_unicode_ci DEFAULT NULL,
  `REFRESH_TOKEN` varchar(1000) COLLATE utf8_unicode_ci DEFAULT NULL,
  `SEND_ACTIVITY` char(1) COLLATE utf8_unicode_ci DEFAULT 'Y',
  `SITE_ID` varchar(50) COLLATE utf8_unicode_ci DEFAULT NULL,
  `INITIALIZED` char(1) COLLATE utf8_unicode_ci DEFAULT 'N',
  PRIMARY KEY (`ID`),
  UNIQUE KEY `IX_B_SOCIALSERVICES_USER` (`XML_ID`,`EXTERNAL_AUTH_ID`),
  KEY `IX_B_SOCIALSERVICES_US_1` (`USER_ID`),
  KEY `IX_B_SOCIALSERVICES_US_3` (`LOGIN`)
) ENGINE=InnoDB DEFAULT CHARSET=utf8 COLLATE=utf8_unicode_ci;
/*!40101 SET character_set_client = @saved_cs_client */;

--
-- Dumping data for table `b_socialservices_user`
--

LOCK TABLES `b_socialservices_user` WRITE;
/*!40000 ALTER TABLE `b_socialservices_user` DISABLE KEYS */;
/*!40000 ALTER TABLE `b_socialservices_user` ENABLE KEYS */;
UNLOCK TABLES;

--
-- Table structure for table `b_socialservices_user_link`
--

DROP TABLE IF EXISTS `b_socialservices_user_link`;
/*!40101 SET @saved_cs_client     = @@character_set_client */;
/*!40101 SET character_set_client = utf8 */;
CREATE TABLE `b_socialservices_user_link` (
  `ID` int(11) NOT NULL AUTO_INCREMENT,
  `USER_ID` int(11) NOT NULL,
  `SOCSERV_USER_ID` int(11) NOT NULL,
  `LINK_USER_ID` int(11) DEFAULT NULL,
  `LINK_UID` varchar(100) COLLATE utf8_unicode_ci NOT NULL,
  `LINK_NAME` varchar(255) COLLATE utf8_unicode_ci DEFAULT NULL,
  `LINK_LAST_NAME` varchar(255) COLLATE utf8_unicode_ci DEFAULT NULL,
  `LINK_PICTURE` varchar(255) COLLATE utf8_unicode_ci DEFAULT NULL,
  `LINK_EMAIL` varchar(255) COLLATE utf8_unicode_ci DEFAULT NULL,
  `TIMESTAMP_X` timestamp NULL DEFAULT NULL,
  PRIMARY KEY (`ID`),
  KEY `ix_b_socialservices_user_link_5` (`SOCSERV_USER_ID`),
  KEY `ix_b_socialservices_user_link_6` (`LINK_USER_ID`,`TIMESTAMP_X`),
  KEY `ix_b_socialservices_user_link_7` (`LINK_UID`)
) ENGINE=InnoDB DEFAULT CHARSET=utf8 COLLATE=utf8_unicode_ci;
/*!40101 SET character_set_client = @saved_cs_client */;

--
-- Dumping data for table `b_socialservices_user_link`
--

LOCK TABLES `b_socialservices_user_link` WRITE;
/*!40000 ALTER TABLE `b_socialservices_user_link` DISABLE KEYS */;
/*!40000 ALTER TABLE `b_socialservices_user_link` ENABLE KEYS */;
UNLOCK TABLES;

--
-- Table structure for table `b_sticker`
--

DROP TABLE IF EXISTS `b_sticker`;
/*!40101 SET @saved_cs_client     = @@character_set_client */;
/*!40101 SET character_set_client = utf8 */;
CREATE TABLE `b_sticker` (
  `ID` int(11) NOT NULL AUTO_INCREMENT,
  `SITE_ID` char(2) COLLATE utf8_unicode_ci DEFAULT NULL,
  `PAGE_URL` varchar(255) COLLATE utf8_unicode_ci NOT NULL,
  `PAGE_TITLE` varchar(255) COLLATE utf8_unicode_ci NOT NULL,
  `DATE_CREATE` datetime NOT NULL,
  `DATE_UPDATE` datetime NOT NULL,
  `MODIFIED_BY` int(18) NOT NULL,
  `CREATED_BY` int(18) NOT NULL,
  `PERSONAL` char(1) COLLATE utf8_unicode_ci NOT NULL DEFAULT 'N',
  `CONTENT` text COLLATE utf8_unicode_ci,
  `POS_TOP` int(11) DEFAULT NULL,
  `POS_LEFT` int(11) DEFAULT NULL,
  `WIDTH` int(11) DEFAULT NULL,
  `HEIGHT` int(11) DEFAULT NULL,
  `COLOR` int(11) DEFAULT NULL,
  `COLLAPSED` char(1) COLLATE utf8_unicode_ci NOT NULL DEFAULT 'N',
  `COMPLETED` char(1) COLLATE utf8_unicode_ci NOT NULL DEFAULT 'N',
  `CLOSED` char(1) COLLATE utf8_unicode_ci NOT NULL DEFAULT 'N',
  `DELETED` char(1) COLLATE utf8_unicode_ci NOT NULL DEFAULT 'N',
  `MARKER_TOP` int(11) DEFAULT NULL,
  `MARKER_LEFT` int(11) DEFAULT NULL,
  `MARKER_WIDTH` int(11) DEFAULT NULL,
  `MARKER_HEIGHT` int(11) DEFAULT NULL,
  `MARKER_ADJUST` text COLLATE utf8_unicode_ci,
  PRIMARY KEY (`ID`)
) ENGINE=InnoDB DEFAULT CHARSET=utf8 COLLATE=utf8_unicode_ci;
/*!40101 SET character_set_client = @saved_cs_client */;

--
-- Dumping data for table `b_sticker`
--

LOCK TABLES `b_sticker` WRITE;
/*!40000 ALTER TABLE `b_sticker` DISABLE KEYS */;
/*!40000 ALTER TABLE `b_sticker` ENABLE KEYS */;
UNLOCK TABLES;

--
-- Table structure for table `b_sticker_group_task`
--

DROP TABLE IF EXISTS `b_sticker_group_task`;
/*!40101 SET @saved_cs_client     = @@character_set_client */;
/*!40101 SET character_set_client = utf8 */;
CREATE TABLE `b_sticker_group_task` (
  `GROUP_ID` int(11) NOT NULL,
  `TASK_ID` int(11) NOT NULL,
  PRIMARY KEY (`GROUP_ID`,`TASK_ID`)
) ENGINE=InnoDB DEFAULT CHARSET=utf8 COLLATE=utf8_unicode_ci;
/*!40101 SET character_set_client = @saved_cs_client */;

--
-- Dumping data for table `b_sticker_group_task`
--

LOCK TABLES `b_sticker_group_task` WRITE;
/*!40000 ALTER TABLE `b_sticker_group_task` DISABLE KEYS */;
INSERT INTO `b_sticker_group_task` VALUES (5,29);
/*!40000 ALTER TABLE `b_sticker_group_task` ENABLE KEYS */;
UNLOCK TABLES;

--
-- Table structure for table `b_subscription`
--

DROP TABLE IF EXISTS `b_subscription`;
/*!40101 SET @saved_cs_client     = @@character_set_client */;
/*!40101 SET character_set_client = utf8 */;
CREATE TABLE `b_subscription` (
  `ID` int(11) NOT NULL AUTO_INCREMENT,
  `DATE_INSERT` datetime NOT NULL,
  `DATE_UPDATE` datetime DEFAULT NULL,
  `USER_ID` int(11) DEFAULT NULL,
  `ACTIVE` char(1) COLLATE utf8_unicode_ci NOT NULL DEFAULT 'Y',
  `EMAIL` varchar(255) COLLATE utf8_unicode_ci NOT NULL,
  `FORMAT` varchar(4) COLLATE utf8_unicode_ci NOT NULL DEFAULT 'text',
  `CONFIRM_CODE` varchar(8) COLLATE utf8_unicode_ci DEFAULT NULL,
  `CONFIRMED` char(1) COLLATE utf8_unicode_ci NOT NULL DEFAULT 'N',
  `DATE_CONFIRM` datetime NOT NULL,
  PRIMARY KEY (`ID`),
  UNIQUE KEY `UK_SUBSCRIPTION_EMAIL` (`EMAIL`,`USER_ID`),
  KEY `IX_DATE_CONFIRM` (`CONFIRMED`,`DATE_CONFIRM`)
) ENGINE=InnoDB DEFAULT CHARSET=utf8 COLLATE=utf8_unicode_ci;
/*!40101 SET character_set_client = @saved_cs_client */;

--
-- Dumping data for table `b_subscription`
--

LOCK TABLES `b_subscription` WRITE;
/*!40000 ALTER TABLE `b_subscription` DISABLE KEYS */;
/*!40000 ALTER TABLE `b_subscription` ENABLE KEYS */;
UNLOCK TABLES;

--
-- Table structure for table `b_subscription_rubric`
--

DROP TABLE IF EXISTS `b_subscription_rubric`;
/*!40101 SET @saved_cs_client     = @@character_set_client */;
/*!40101 SET character_set_client = utf8 */;
CREATE TABLE `b_subscription_rubric` (
  `SUBSCRIPTION_ID` int(11) NOT NULL,
  `LIST_RUBRIC_ID` int(11) NOT NULL,
  UNIQUE KEY `UK_SUBSCRIPTION_RUBRIC` (`SUBSCRIPTION_ID`,`LIST_RUBRIC_ID`)
) ENGINE=InnoDB DEFAULT CHARSET=utf8 COLLATE=utf8_unicode_ci;
/*!40101 SET character_set_client = @saved_cs_client */;

--
-- Dumping data for table `b_subscription_rubric`
--

LOCK TABLES `b_subscription_rubric` WRITE;
/*!40000 ALTER TABLE `b_subscription_rubric` DISABLE KEYS */;
/*!40000 ALTER TABLE `b_subscription_rubric` ENABLE KEYS */;
UNLOCK TABLES;

--
-- Table structure for table `b_task`
--

DROP TABLE IF EXISTS `b_task`;
/*!40101 SET @saved_cs_client     = @@character_set_client */;
/*!40101 SET character_set_client = utf8 */;
CREATE TABLE `b_task` (
  `ID` int(18) NOT NULL AUTO_INCREMENT,
  `NAME` varchar(100) COLLATE utf8_unicode_ci NOT NULL,
  `LETTER` char(1) COLLATE utf8_unicode_ci DEFAULT NULL,
  `MODULE_ID` varchar(50) COLLATE utf8_unicode_ci NOT NULL,
  `SYS` char(1) COLLATE utf8_unicode_ci NOT NULL,
  `DESCRIPTION` varchar(255) COLLATE utf8_unicode_ci DEFAULT NULL,
  `BINDING` varchar(50) COLLATE utf8_unicode_ci DEFAULT 'module',
  PRIMARY KEY (`ID`),
  KEY `ix_task` (`MODULE_ID`,`BINDING`,`LETTER`,`SYS`)
) ENGINE=InnoDB AUTO_INCREMENT=50 DEFAULT CHARSET=utf8 COLLATE=utf8_unicode_ci;
/*!40101 SET character_set_client = @saved_cs_client */;

--
-- Dumping data for table `b_task`
--

LOCK TABLES `b_task` WRITE;
/*!40000 ALTER TABLE `b_task` DISABLE KEYS */;
INSERT INTO `b_task` VALUES (1,'main_denied','D','main','Y',NULL,'module'),(2,'main_change_profile','P','main','Y',NULL,'module'),(3,'main_view_all_settings','R','main','Y',NULL,'module'),(4,'main_view_all_settings_change_profile','T','main','Y',NULL,'module'),(5,'main_edit_subordinate_users','V','main','Y',NULL,'module'),(6,'main_full_access','W','main','Y',NULL,'module'),(7,'fm_folder_access_denied','D','main','Y',NULL,'file'),(8,'fm_folder_access_read','R','main','Y',NULL,'file'),(9,'fm_folder_access_write','W','main','Y',NULL,'file'),(10,'fm_folder_access_full','X','main','Y',NULL,'file'),(11,'fm_folder_access_workflow','U','main','Y',NULL,'file'),(12,'bitrixcloud_deny','D','bitrixcloud','Y',NULL,'module'),(13,'bitrixcloud_control','W','bitrixcloud','Y',NULL,'module'),(14,'clouds_denied','D','clouds','Y',NULL,'module'),(15,'clouds_browse','F','clouds','Y',NULL,'module'),(16,'clouds_upload','U','clouds','Y',NULL,'module'),(17,'clouds_full_access','W','clouds','Y',NULL,'module'),(18,'fileman_denied','D','fileman','Y','','module'),(19,'fileman_allowed_folders','F','fileman','Y','','module'),(20,'fileman_full_access','W','fileman','Y','','module'),(21,'medialib_denied','D','fileman','Y','','medialib'),(22,'medialib_view','F','fileman','Y','','medialib'),(23,'medialib_only_new','R','fileman','Y','','medialib'),(24,'medialib_edit_items','V','fileman','Y','','medialib'),(25,'medialib_editor','W','fileman','Y','','medialib'),(26,'medialib_full','X','fileman','Y','','medialib'),(27,'stickers_denied','D','fileman','Y','','stickers'),(28,'stickers_read','R','fileman','Y','','stickers'),(29,'stickers_edit','W','fileman','Y','','stickers'),(30,'hblock_denied','D','highloadblock','Y',NULL,'module'),(31,'hblock_read','R','highloadblock','Y',NULL,'module'),(32,'hblock_write','W','highloadblock','Y',NULL,'module'),(33,'iblock_deny','D','iblock','Y',NULL,'iblock'),(34,'iblock_read','R','iblock','Y',NULL,'iblock'),(35,'iblock_element_add','E','iblock','Y',NULL,'iblock'),(36,'iblock_admin_read','S','iblock','Y',NULL,'iblock'),(37,'iblock_admin_add','T','iblock','Y',NULL,'iblock'),(38,'iblock_limited_edit','U','iblock','Y',NULL,'iblock'),(39,'iblock_full_edit','W','iblock','Y',NULL,'iblock'),(40,'iblock_full','X','iblock','Y',NULL,'iblock'),(41,'security_denied','D','security','Y',NULL,'module'),(42,'security_filter','F','security','Y',NULL,'module'),(43,'security_otp','S','security','Y',NULL,'module'),(44,'security_view_all_settings','T','security','Y',NULL,'module'),(45,'security_full_access','W','security','Y',NULL,'module'),(46,'seo_denied','D','seo','Y','','module'),(47,'seo_edit','F','seo','Y','','module'),(48,'seo_full_access','W','seo','Y','','module'),(49,'-','Q','main','N','     .  ','module');
/*!40000 ALTER TABLE `b_task` ENABLE KEYS */;
UNLOCK TABLES;

--
-- Table structure for table `b_task_operation`
--

DROP TABLE IF EXISTS `b_task_operation`;
/*!40101 SET @saved_cs_client     = @@character_set_client */;
/*!40101 SET character_set_client = utf8 */;
CREATE TABLE `b_task_operation` (
  `TASK_ID` int(18) NOT NULL,
  `OPERATION_ID` int(18) NOT NULL,
  PRIMARY KEY (`TASK_ID`,`OPERATION_ID`)
) ENGINE=InnoDB DEFAULT CHARSET=utf8 COLLATE=utf8_unicode_ci;
/*!40101 SET character_set_client = @saved_cs_client */;

--
-- Dumping data for table `b_task_operation`
--

LOCK TABLES `b_task_operation` WRITE;
/*!40000 ALTER TABLE `b_task_operation` DISABLE KEYS */;
INSERT INTO `b_task_operation` VALUES (2,2),(2,3),(3,2),(3,4),(3,5),(3,6),(3,7),(4,2),(4,3),(4,4),(4,5),(4,6),(4,7),(5,2),(5,3),(5,5),(5,6),(5,7),(5,8),(5,9),(6,2),(6,3),(6,4),(6,5),(6,6),(6,7),(6,10),(6,11),(6,12),(6,13),(6,14),(6,15),(6,16),(6,17),(6,18),(8,19),(8,20),(8,21),(9,19),(9,20),(9,21),(9,22),(9,23),(9,24),(9,25),(9,26),(9,27),(9,28),(9,29),(9,30),(9,31),(9,32),(9,33),(9,34),(10,19),(10,20),(10,21),(10,22),(10,23),(10,24),(10,25),(10,26),(10,27),(10,28),(10,29),(10,30),(10,31),(10,32),(10,33),(10,34),(10,35),(11,19),(11,20),(11,21),(11,24),(11,28),(13,36),(13,37),(13,38),(15,39),(16,39),(16,40),(17,39),(17,40),(17,41),(19,44),(19,45),(19,46),(19,47),(19,48),(19,49),(19,50),(19,52),(19,53),(20,42),(20,43),(20,44),(20,45),(20,46),(20,47),(20,48),(20,49),(20,50),(20,51),(20,52),(20,53),(20,54),(22,55),(23,55),(23,56),(23,60),(24,55),(24,60),(24,61),(24,62),(25,55),(25,56),(25,57),(25,58),(25,60),(25,61),(25,62),(26,55),(26,56),(26,57),(26,58),(26,59),(26,60),(26,61),(26,62),(28,63),(29,63),(29,64),(29,65),(29,66),(31,67),(32,68),(32,69),(34,70),(34,71),(35,72),(36,70),(36,71),(36,73),(37,70),(37,71),(37,72),(37,73),(38,70),(38,71),(38,72),(38,73),(38,74),(38,75),(38,76),(38,77),(39,70),(39,71),(39,72),(39,73),(39,74),(39,75),(39,76),(39,77),(39,78),(39,79),(39,80),(39,81),(40,70),(40,71),(40,72),(40,73),(40,74),(40,75),(40,76),(40,77),(40,78),(40,79),(40,80),(40,81),(40,82),(40,83),(40,84),(40,85),(40,86),(40,87),(42,88),(43,89),(44,90),(44,91),(44,92),(44,93),(44,94),(44,95),(44,96),(44,97),(44,98),(44,99),(44,100),(45,88),(45,89),(45,90),(45,91),(45,92),(45,93),(45,94),(45,95),(45,96),(45,97),(45,98),(45,99),(45,100),(45,101),(45,102),(45,103),(45,104),(45,105),(45,106),(45,107),(45,108),(45,109),(45,110),(45,111),(45,112),(45,113),(47,115),(48,114),(48,115),(49,2),(49,3),(49,14);
/*!40000 ALTER TABLE `b_task_operation` ENABLE KEYS */;
UNLOCK TABLES;

--
-- Table structure for table `b_undo`
--

DROP TABLE IF EXISTS `b_undo`;
/*!40101 SET @saved_cs_client     = @@character_set_client */;
/*!40101 SET character_set_client = utf8 */;
CREATE TABLE `b_undo` (
  `ID` varchar(255) COLLATE utf8_unicode_ci NOT NULL,
  `MODULE_ID` varchar(50) COLLATE utf8_unicode_ci DEFAULT NULL,
  `UNDO_TYPE` varchar(50) COLLATE utf8_unicode_ci DEFAULT NULL,
  `UNDO_HANDLER` varchar(255) COLLATE utf8_unicode_ci DEFAULT NULL,
  `CONTENT` mediumtext COLLATE utf8_unicode_ci,
  `USER_ID` int(11) DEFAULT NULL,
  `TIMESTAMP_X` int(11) DEFAULT NULL,
  PRIMARY KEY (`ID`)
) ENGINE=InnoDB DEFAULT CHARSET=utf8 COLLATE=utf8_unicode_ci;
/*!40101 SET character_set_client = @saved_cs_client */;

--
-- Dumping data for table `b_undo`
--

LOCK TABLES `b_undo` WRITE;
/*!40000 ALTER TABLE `b_undo` DISABLE KEYS */;
INSERT INTO `b_undo` VALUES ('106be7b25db7ac2922d617778276a0124','fileman','new_section','CFileman::UndoNewSection','a:4:{s:7:\"absPath\";s:35:\"/var/www/exam2tier2_demo2/ex2/site2\";s:4:\"path\";s:10:\"/ex2/site2\";s:4:\"site\";s:2:\"s1\";s:4:\"menu\";a:3:{s:8:\"menuFile\";s:19:\"/ex2/.left.menu.php\";s:8:\"menuName\";s:21:\" \";s:8:\"menuPath\";s:11:\"/ex2/site2/\";}}',1,1523878595),('117b015b363211e1ef0f7f74a9d12b758','fileman','edit_component_props','CFileman::UndoEditFile','a:2:{s:7:\"absPath\";s:45:\"/var/www/exam2tier2_demo2/ex2/site2/index.php\";s:7:\"content\";s:3448:\"<?\nrequire($_SERVER[\"DOCUMENT_ROOT\"].\"/bitrix/header.php\");\n$APPLICATION->SetTitle(\"Furniture company\");\n?>\n<?$APPLICATION->IncludeComponent(\"bitrix:news.list\", \"news_list\", Array(\n	\"COMPONENT_TEMPLATE\" => \".default\",\n		\"IBLOCK_TYPE\" => \"news\",	// Type of information block (used for verification only)\n		\"IBLOCK_ID\" => \"1\",	// Information block code\n		\"NEWS_COUNT\" => \"20\",	// News per page\n		\"SORT_BY1\" => \"ACTIVE_FROM\",	// Field for the news first sorting pass\n		\"SORT_ORDER1\" => \"DESC\",	// Direction for the news first sorting pass\n		\"SORT_BY2\" => \"SORT\",	// Field for the news second sorting pass\n		\"SORT_ORDER2\" => \"ASC\",	// Direction for the news second sorting pass\n		\"FILTER_NAME\" => \"\",	// Filter\n		\"FIELD_CODE\" => array(	// Fields\n			0 => \"\",\n			1 => \"\",\n		),\n		\"PROPERTY_CODE\" => array(	// Properties\n			0 => \"\",\n			1 => \"\",\n		),\n		\"CHECK_DATES\" => \"Y\",	// Show only currently active elements\n		\"DETAIL_URL\" => \"\",	// Detail page URL (from information block settings by default)\n		\"AJAX_MODE\" => \"N\",	// Enable AJAX mode\n		\"AJAX_OPTION_JUMP\" => \"N\",	// Enable scrolling to component\'s top\n		\"AJAX_OPTION_STYLE\" => \"Y\",	// Enable styles loading\n		\"AJAX_OPTION_HISTORY\" => \"N\",	// Emulate browser navigation\n		\"AJAX_OPTION_ADDITIONAL\" => \"\",	// Additional ID\n		\"CACHE_TYPE\" => \"A\",	// Cache type\n		\"CACHE_TIME\" => \"36000000\",	// Cache time (sec.)\n		\"CACHE_FILTER\" => \"N\",	// Cache if the filter is active\n		\"CACHE_GROUPS\" => \"Y\",	// Respect Access Permissions\n		\"PREVIEW_TRUNCATE_LEN\" => \"\",	// Maximum preview text length (for Text type only)\n		\"ACTIVE_DATE_FORMAT\" => \"m/d/Y\",	// Date display format\n		\"SET_TITLE\" => \"Y\",	// Set page title\n		\"SET_BROWSER_TITLE\" => \"Y\",	// Set browser window title\n		\"SET_META_KEYWORDS\" => \"Y\",	// Set page keywords\n		\"SET_META_DESCRIPTION\" => \"Y\",	// Set page description\n		\"SET_LAST_MODIFIED\" => \"N\",	// Set page last modified date to response header\n		\"INCLUDE_IBLOCK_INTO_CHAIN\" => \"Y\",	// Include information block into navigation chain\n		\"ADD_SECTIONS_CHAIN\" => \"Y\",	// Add Section name to breadcrumb navigation\n		\"HIDE_LINK_WHEN_NO_DETAIL\" => \"N\",	// Hide link to the details page if no detailed description provided\n		\"PARENT_SECTION\" => \"\",	// Section ID\n		\"PARENT_SECTION_CODE\" => \"\",	// Section code\n		\"INCLUDE_SUBSECTIONS\" => \"Y\",	// Show elements from subsections\n		\"STRICT_SECTION_CHECK\" => \"N\",	// Check parent section when showing list\n		\"DISPLAY_DATE\" => \"Y\",	// Display element date\n		\"DISPLAY_NAME\" => \"Y\",	// Display element title\n		\"DISPLAY_PICTURE\" => \"Y\",	// Display element preview picture\n		\"DISPLAY_PREVIEW_TEXT\" => \"Y\",	// Display element preview text\n		\"PAGER_TEMPLATE\" => \".default\",	// Breadcrumb navigation template\n		\"DISPLAY_TOP_PAGER\" => \"N\",	// Display at the top of the list\n		\"DISPLAY_BOTTOM_PAGER\" => \"Y\",	// Display at the bottom of the list\n		\"PAGER_TITLE\" => \"News\",	// Category name\n		\"PAGER_SHOW_ALWAYS\" => \"N\",	// Always show the pager\n		\"PAGER_DESC_NUMBERING\" => \"N\",	// Use reverse page navigation\n		\"PAGER_DESC_NUMBERING_CACHE_TIME\" => \"36000\",	// Cache time for pages with reverse page navigation\n		\"PAGER_SHOW_ALL\" => \"N\",	// Show the ALL link\n		\"PAGER_BASE_LINK_ENABLE\" => \"N\",	// Enable link processing\n		\"SET_STATUS_404\" => \"N\",	// Set status 404\n		\"SHOW_404\" => \"N\",	// Show page\n		\"MESSAGE_404\" => \"\",	// Show this message (a component provided message is used by default)\n	),\n	false\n);?>\n<?require($_SERVER[\"DOCUMENT_ROOT\"].\"/bitrix/footer.php\");?>\";}',1,1523880416),('1237351b6aa39419124f13c395ccbc67e','fileman','edit_file','CFileman::UndoEditFile','a:2:{s:7:\"absPath\";s:95:\"/var/www/exam2tier2_demo2/var/www/exam2tier2_demo2/local/php_interface/include/EventHandler.php\";s:7:\"content\";N;}',1,1523879826),('12acf936b017b1c643a141639cd8d674d','fileman','edit_component_props','CFileman::UndoEditFile','a:2:{s:7:\"absPath\";s:50:\"/var/www/exam2tier2_demo2/ex2/simplecomp/index.php\";s:7:\"content\";s:271:\"<?\nrequire($_SERVER[\"DOCUMENT_ROOT\"].\"/bitrix/header.php\");\n$APPLICATION->SetTitle(\" \");\n?>\n<?$APPLICATION->IncludeComponent(\n	\"custom:simplecomp.exam\",\n	\".default\",\nArray()\n);?>\n<?require($_SERVER[\"DOCUMENT_ROOT\"].\"/bitrix/footer.php\");?>\";}',1,1523864796),('12c389aaacf7e2339b1dbb9b7823f6a8a','fileman','edit_file','CFileman::UndoEditFile','a:2:{s:7:\"absPath\";s:45:\"/var/www/exam2tier2_demo2/ex2/site2/index.php\";s:7:\"content\";s:188:\"<?\nrequire($_SERVER[\"DOCUMENT_ROOT\"].\"/bitrix/header.php\");\n$APPLICATION->SetTitle(\" \");\n?>\n\nText here....\n\n<?require($_SERVER[\"DOCUMENT_ROOT\"].\"/bitrix/footer.php\");?>\";}',1,1523879226),('1429788d99b8708ee831c364c5e325fa4','fileman','edit_menu','CFileman::UndoNewFile','a:3:{s:7:\"absPath\";s:109:\"/var/www/exam2tier2_demo2/var/www/exam2tier2_demo2/local/php_interface/include/EventHandler.php/.top.menu.php\";s:4:\"path\";s:84:\"/var/www/exam2tier2_demo2/local/php_interface/include/EventHandler.php/.top.menu.php\";s:4:\"site\";s:2:\"s2\";}',1,1523878834),('148a2af6dbac308da0e4845e70c993857','fileman','edit_file','CFileman::UndoEditFile','a:2:{s:7:\"absPath\";s:95:\"/var/www/exam2tier2_demo2/var/www/exam2tier2_demo2/local/php_interface/include/EventHandler.php\";s:7:\"content\";N;}',1,1523863861),('17c6f37ef4903fd56cbda62ec05e2086c','fileman','edit_component_props','CFileman::UndoEditFile','a:2:{s:7:\"absPath\";s:45:\"/var/www/exam2tier2_demo2/ex2/site2/index.php\";s:7:\"content\";s:264:\"<?\nrequire($_SERVER[\"DOCUMENT_ROOT\"].\"/bitrix/header.php\");\n$APPLICATION->SetTitle(\"Furniture company\");\n?>\n\nText here....\n<?$APPLICATION->IncludeComponent(\n	\"bitrix:main.site.selector\",\n	\"\",\nArray()\n)?>\n<?require($_SERVER[\"DOCUMENT_ROOT\"].\"/bitrix/footer.php\");?>\";}',1,1523879342),('18761b4ef1967fca366fe6dbedbff3795','fileman','edit_file','CFileman::UndoEditFile','a:2:{s:7:\"absPath\";s:95:\"/var/www/exam2tier2_demo2/var/www/exam2tier2_demo2/local/php_interface/include/EventHandler.php\";s:7:\"content\";N;}',1,1523863748),('18d4c86e7368e71fb6040386610758dc6','fileman','new_section','CFileman::UndoNewSection','a:4:{s:7:\"absPath\";s:29:\"/var/www/exam2tier2_demo2/ex2\";s:4:\"path\";s:4:\"/ex2\";s:4:\"site\";s:2:\"s1\";s:4:\"menu\";a:3:{s:8:\"menuFile\";s:14:\"/.top.menu.php\";s:8:\"menuName\";s:19:\" 2\";s:8:\"menuPath\";s:5:\"/ex2/\";}}',1,1523862908),('1adfc665a886d137479fdebe4c134f305','fileman','edit_file','CFileman::UndoEditFile','a:2:{s:7:\"absPath\";s:95:\"/var/www/exam2tier2_demo2/var/www/exam2tier2_demo2/local/php_interface/include/EventHandler.php\";s:7:\"content\";N;}',1,1523879265),('1bff6dde037e32a0a392d0cf4fb542b11','fileman','edit_file','CFileman::UndoEditFile','a:2:{s:7:\"absPath\";s:95:\"/var/www/exam2tier2_demo2/var/www/exam2tier2_demo2/local/php_interface/include/EventHandler.php\";s:7:\"content\";s:163:\"<?\nrequire($_SERVER[\"DOCUMENT_ROOT\"].\"/bitrix/header.php\");\n$APPLICATION->SetTitle(\"\");\n?>Text here....<?require($_SERVER[\"DOCUMENT_ROOT\"].\"/bitrix/footer.php\");?>\";}',1,1523863150),('1d9a6a4f02170ca521556bfdbfefe952b','fileman','edit_section','CFileman::UndoEditFile','a:2:{s:7:\"absPath\";s:48:\"/var/www/exam2tier2_demo2/ex2/site2/.section.php\";s:7:\"content\";s:76:\"<?\n$sSectionName = \" \";\n$arDirProperties = Array(\n\n);\n?>\";}',1,1523879162),('1f3d96641392084dde03bbccbe3749929','fileman','edit_component_props','CFileman::UndoEditFile','a:2:{s:7:\"absPath\";s:45:\"/var/www/exam2tier2_demo2/ex2/site2/index.php\";s:7:\"content\";s:241:\"<?\nrequire($_SERVER[\"DOCUMENT_ROOT\"].\"/bitrix/header.php\");\n$APPLICATION->SetTitle(\"Furniture company\");\n?>\n<?$APPLICATION->IncludeComponent(\n	\"bitrix:news.list\",\n	\"\",\nArray()\n);?>\n<?require($_SERVER[\"DOCUMENT_ROOT\"].\"/bitrix/footer.php\");?>\";}',1,1523879885),('1f74916083ef720a63e29420470adc011','fileman','new_section','CFileman::UndoNewSection','a:4:{s:7:\"absPath\";s:40:\"/var/www/exam2tier2_demo2/ex2/simplecomp\";s:4:\"path\";s:15:\"/ex2/simplecomp\";s:4:\"site\";s:2:\"s1\";s:4:\"menu\";a:3:{s:8:\"menuFile\";s:19:\"/ex2/.left.menu.php\";s:8:\"menuName\";s:33:\" \";s:8:\"menuPath\";s:16:\"/ex2/simplecomp/\";}}',1,1523862947),('1fbcbd3a1e89a4308e75e18179ac8ecc1','fileman','edit_file','CFileman::UndoEditFile','a:2:{s:7:\"absPath\";s:95:\"/var/www/exam2tier2_demo2/var/www/exam2tier2_demo2/local/php_interface/include/EventHandler.php\";s:7:\"content\";N;}',1,1523863669);
/*!40000 ALTER TABLE `b_undo` ENABLE KEYS */;
UNLOCK TABLES;

--
-- Table structure for table `b_urlpreview_metadata`
--

DROP TABLE IF EXISTS `b_urlpreview_metadata`;
/*!40101 SET @saved_cs_client     = @@character_set_client */;
/*!40101 SET character_set_client = utf8 */;
CREATE TABLE `b_urlpreview_metadata` (
  `ID` int(11) NOT NULL AUTO_INCREMENT,
  `URL` varchar(200) COLLATE utf8_unicode_ci NOT NULL,
  `TYPE` char(1) COLLATE utf8_unicode_ci NOT NULL DEFAULT 'S',
  `DATE_INSERT` datetime NOT NULL,
  `DATE_EXPIRE` datetime DEFAULT NULL,
  `TITLE` varchar(200) COLLATE utf8_unicode_ci DEFAULT NULL,
  `DESCRIPTION` text COLLATE utf8_unicode_ci,
  `IMAGE_ID` int(11) DEFAULT NULL,
  `IMAGE` varchar(255) COLLATE utf8_unicode_ci DEFAULT NULL,
  `EMBED` mediumtext COLLATE utf8_unicode_ci,
  `EXTRA` text COLLATE utf8_unicode_ci,
  PRIMARY KEY (`ID`),
  KEY `IX_URLPREVIEW_METADATA_URL` (`URL`)
) ENGINE=InnoDB DEFAULT CHARSET=utf8 COLLATE=utf8_unicode_ci;
/*!40101 SET character_set_client = @saved_cs_client */;

--
-- Dumping data for table `b_urlpreview_metadata`
--

LOCK TABLES `b_urlpreview_metadata` WRITE;
/*!40000 ALTER TABLE `b_urlpreview_metadata` DISABLE KEYS */;
/*!40000 ALTER TABLE `b_urlpreview_metadata` ENABLE KEYS */;
UNLOCK TABLES;

--
-- Table structure for table `b_urlpreview_route`
--

DROP TABLE IF EXISTS `b_urlpreview_route`;
/*!40101 SET @saved_cs_client     = @@character_set_client */;
/*!40101 SET character_set_client = utf8 */;
CREATE TABLE `b_urlpreview_route` (
  `ID` int(11) NOT NULL AUTO_INCREMENT,
  `ROUTE` varchar(200) COLLATE utf8_unicode_ci NOT NULL,
  `MODULE` varchar(50) COLLATE utf8_unicode_ci NOT NULL,
  `CLASS` varchar(150) COLLATE utf8_unicode_ci NOT NULL,
  `PARAMETERS` mediumtext COLLATE utf8_unicode_ci,
  PRIMARY KEY (`ID`),
  UNIQUE KEY `UX_URLPREVIEW_ROUTE_ROUTE` (`ROUTE`)
) ENGINE=InnoDB DEFAULT CHARSET=utf8 COLLATE=utf8_unicode_ci;
/*!40101 SET character_set_client = @saved_cs_client */;

--
-- Dumping data for table `b_urlpreview_route`
--

LOCK TABLES `b_urlpreview_route` WRITE;
/*!40000 ALTER TABLE `b_urlpreview_route` DISABLE KEYS */;
/*!40000 ALTER TABLE `b_urlpreview_route` ENABLE KEYS */;
UNLOCK TABLES;

--
-- Table structure for table `b_user`
--

DROP TABLE IF EXISTS `b_user`;
/*!40101 SET @saved_cs_client     = @@character_set_client */;
/*!40101 SET character_set_client = utf8 */;
CREATE TABLE `b_user` (
  `ID` int(18) NOT NULL AUTO_INCREMENT,
  `TIMESTAMP_X` timestamp NOT NULL DEFAULT CURRENT_TIMESTAMP ON UPDATE CURRENT_TIMESTAMP,
  `LOGIN` varchar(50) COLLATE utf8_unicode_ci NOT NULL,
  `PASSWORD` varchar(50) COLLATE utf8_unicode_ci NOT NULL,
  `CHECKWORD` varchar(50) COLLATE utf8_unicode_ci DEFAULT NULL,
  `ACTIVE` char(1) COLLATE utf8_unicode_ci NOT NULL DEFAULT 'Y',
  `NAME` varchar(50) COLLATE utf8_unicode_ci DEFAULT NULL,
  `LAST_NAME` varchar(50) COLLATE utf8_unicode_ci DEFAULT NULL,
  `EMAIL` varchar(255) COLLATE utf8_unicode_ci DEFAULT NULL,
  `LAST_LOGIN` datetime DEFAULT NULL,
  `DATE_REGISTER` datetime NOT NULL,
  `LID` char(2) COLLATE utf8_unicode_ci DEFAULT NULL,
  `PERSONAL_PROFESSION` varchar(255) COLLATE utf8_unicode_ci DEFAULT NULL,
  `PERSONAL_WWW` varchar(255) COLLATE utf8_unicode_ci DEFAULT NULL,
  `PERSONAL_ICQ` varchar(255) COLLATE utf8_unicode_ci DEFAULT NULL,
  `PERSONAL_GENDER` char(1) COLLATE utf8_unicode_ci DEFAULT NULL,
  `PERSONAL_BIRTHDATE` varchar(50) COLLATE utf8_unicode_ci DEFAULT NULL,
  `PERSONAL_PHOTO` int(18) DEFAULT NULL,
  `PERSONAL_PHONE` varchar(255) COLLATE utf8_unicode_ci DEFAULT NULL,
  `PERSONAL_FAX` varchar(255) COLLATE utf8_unicode_ci DEFAULT NULL,
  `PERSONAL_MOBILE` varchar(255) COLLATE utf8_unicode_ci DEFAULT NULL,
  `PERSONAL_PAGER` varchar(255) COLLATE utf8_unicode_ci DEFAULT NULL,
  `PERSONAL_STREET` text COLLATE utf8_unicode_ci,
  `PERSONAL_MAILBOX` varchar(255) COLLATE utf8_unicode_ci DEFAULT NULL,
  `PERSONAL_CITY` varchar(255) COLLATE utf8_unicode_ci DEFAULT NULL,
  `PERSONAL_STATE` varchar(255) COLLATE utf8_unicode_ci DEFAULT NULL,
  `PERSONAL_ZIP` varchar(255) COLLATE utf8_unicode_ci DEFAULT NULL,
  `PERSONAL_COUNTRY` varchar(255) COLLATE utf8_unicode_ci DEFAULT NULL,
  `PERSONAL_NOTES` text COLLATE utf8_unicode_ci,
  `WORK_COMPANY` varchar(255) COLLATE utf8_unicode_ci DEFAULT NULL,
  `WORK_DEPARTMENT` varchar(255) COLLATE utf8_unicode_ci DEFAULT NULL,
  `WORK_POSITION` varchar(255) COLLATE utf8_unicode_ci DEFAULT NULL,
  `WORK_WWW` varchar(255) COLLATE utf8_unicode_ci DEFAULT NULL,
  `WORK_PHONE` varchar(255) COLLATE utf8_unicode_ci DEFAULT NULL,
  `WORK_FAX` varchar(255) COLLATE utf8_unicode_ci DEFAULT NULL,
  `WORK_PAGER` varchar(255) COLLATE utf8_unicode_ci DEFAULT NULL,
  `WORK_STREET` text COLLATE utf8_unicode_ci,
  `WORK_MAILBOX` varchar(255) COLLATE utf8_unicode_ci DEFAULT NULL,
  `WORK_CITY` varchar(255) COLLATE utf8_unicode_ci DEFAULT NULL,
  `WORK_STATE` varchar(255) COLLATE utf8_unicode_ci DEFAULT NULL,
  `WORK_ZIP` varchar(255) COLLATE utf8_unicode_ci DEFAULT NULL,
  `WORK_COUNTRY` varchar(255) COLLATE utf8_unicode_ci DEFAULT NULL,
  `WORK_PROFILE` text COLLATE utf8_unicode_ci,
  `WORK_LOGO` int(18) DEFAULT NULL,
  `WORK_NOTES` text COLLATE utf8_unicode_ci,
  `ADMIN_NOTES` text COLLATE utf8_unicode_ci,
  `STORED_HASH` varchar(32) COLLATE utf8_unicode_ci DEFAULT NULL,
  `XML_ID` varchar(255) COLLATE utf8_unicode_ci DEFAULT NULL,
  `PERSONAL_BIRTHDAY` date DEFAULT NULL,
  `EXTERNAL_AUTH_ID` varchar(255) COLLATE utf8_unicode_ci DEFAULT NULL,
  `CHECKWORD_TIME` datetime DEFAULT NULL,
  `SECOND_NAME` varchar(50) COLLATE utf8_unicode_ci DEFAULT NULL,
  `CONFIRM_CODE` varchar(8) COLLATE utf8_unicode_ci DEFAULT NULL,
  `LOGIN_ATTEMPTS` int(18) DEFAULT NULL,
  `LAST_ACTIVITY_DATE` datetime DEFAULT NULL,
  `AUTO_TIME_ZONE` char(1) COLLATE utf8_unicode_ci DEFAULT NULL,
  `TIME_ZONE` varchar(50) COLLATE utf8_unicode_ci DEFAULT NULL,
  `TIME_ZONE_OFFSET` int(18) DEFAULT NULL,
  `TITLE` varchar(255) COLLATE utf8_unicode_ci DEFAULT NULL,
  `BX_USER_ID` varchar(32) COLLATE utf8_unicode_ci DEFAULT NULL,
  `LANGUAGE_ID` char(2) COLLATE utf8_unicode_ci DEFAULT NULL,
  PRIMARY KEY (`ID`),
  UNIQUE KEY `ix_login` (`LOGIN`,`EXTERNAL_AUTH_ID`),
  KEY `ix_b_user_email` (`EMAIL`),
  KEY `ix_b_user_activity_date` (`LAST_ACTIVITY_DATE`),
  KEY `IX_B_USER_XML_ID` (`XML_ID`)
) ENGINE=InnoDB AUTO_INCREMENT=6 DEFAULT CHARSET=utf8 COLLATE=utf8_unicode_ci;
/*!40101 SET character_set_client = @saved_cs_client */;

--
-- Dumping data for table `b_user`
--

LOCK TABLES `b_user` WRITE;
/*!40000 ALTER TABLE `b_user` DISABLE KEYS */;
INSERT INTO `b_user` VALUES (1,'2018-04-16 08:11:27','admin','DOijxIf4b6ecddf3a18d97f96c49c8572f356a4a','FL4b4FEV963aac86d2addb8d734d9414db4395c4','Y','ad','min','admin@ad.min','2018-04-16 12:47:11','2018-04-13 16:12:07','s1','','','','',NULL,NULL,'','','','','','','','','','0','','','','','','','','','','','','','','0','',NULL,'','',NULL,'',NULL,NULL,'2018-04-16 11:11:27','',NULL,0,NULL,'',NULL,NULL,'',NULL,''),(2,'2018-04-16 06:26:20','manager','WLFjTwKYc2e2b05b9316d50bdeb83eb2e1b2038f','B1XGWCu94db64d0d8ae47c32756134e1e232056c','Y','','','manager@manager.ru','2018-04-16 09:56:26','2018-04-16 09:26:20','s1','','','','',NULL,NULL,'','','','','','','','','','0','','','','','','','','','','','','','','0','',NULL,'','',NULL,'',NULL,NULL,'2018-04-16 09:26:20','',NULL,0,NULL,'',NULL,NULL,'',NULL,''),(3,'2018-04-16 07:24:42','test1','fbwOzgXN1fb4aefad11684b19c4957dbb7c3f4ae','tLhFHsOn688aab1732784dd10d3d93b7de16c59f','Y','','','test@te.st',NULL,'2018-04-16 10:20:35','s1','','','','',NULL,NULL,'','','','','','','','','','0','','','','','','','','','','','','','','0','',NULL,'','',NULL,'',NULL,NULL,'2018-04-16 10:24:42','',NULL,NULL,NULL,'',NULL,NULL,'',NULL,''),(4,'2018-04-16 07:24:51','test2','WMTgMcf9a88b50536ee6dbb3b508fd6aa8dea63b','LicxxD4Pc43597e46176fdb1c803735b03fc6a24','Y','','','test@te.st',NULL,'2018-04-16 10:20:58','s1','','','','',NULL,NULL,'','','','','','','','','','0','','','','','','','','','','','','','','0','',NULL,'','',NULL,'',NULL,NULL,'2018-04-16 10:24:51','',NULL,NULL,NULL,'',NULL,NULL,'',NULL,''),(5,'2018-04-16 07:25:03','test3','ywvKBDne327cc8747e95dd83009951f8369e625d','pbFpgeM614662766eb9a25be2b9a9565c8e25841','Y','','','test@te.st',NULL,'2018-04-16 10:21:20','s1','','','','',NULL,NULL,'','','','','','','','','','0','','','','','','','','','','','','','','0','',NULL,'','',NULL,'',NULL,NULL,'2018-04-16 10:25:03','',NULL,NULL,NULL,'',NULL,NULL,'',NULL,'');
/*!40000 ALTER TABLE `b_user` ENABLE KEYS */;
UNLOCK TABLES;

--
-- Table structure for table `b_user_access`
--

DROP TABLE IF EXISTS `b_user_access`;
/*!40101 SET @saved_cs_client     = @@character_set_client */;
/*!40101 SET character_set_client = utf8 */;
CREATE TABLE `b_user_access` (
  `USER_ID` int(11) DEFAULT NULL,
  `PROVIDER_ID` varchar(50) COLLATE utf8_unicode_ci DEFAULT NULL,
  `ACCESS_CODE` varchar(100) COLLATE utf8_unicode_ci DEFAULT NULL,
  KEY `ix_ua_user_provider` (`USER_ID`,`PROVIDER_ID`),
  KEY `ix_ua_user_access` (`USER_ID`,`ACCESS_CODE`),
  KEY `ix_ua_access` (`ACCESS_CODE`)
) ENGINE=InnoDB DEFAULT CHARSET=utf8 COLLATE=utf8_unicode_ci;
/*!40101 SET character_set_client = @saved_cs_client */;

--
-- Dumping data for table `b_user_access`
--

LOCK TABLES `b_user_access` WRITE;
/*!40000 ALTER TABLE `b_user_access` DISABLE KEYS */;
INSERT INTO `b_user_access` VALUES (0,'group','G2'),(1,'user','U1'),(2,'group','G3'),(2,'group','G4'),(2,'group','G5'),(2,'group','G2'),(2,'user','U2'),(1,'group','G1'),(1,'group','G3'),(1,'group','G4'),(1,'group','G2');
/*!40000 ALTER TABLE `b_user_access` ENABLE KEYS */;
UNLOCK TABLES;

--
-- Table structure for table `b_user_access_check`
--

DROP TABLE IF EXISTS `b_user_access_check`;
/*!40101 SET @saved_cs_client     = @@character_set_client */;
/*!40101 SET character_set_client = utf8 */;
CREATE TABLE `b_user_access_check` (
  `USER_ID` int(11) DEFAULT NULL,
  `PROVIDER_ID` varchar(50) COLLATE utf8_unicode_ci DEFAULT NULL,
  KEY `ix_uac_user_provider` (`USER_ID`,`PROVIDER_ID`)
) ENGINE=InnoDB DEFAULT CHARSET=utf8 COLLATE=utf8_unicode_ci;
/*!40101 SET character_set_client = @saved_cs_client */;

--
-- Dumping data for table `b_user_access_check`
--

LOCK TABLES `b_user_access_check` WRITE;
/*!40000 ALTER TABLE `b_user_access_check` DISABLE KEYS */;
INSERT INTO `b_user_access_check` VALUES (1,'group'),(1,'user'),(2,'group'),(2,'user');
/*!40000 ALTER TABLE `b_user_access_check` ENABLE KEYS */;
UNLOCK TABLES;

--
-- Table structure for table `b_user_auth_action`
--

DROP TABLE IF EXISTS `b_user_auth_action`;
/*!40101 SET @saved_cs_client     = @@character_set_client */;
/*!40101 SET character_set_client = utf8 */;
CREATE TABLE `b_user_auth_action` (
  `ID` int(11) NOT NULL AUTO_INCREMENT,
  `USER_ID` int(11) NOT NULL,
  `PRIORITY` int(11) NOT NULL DEFAULT '100',
  `ACTION` varchar(20) COLLATE utf8_unicode_ci DEFAULT NULL,
  `ACTION_DATE` datetime NOT NULL,
  PRIMARY KEY (`ID`),
  KEY `ix_auth_action_user` (`USER_ID`,`PRIORITY`),
  KEY `ix_auth_action_date` (`ACTION_DATE`)
) ENGINE=InnoDB AUTO_INCREMENT=6 DEFAULT CHARSET=utf8 COLLATE=utf8_unicode_ci;
/*!40101 SET character_set_client = @saved_cs_client */;

--
-- Dumping data for table `b_user_auth_action`
--

LOCK TABLES `b_user_auth_action` WRITE;
/*!40000 ALTER TABLE `b_user_auth_action` DISABLE KEYS */;
INSERT INTO `b_user_auth_action` VALUES (3,3,200,'update','2018-04-16 10:20:35'),(4,4,200,'update','2018-04-16 10:20:59'),(5,5,200,'update','2018-04-16 10:21:20');
/*!40000 ALTER TABLE `b_user_auth_action` ENABLE KEYS */;
UNLOCK TABLES;

--
-- Table structure for table `b_user_counter`
--

DROP TABLE IF EXISTS `b_user_counter`;
/*!40101 SET @saved_cs_client     = @@character_set_client */;
/*!40101 SET character_set_client = utf8 */;
CREATE TABLE `b_user_counter` (
  `USER_ID` int(18) NOT NULL,
  `SITE_ID` char(2) COLLATE utf8_unicode_ci NOT NULL DEFAULT '**',
  `CODE` varchar(50) COLLATE utf8_unicode_ci NOT NULL,
  `CNT` int(18) NOT NULL DEFAULT '0',
  `LAST_DATE` datetime DEFAULT NULL,
  `TIMESTAMP_X` datetime NOT NULL DEFAULT '3000-01-01 00:00:00',
  `TAG` varchar(255) COLLATE utf8_unicode_ci DEFAULT NULL,
  `PARAMS` text COLLATE utf8_unicode_ci,
  `SENT` char(1) COLLATE utf8_unicode_ci DEFAULT '0',
  PRIMARY KEY (`USER_ID`,`SITE_ID`,`CODE`),
  KEY `ix_buc_tag` (`TAG`),
  KEY `ix_buc_code` (`CODE`),
  KEY `ix_buc_ts` (`TIMESTAMP_X`),
  KEY `ix_buc_sent_userid` (`SENT`,`USER_ID`)
) ENGINE=InnoDB DEFAULT CHARSET=utf8 COLLATE=utf8_unicode_ci;
/*!40101 SET character_set_client = @saved_cs_client */;

--
-- Dumping data for table `b_user_counter`
--

LOCK TABLES `b_user_counter` WRITE;
/*!40000 ALTER TABLE `b_user_counter` DISABLE KEYS */;
/*!40000 ALTER TABLE `b_user_counter` ENABLE KEYS */;
UNLOCK TABLES;

--
-- Table structure for table `b_user_digest`
--

DROP TABLE IF EXISTS `b_user_digest`;
/*!40101 SET @saved_cs_client     = @@character_set_client */;
/*!40101 SET character_set_client = utf8 */;
CREATE TABLE `b_user_digest` (
  `USER_ID` int(11) NOT NULL,
  `DIGEST_HA1` varchar(32) COLLATE utf8_unicode_ci NOT NULL,
  PRIMARY KEY (`USER_ID`)
) ENGINE=InnoDB DEFAULT CHARSET=utf8 COLLATE=utf8_unicode_ci;
/*!40101 SET character_set_client = @saved_cs_client */;

--
-- Dumping data for table `b_user_digest`
--

LOCK TABLES `b_user_digest` WRITE;
/*!40000 ALTER TABLE `b_user_digest` DISABLE KEYS */;
/*!40000 ALTER TABLE `b_user_digest` ENABLE KEYS */;
UNLOCK TABLES;

--
-- Table structure for table `b_user_field`
--

DROP TABLE IF EXISTS `b_user_field`;
/*!40101 SET @saved_cs_client     = @@character_set_client */;
/*!40101 SET character_set_client = utf8 */;
CREATE TABLE `b_user_field` (
  `ID` int(11) NOT NULL AUTO_INCREMENT,
  `ENTITY_ID` varchar(20) COLLATE utf8_unicode_ci DEFAULT NULL,
  `FIELD_NAME` varchar(20) COLLATE utf8_unicode_ci DEFAULT NULL,
  `USER_TYPE_ID` varchar(50) COLLATE utf8_unicode_ci DEFAULT NULL,
  `XML_ID` varchar(255) COLLATE utf8_unicode_ci DEFAULT NULL,
  `SORT` int(11) DEFAULT NULL,
  `MULTIPLE` char(1) COLLATE utf8_unicode_ci NOT NULL DEFAULT 'N',
  `MANDATORY` char(1) COLLATE utf8_unicode_ci NOT NULL DEFAULT 'N',
  `SHOW_FILTER` char(1) COLLATE utf8_unicode_ci NOT NULL DEFAULT 'N',
  `SHOW_IN_LIST` char(1) COLLATE utf8_unicode_ci NOT NULL DEFAULT 'Y',
  `EDIT_IN_LIST` char(1) COLLATE utf8_unicode_ci NOT NULL DEFAULT 'Y',
  `IS_SEARCHABLE` char(1) COLLATE utf8_unicode_ci NOT NULL DEFAULT 'N',
  `SETTINGS` text COLLATE utf8_unicode_ci,
  PRIMARY KEY (`ID`),
  UNIQUE KEY `ux_user_type_entity` (`ENTITY_ID`,`FIELD_NAME`)
) ENGINE=InnoDB AUTO_INCREMENT=8 DEFAULT CHARSET=utf8 COLLATE=utf8_unicode_ci;
/*!40101 SET character_set_client = @saved_cs_client */;

--
-- Dumping data for table `b_user_field`
--

LOCK TABLES `b_user_field` WRITE;
/*!40000 ALTER TABLE `b_user_field` DISABLE KEYS */;
INSERT INTO `b_user_field` VALUES (1,'BLOG_POST','UF_BLOG_POST_DOC','file','UF_BLOG_POST_DOC',100,'Y','N','N','N','Y','Y','a:0:{}'),(2,'BLOG_COMMENT','UF_BLOG_COMMENT_DOC','file','UF_BLOG_COMMENT_DOC',100,'Y','N','N','N','Y','Y','a:0:{}'),(3,'BLOG_POST','UF_BLOG_POST_URL_PRV','url_preview','UF_BLOG_POST_URL_PRV',100,'N','N','N','N','Y','Y','a:0:{}'),(4,'BLOG_COMMENT','UF_BLOG_COMM_URL_PRV','url_preview','UF_BLOG_COMM_URL_PRV',100,'N','N','N','N','Y','Y','a:0:{}'),(5,'BLOG_POST','UF_GRATITUDE','integer','UF_GRATITUDE',100,'N','N','N','N','Y','N','a:0:{}'),(6,'FORUM_MESSAGE','UF_FORUM_MES_URL_PRV','url_preview','UF_FORUM_MES_URL_PRV',100,'N','N','N','N','Y','N','a:0:{}'),(7,'USER','UF_AUTHOR_TYPE','enumeration','',100,'N','N','N','Y','Y','N','a:3:{s:7:\"DISPLAY\";s:4:\"LIST\";s:11:\"LIST_HEIGHT\";i:5;s:16:\"CAPTION_NO_VALUE\";s:0:\"\";}');
/*!40000 ALTER TABLE `b_user_field` ENABLE KEYS */;
UNLOCK TABLES;

--
-- Table structure for table `b_user_field_confirm`
--

DROP TABLE IF EXISTS `b_user_field_confirm`;
/*!40101 SET @saved_cs_client     = @@character_set_client */;
/*!40101 SET character_set_client = utf8 */;
CREATE TABLE `b_user_field_confirm` (
  `ID` int(18) NOT NULL AUTO_INCREMENT,
  `USER_ID` int(18) NOT NULL,
  `DATE_CHANGE` timestamp NOT NULL DEFAULT CURRENT_TIMESTAMP ON UPDATE CURRENT_TIMESTAMP,
  `FIELD` varchar(255) COLLATE utf8_unicode_ci NOT NULL,
  `FIELD_VALUE` varchar(255) COLLATE utf8_unicode_ci NOT NULL,
  `CONFIRM_CODE` varchar(32) COLLATE utf8_unicode_ci NOT NULL,
  PRIMARY KEY (`ID`),
  KEY `ix_b_user_field_confirm1` (`USER_ID`,`CONFIRM_CODE`)
) ENGINE=InnoDB DEFAULT CHARSET=utf8 COLLATE=utf8_unicode_ci;
/*!40101 SET character_set_client = @saved_cs_client */;

--
-- Dumping data for table `b_user_field_confirm`
--

LOCK TABLES `b_user_field_confirm` WRITE;
/*!40000 ALTER TABLE `b_user_field_confirm` DISABLE KEYS */;
/*!40000 ALTER TABLE `b_user_field_confirm` ENABLE KEYS */;
UNLOCK TABLES;

--
-- Table structure for table `b_user_field_enum`
--

DROP TABLE IF EXISTS `b_user_field_enum`;
/*!40101 SET @saved_cs_client     = @@character_set_client */;
/*!40101 SET character_set_client = utf8 */;
CREATE TABLE `b_user_field_enum` (
  `ID` int(11) NOT NULL AUTO_INCREMENT,
  `USER_FIELD_ID` int(11) DEFAULT NULL,
  `VALUE` varchar(255) COLLATE utf8_unicode_ci NOT NULL,
  `DEF` char(1) COLLATE utf8_unicode_ci NOT NULL DEFAULT 'N',
  `SORT` int(11) NOT NULL DEFAULT '500',
  `XML_ID` varchar(255) COLLATE utf8_unicode_ci NOT NULL,
  PRIMARY KEY (`ID`),
  UNIQUE KEY `ux_user_field_enum` (`USER_FIELD_ID`,`XML_ID`)
) ENGINE=InnoDB AUTO_INCREMENT=3 DEFAULT CHARSET=utf8 COLLATE=utf8_unicode_ci;
/*!40101 SET character_set_client = @saved_cs_client */;

--
-- Dumping data for table `b_user_field_enum`
--

LOCK TABLES `b_user_field_enum` WRITE;
/*!40000 ALTER TABLE `b_user_field_enum` DISABLE KEYS */;
INSERT INTO `b_user_field_enum` VALUES (1,7,'  1','Y',400,'20a141531ec207d95a233cdd69908a86'),(2,7,'  2','N',500,'b678bee18db381208da6748a241d2245');
/*!40000 ALTER TABLE `b_user_field_enum` ENABLE KEYS */;
UNLOCK TABLES;

--
-- Table structure for table `b_user_field_lang`
--

DROP TABLE IF EXISTS `b_user_field_lang`;
/*!40101 SET @saved_cs_client     = @@character_set_client */;
/*!40101 SET character_set_client = utf8 */;
CREATE TABLE `b_user_field_lang` (
  `USER_FIELD_ID` int(11) NOT NULL,
  `LANGUAGE_ID` char(2) COLLATE utf8_unicode_ci NOT NULL,
  `EDIT_FORM_LABEL` varchar(255) COLLATE utf8_unicode_ci DEFAULT NULL,
  `LIST_COLUMN_LABEL` varchar(255) COLLATE utf8_unicode_ci DEFAULT NULL,
  `LIST_FILTER_LABEL` varchar(255) COLLATE utf8_unicode_ci DEFAULT NULL,
  `ERROR_MESSAGE` varchar(255) COLLATE utf8_unicode_ci DEFAULT NULL,
  `HELP_MESSAGE` varchar(255) COLLATE utf8_unicode_ci DEFAULT NULL,
  PRIMARY KEY (`USER_FIELD_ID`,`LANGUAGE_ID`)
) ENGINE=InnoDB DEFAULT CHARSET=utf8 COLLATE=utf8_unicode_ci;
/*!40101 SET character_set_client = @saved_cs_client */;

--
-- Dumping data for table `b_user_field_lang`
--

LOCK TABLES `b_user_field_lang` WRITE;
/*!40000 ALTER TABLE `b_user_field_lang` DISABLE KEYS */;
INSERT INTO `b_user_field_lang` VALUES (7,'en','','','','',''),(7,'ru','','','','','');
/*!40000 ALTER TABLE `b_user_field_lang` ENABLE KEYS */;
UNLOCK TABLES;

--
-- Table structure for table `b_user_group`
--

DROP TABLE IF EXISTS `b_user_group`;
/*!40101 SET @saved_cs_client     = @@character_set_client */;
/*!40101 SET character_set_client = utf8 */;
CREATE TABLE `b_user_group` (
  `USER_ID` int(18) NOT NULL,
  `GROUP_ID` int(18) NOT NULL,
  `DATE_ACTIVE_FROM` datetime DEFAULT NULL,
  `DATE_ACTIVE_TO` datetime DEFAULT NULL,
  UNIQUE KEY `ix_user_group` (`USER_ID`,`GROUP_ID`),
  KEY `ix_user_group_group` (`GROUP_ID`)
) ENGINE=InnoDB DEFAULT CHARSET=utf8 COLLATE=utf8_unicode_ci;
/*!40101 SET character_set_client = @saved_cs_client */;

--
-- Dumping data for table `b_user_group`
--

LOCK TABLES `b_user_group` WRITE;
/*!40000 ALTER TABLE `b_user_group` DISABLE KEYS */;
INSERT INTO `b_user_group` VALUES (1,1,NULL,NULL),(1,3,NULL,NULL),(1,4,NULL,NULL),(2,3,NULL,NULL),(2,4,NULL,NULL),(2,5,NULL,NULL),(3,3,NULL,NULL),(3,4,NULL,NULL),(4,3,NULL,NULL),(4,4,NULL,NULL),(5,3,NULL,NULL),(5,4,NULL,NULL);
/*!40000 ALTER TABLE `b_user_group` ENABLE KEYS */;
UNLOCK TABLES;

--
-- Table structure for table `b_user_hit_auth`
--

DROP TABLE IF EXISTS `b_user_hit_auth`;
/*!40101 SET @saved_cs_client     = @@character_set_client */;
/*!40101 SET character_set_client = utf8 */;
CREATE TABLE `b_user_hit_auth` (
  `ID` int(18) NOT NULL AUTO_INCREMENT,
  `USER_ID` int(18) NOT NULL,
  `HASH` varchar(32) COLLATE utf8_unicode_ci NOT NULL,
  `URL` varchar(255) COLLATE utf8_unicode_ci NOT NULL,
  `SITE_ID` char(2) COLLATE utf8_unicode_ci DEFAULT NULL,
  `TIMESTAMP_X` timestamp NOT NULL DEFAULT CURRENT_TIMESTAMP ON UPDATE CURRENT_TIMESTAMP,
  PRIMARY KEY (`ID`),
  KEY `IX_USER_HIT_AUTH_1` (`HASH`),
  KEY `IX_USER_HIT_AUTH_2` (`USER_ID`),
  KEY `IX_USER_HIT_AUTH_3` (`TIMESTAMP_X`)
) ENGINE=InnoDB DEFAULT CHARSET=utf8 COLLATE=utf8_unicode_ci;
/*!40101 SET character_set_client = @saved_cs_client */;

--
-- Dumping data for table `b_user_hit_auth`
--

LOCK TABLES `b_user_hit_auth` WRITE;
/*!40000 ALTER TABLE `b_user_hit_auth` DISABLE KEYS */;
/*!40000 ALTER TABLE `b_user_hit_auth` ENABLE KEYS */;
UNLOCK TABLES;

--
-- Table structure for table `b_user_index`
--

DROP TABLE IF EXISTS `b_user_index`;
/*!40101 SET @saved_cs_client     = @@character_set_client */;
/*!40101 SET character_set_client = utf8 */;
CREATE TABLE `b_user_index` (
  `USER_ID` int(11) NOT NULL,
  `SEARCH_USER_CONTENT` text COLLATE utf8_unicode_ci,
  `SEARCH_DEPARTMENT_CONTENT` text COLLATE utf8_unicode_ci,
  `SEARCH_ADMIN_CONTENT` text COLLATE utf8_unicode_ci,
  `NAME` varchar(50) COLLATE utf8_unicode_ci DEFAULT NULL,
  `LAST_NAME` varchar(50) COLLATE utf8_unicode_ci DEFAULT NULL,
  `SECOND_NAME` varchar(50) COLLATE utf8_unicode_ci DEFAULT NULL,
  `WORK_POSITION` varchar(255) COLLATE utf8_unicode_ci DEFAULT NULL,
  `UF_DEPARTMENT_NAME` varchar(255) COLLATE utf8_unicode_ci DEFAULT NULL,
  PRIMARY KEY (`USER_ID`),
  FULLTEXT KEY `IXF_B_USER_INDEX_1` (`SEARCH_USER_CONTENT`),
  FULLTEXT KEY `IXF_B_USER_INDEX_2` (`SEARCH_DEPARTMENT_CONTENT`),
  FULLTEXT KEY `IXF_B_USER_INDEX_3` (`SEARCH_ADMIN_CONTENT`)
) ENGINE=InnoDB DEFAULT CHARSET=utf8 COLLATE=utf8_unicode_ci;
/*!40101 SET character_set_client = @saved_cs_client */;

--
-- Dumping data for table `b_user_index`
--

LOCK TABLES `b_user_index` WRITE;
/*!40000 ALTER TABLE `b_user_index` DISABLE KEYS */;
INSERT INTO `b_user_index` VALUES (1,'001 zva','','001 zva nqzva nqzva@nq.zva','ad','min','','',''),(2,'002','','002 znantre znantre@znantre.eh','','','','',''),(3,'003','','003 grfg grfg@gr.fg grfg1','','','','',''),(4,'004','','004 grfg grfg@gr.fg grfg2','','','','',''),(5,'005','','005 grfg grfg@gr.fg grfg3','','','','','');
/*!40000 ALTER TABLE `b_user_index` ENABLE KEYS */;
UNLOCK TABLES;

--
-- Table structure for table `b_user_option`
--

DROP TABLE IF EXISTS `b_user_option`;
/*!40101 SET @saved_cs_client     = @@character_set_client */;
/*!40101 SET character_set_client = utf8 */;
CREATE TABLE `b_user_option` (
  `ID` int(11) NOT NULL AUTO_INCREMENT,
  `USER_ID` int(11) NOT NULL,
  `CATEGORY` varchar(50) COLLATE utf8_unicode_ci NOT NULL,
  `NAME` varchar(255) COLLATE utf8_unicode_ci NOT NULL,
  `VALUE` mediumtext COLLATE utf8_unicode_ci,
  `COMMON` char(1) COLLATE utf8_unicode_ci NOT NULL DEFAULT 'N',
  PRIMARY KEY (`ID`),
  UNIQUE KEY `ux_user_category_name` (`USER_ID`,`CATEGORY`,`NAME`)
) ENGINE=InnoDB AUTO_INCREMENT=74 DEFAULT CHARSET=utf8 COLLATE=utf8_unicode_ci;
/*!40101 SET character_set_client = @saved_cs_client */;

--
-- Dumping data for table `b_user_option`
--

LOCK TABLES `b_user_option` WRITE;
/*!40000 ALTER TABLE `b_user_option` DISABLE KEYS */;
INSERT INTO `b_user_option` VALUES (1,0,'intranet','~gadgets_admin_index','a:1:{i:0;a:1:{s:7:\"GADGETS\";a:8:{s:20:\"ADMIN_INFO@333333333\";a:3:{s:6:\"COLUMN\";i:0;s:3:\"ROW\";i:0;s:4:\"HIDE\";s:1:\"N\";}s:19:\"HTML_AREA@444444444\";a:5:{s:6:\"COLUMN\";i:0;s:3:\"ROW\";i:1;s:4:\"HIDE\";s:1:\"N\";s:8:\"USERDATA\";a:1:{s:7:\"content\";s:797:\"<table class=\"bx-gadgets-info-site-table\" cellspacing=\"0\"><tr>	<td class=\"bx-gadget-gray\"> :</td>	<td>  &laquo;1-&raquo;.</td>	<td class=\"bx-gadgets-info-site-logo\" rowspan=\"5\"><img src=\"/bitrix/components/bitrix/desktop/templates/admin/images/site_logo.png\"></td></tr><tr>	<td class=\"bx-gadget-gray\"> :</td>	<td><a href=\"http://www.1c-bitrix.ru\">www.1c-bitrix.ru</a></td></tr><tr>	<td class=\"bx-gadget-gray\"> :</td>	<td>12  2010 .</td></tr><tr>	<td class=\"bx-gadget-gray\"> :</td>	<td> </td></tr><tr>	<td class=\"bx-gadget-gray\">E-mail:</td>	<td><a href=\"mailto:info@1c-bitrix.ru\">info@1c-bitrix.ru</a></td></tr></table>\";}s:8:\"SETTINGS\";a:1:{s:9:\"TITLE_STD\";s:34:\"  \";}}s:25:\"ADMIN_CHECKLIST@777888999\";a:3:{s:6:\"COLUMN\";i:0;s:3:\"ROW\";i:2;s:4:\"HIDE\";s:1:\"N\";}s:19:\"RSSREADER@777777777\";a:4:{s:6:\"COLUMN\";i:1;s:3:\"ROW\";i:3;s:4:\"HIDE\";s:1:\"N\";s:8:\"SETTINGS\";a:3:{s:9:\"TITLE_STD\";s:33:\" 1-\";s:3:\"CNT\";i:10;s:7:\"RSS_URL\";s:45:\"https://www.1c-bitrix.ru/about/life/news/rss/\";}}s:24:\"ADMIN_SECURITY@555555555\";a:3:{s:6:\"COLUMN\";i:1;s:3:\"ROW\";i:0;s:4:\"HIDE\";s:1:\"N\";}s:25:\"ADMIN_SITESPEED@666666777\";a:3:{s:6:\"COLUMN\";i:1;s:3:\"ROW\";i:1;s:4:\"HIDE\";s:1:\"N\";}s:23:\"ADMIN_PERFMON@666666666\";a:3:{s:6:\"COLUMN\";i:1;s:3:\"ROW\";i:2;s:4:\"HIDE\";s:1:\"N\";}s:23:\"ADMIN_MARKETPALCE@22549\";a:3:{s:6:\"COLUMN\";i:1;s:3:\"ROW\";i:3;s:4:\"HIDE\";s:1:\"N\";}}}}','Y'),(2,0,'main.interface','global','a:1:{s:5:\"theme\";s:9:\"pale-blue\";}','Y'),(3,1,'admin_panel','settings','a:1:{s:4:\"edit\";s:3:\"off\";}','N'),(4,1,'hot_keys','user_defined','b:1;','N'),(5,1,'favorite','favorite_menu','a:1:{s:5:\"stick\";s:1:\"N\";}','N'),(6,1,'main','helper_hero_admin','a:1:{s:4:\"time\";s:10:\"1523877516\";}','N'),(9,1,'admin_menu','pos','a:1:{s:8:\"sections\";s:44:\"menu_iblock,menu_system,menu_users,menu_site\";}','N'),(13,1,'main.interface.grid','tbl_iblock_admin_508c75c8507a2ae5223dfd2faeb98122','a:3:{s:5:\"views\";a:1:{s:7:\"default\";a:2:{s:7:\"columns\";s:0:\"\";s:13:\"columns_sizes\";a:2:{s:6:\"expand\";i:1;s:7:\"columns\";a:0:{}}}}s:7:\"filters\";a:0:{}s:12:\"current_view\";s:7:\"default\";}','N'),(14,1,'main.interface.grid','tbl_iblock_508c75c8507a2ae5223dfd2faeb98122','a:3:{s:5:\"views\";a:1:{s:7:\"default\";a:2:{s:7:\"columns\";s:0:\"\";s:13:\"columns_sizes\";a:2:{s:6:\"expand\";i:1;s:7:\"columns\";a:0:{}}}}s:7:\"filters\";a:0:{}s:12:\"current_view\";s:7:\"default\";}','N'),(15,1,'list','tbl_iblock_element_8ffbe6ef56a581e339b322cc6cb90122','a:4:{s:7:\"columns\";s:42:\"NAME,ACTIVE,SORT,TIMESTAMP_X,ID,PROPERTY_9\";s:2:\"by\";s:11:\"timestamp_x\";s:5:\"order\";s:4:\"desc\";s:9:\"page_size\";s:2:\"20\";}','N'),(16,0,'list','tbl_iblock_element_8ffbe6ef56a581e339b322cc6cb90122','a:4:{s:7:\"columns\";s:42:\"NAME,ACTIVE,SORT,TIMESTAMP_X,ID,PROPERTY_9\";s:2:\"by\";s:11:\"timestamp_x\";s:5:\"order\";s:4:\"desc\";s:9:\"page_size\";s:2:\"20\";}','Y'),(24,1,'main.interface.grid','tbl_user','a:3:{s:5:\"views\";a:1:{s:7:\"default\";a:2:{s:7:\"columns\";s:0:\"\";s:13:\"columns_sizes\";a:2:{s:6:\"expand\";i:1;s:7:\"columns\";a:0:{}}}}s:7:\"filters\";a:0:{}s:12:\"current_view\";s:7:\"default\";}','N'),(38,2,'admin_panel','settings','a:1:{s:4:\"edit\";s:3:\"off\";}','N'),(39,2,'hot_keys','user_defined','b:1;','N'),(40,2,'main','helper_hero_admin','a:1:{s:4:\"time\";s:10:\"1523861811\";}','N'),(42,2,'admin_menu','pos','a:1:{s:8:\"sections\";s:17:\"menu_iblock_/news\";}','N'),(43,2,'favorite','favorite_menu','a:1:{s:5:\"stick\";s:1:\"N\";}','N'),(44,1,'html_editor','user_settings_','a:3:{s:13:\"taskbar_width\";s:2:\"20\";s:13:\"taskbar_shown\";s:1:\"1\";s:4:\"view\";s:7:\"wysiwyg\";}','N'),(52,1,'list','tbl_iblock_element_d1cb75b5aaf00401fd4a48cc75b13ebc','a:4:{s:7:\"columns\";s:67:\"NAME,ACTIVE,SORT,TIMESTAMP_X,ID,PROPERTY_10,PROPERTY_11,PROPERTY_12\";s:2:\"by\";s:11:\"timestamp_x\";s:5:\"order\";s:4:\"desc\";s:9:\"page_size\";s:2:\"20\";}','N'),(53,0,'list','tbl_iblock_element_d1cb75b5aaf00401fd4a48cc75b13ebc','a:4:{s:7:\"columns\";s:67:\"NAME,ACTIVE,SORT,TIMESTAMP_X,ID,PROPERTY_10,PROPERTY_11,PROPERTY_12\";s:2:\"by\";s:11:\"timestamp_x\";s:5:\"order\";s:4:\"desc\";s:9:\"page_size\";s:2:\"20\";}','Y'),(68,1,'form','form_element_1','a:1:{s:4:\"tabs\";s:2057:\"edit1--#----,--ID--#--ID--,--DATE_CREATE--#----,--TIMESTAMP_X--#----,--ACTIVE--#----,--ACTIVE_FROM--#-- --,--ACTIVE_TO--#-- --,--NAME--#--*--,--PROPERTY_11--#--  --,--CODE--#-- --,--SORT--#----,--IBLOCK_ELEMENT_PROP_VALUE--#---- --,--PROPERTY_10--#----;--edit5--#----,--PREVIEW_PICTURE--#--  --,--PREVIEW_TEXT--#--  --,--PROPERTY_12--#--  --;--edit6--#----,--DETAIL_PICTURE--#-- --,--DETAIL_TEXT--#-- --;--edit14--#--SEO--,--IPROPERTY_TEMPLATES_ELEMENT_META_TITLE--#-- META TITLE--,--IPROPERTY_TEMPLATES_ELEMENT_META_KEYWORDS--#-- META KEYWORDS--,--IPROPERTY_TEMPLATES_ELEMENT_META_DESCRIPTION--#-- META DESCRIPTION--,--IPROPERTY_TEMPLATES_ELEMENT_PAGE_TITLE--#-- --,--IPROPERTY_TEMPLATES_ELEMENTS_PREVIEW_PICTURE--#----    --,--IPROPERTY_TEMPLATES_ELEMENT_PREVIEW_PICTURE_FILE_ALT--#-- ALT--,--IPROPERTY_TEMPLATES_ELEMENT_PREVIEW_PICTURE_FILE_TITLE--#-- TITLE--,--IPROPERTY_TEMPLATES_ELEMENT_PREVIEW_PICTURE_FILE_NAME--#--  --,--IPROPERTY_TEMPLATES_ELEMENTS_DETAIL_PICTURE--#----    --,--IPROPERTY_TEMPLATES_ELEMENT_DETAIL_PICTURE_FILE_ALT--#-- ALT--,--IPROPERTY_TEMPLATES_ELEMENT_DETAIL_PICTURE_FILE_TITLE--#-- TITLE--,--IPROPERTY_TEMPLATES_ELEMENT_DETAIL_PICTURE_FILE_NAME--#--  --,--SEO_ADDITIONAL--#------,--TAGS--#----;--\";}','N'),(69,0,'form','form_element_1','a:1:{s:4:\"tabs\";s:2057:\"edit1--#----,--ID--#--ID--,--DATE_CREATE--#----,--TIMESTAMP_X--#----,--ACTIVE--#----,--ACTIVE_FROM--#-- --,--ACTIVE_TO--#-- --,--NAME--#--*--,--PROPERTY_11--#--  --,--CODE--#-- --,--SORT--#----,--IBLOCK_ELEMENT_PROP_VALUE--#---- --,--PROPERTY_10--#----;--edit5--#----,--PREVIEW_PICTURE--#--  --,--PREVIEW_TEXT--#--  --,--PROPERTY_12--#--  --;--edit6--#----,--DETAIL_PICTURE--#-- --,--DETAIL_TEXT--#-- --;--edit14--#--SEO--,--IPROPERTY_TEMPLATES_ELEMENT_META_TITLE--#-- META TITLE--,--IPROPERTY_TEMPLATES_ELEMENT_META_KEYWORDS--#-- META KEYWORDS--,--IPROPERTY_TEMPLATES_ELEMENT_META_DESCRIPTION--#-- META DESCRIPTION--,--IPROPERTY_TEMPLATES_ELEMENT_PAGE_TITLE--#-- --,--IPROPERTY_TEMPLATES_ELEMENTS_PREVIEW_PICTURE--#----    --,--IPROPERTY_TEMPLATES_ELEMENT_PREVIEW_PICTURE_FILE_ALT--#-- ALT--,--IPROPERTY_TEMPLATES_ELEMENT_PREVIEW_PICTURE_FILE_TITLE--#-- TITLE--,--IPROPERTY_TEMPLATES_ELEMENT_PREVIEW_PICTURE_FILE_NAME--#--  --,--IPROPERTY_TEMPLATES_ELEMENTS_DETAIL_PICTURE--#----    --,--IPROPERTY_TEMPLATES_ELEMENT_DETAIL_PICTURE_FILE_ALT--#-- ALT--,--IPROPERTY_TEMPLATES_ELEMENT_DETAIL_PICTURE_FILE_TITLE--#-- TITLE--,--IPROPERTY_TEMPLATES_ELEMENT_DETAIL_PICTURE_FILE_NAME--#--  --,--SEO_ADDITIONAL--#------,--TAGS--#----;--\";}','Y'),(70,1,'edit','form_element_1_73da5711b1d311823f16c2780a3ea439','a:1:{s:6:\"expand\";s:2:\"on\";}','N');
/*!40000 ALTER TABLE `b_user_option` ENABLE KEYS */;
UNLOCK TABLES;

--
-- Table structure for table `b_user_stored_auth`
--

DROP TABLE IF EXISTS `b_user_stored_auth`;
/*!40101 SET @saved_cs_client     = @@character_set_client */;
/*!40101 SET character_set_client = utf8 */;
CREATE TABLE `b_user_stored_auth` (
  `ID` int(18) NOT NULL AUTO_INCREMENT,
  `USER_ID` int(18) NOT NULL,
  `DATE_REG` datetime NOT NULL,
  `LAST_AUTH` datetime NOT NULL,
  `STORED_HASH` varchar(32) COLLATE utf8_unicode_ci NOT NULL,
  `TEMP_HASH` char(1) COLLATE utf8_unicode_ci NOT NULL DEFAULT 'N',
  `IP_ADDR` int(10) unsigned NOT NULL,
  PRIMARY KEY (`ID`),
  KEY `ux_user_hash` (`USER_ID`)
) ENGINE=InnoDB AUTO_INCREMENT=2 DEFAULT CHARSET=utf8 COLLATE=utf8_unicode_ci;
/*!40101 SET character_set_client = @saved_cs_client */;

--
-- Dumping data for table `b_user_stored_auth`
--

LOCK TABLES `b_user_stored_auth` WRITE;
/*!40000 ALTER TABLE `b_user_stored_auth` DISABLE KEYS */;
INSERT INTO `b_user_stored_auth` VALUES (1,1,'2018-04-13 16:12:08','2018-04-13 16:12:08','04c2ca26be8ee23f899019f8fdf3827e','N',2130706433);
/*!40000 ALTER TABLE `b_user_stored_auth` ENABLE KEYS */;
UNLOCK TABLES;

--
-- Table structure for table `b_utm_blog_comment`
--

DROP TABLE IF EXISTS `b_utm_blog_comment`;
/*!40101 SET @saved_cs_client     = @@character_set_client */;
/*!40101 SET character_set_client = utf8 */;
CREATE TABLE `b_utm_blog_comment` (
  `ID` int(11) NOT NULL AUTO_INCREMENT,
  `VALUE_ID` int(11) NOT NULL,
  `FIELD_ID` int(11) NOT NULL,
  `VALUE` text COLLATE utf8_unicode_ci,
  `VALUE_INT` int(11) DEFAULT NULL,
  `VALUE_DOUBLE` float DEFAULT NULL,
  `VALUE_DATE` datetime DEFAULT NULL,
  PRIMARY KEY (`ID`),
  KEY `ix_utm_BLOG_COMMENT_1` (`FIELD_ID`),
  KEY `ix_utm_BLOG_COMMENT_2` (`VALUE_ID`)
) ENGINE=InnoDB DEFAULT CHARSET=utf8 COLLATE=utf8_unicode_ci;
/*!40101 SET character_set_client = @saved_cs_client */;

--
-- Dumping data for table `b_utm_blog_comment`
--

LOCK TABLES `b_utm_blog_comment` WRITE;
/*!40000 ALTER TABLE `b_utm_blog_comment` DISABLE KEYS */;
/*!40000 ALTER TABLE `b_utm_blog_comment` ENABLE KEYS */;
UNLOCK TABLES;

--
-- Table structure for table `b_utm_blog_post`
--

DROP TABLE IF EXISTS `b_utm_blog_post`;
/*!40101 SET @saved_cs_client     = @@character_set_client */;
/*!40101 SET character_set_client = utf8 */;
CREATE TABLE `b_utm_blog_post` (
  `ID` int(11) NOT NULL AUTO_INCREMENT,
  `VALUE_ID` int(11) NOT NULL,
  `FIELD_ID` int(11) NOT NULL,
  `VALUE` text COLLATE utf8_unicode_ci,
  `VALUE_INT` int(11) DEFAULT NULL,
  `VALUE_DOUBLE` float DEFAULT NULL,
  `VALUE_DATE` datetime DEFAULT NULL,
  PRIMARY KEY (`ID`),
  KEY `ix_utm_BLOG_POST_1` (`FIELD_ID`),
  KEY `ix_utm_BLOG_POST_2` (`VALUE_ID`)
) ENGINE=InnoDB DEFAULT CHARSET=utf8 COLLATE=utf8_unicode_ci;
/*!40101 SET character_set_client = @saved_cs_client */;

--
-- Dumping data for table `b_utm_blog_post`
--

LOCK TABLES `b_utm_blog_post` WRITE;
/*!40000 ALTER TABLE `b_utm_blog_post` DISABLE KEYS */;
/*!40000 ALTER TABLE `b_utm_blog_post` ENABLE KEYS */;
UNLOCK TABLES;

--
-- Table structure for table `b_utm_forum_message`
--

DROP TABLE IF EXISTS `b_utm_forum_message`;
/*!40101 SET @saved_cs_client     = @@character_set_client */;
/*!40101 SET character_set_client = utf8 */;
CREATE TABLE `b_utm_forum_message` (
  `ID` int(11) NOT NULL AUTO_INCREMENT,
  `VALUE_ID` int(11) NOT NULL,
  `FIELD_ID` int(11) NOT NULL,
  `VALUE` text COLLATE utf8_unicode_ci,
  `VALUE_INT` int(11) DEFAULT NULL,
  `VALUE_DOUBLE` float DEFAULT NULL,
  `VALUE_DATE` datetime DEFAULT NULL,
  PRIMARY KEY (`ID`),
  KEY `ix_utm_FORUM_MESSAGE_1` (`FIELD_ID`),
  KEY `ix_utm_FORUM_MESSAGE_2` (`VALUE_ID`)
) ENGINE=InnoDB DEFAULT CHARSET=utf8 COLLATE=utf8_unicode_ci;
/*!40101 SET character_set_client = @saved_cs_client */;

--
-- Dumping data for table `b_utm_forum_message`
--

LOCK TABLES `b_utm_forum_message` WRITE;
/*!40000 ALTER TABLE `b_utm_forum_message` DISABLE KEYS */;
/*!40000 ALTER TABLE `b_utm_forum_message` ENABLE KEYS */;
UNLOCK TABLES;

--
-- Table structure for table `b_utm_user`
--

DROP TABLE IF EXISTS `b_utm_user`;
/*!40101 SET @saved_cs_client     = @@character_set_client */;
/*!40101 SET character_set_client = utf8 */;
CREATE TABLE `b_utm_user` (
  `ID` int(11) NOT NULL AUTO_INCREMENT,
  `VALUE_ID` int(11) NOT NULL,
  `FIELD_ID` int(11) NOT NULL,
  `VALUE` text COLLATE utf8_unicode_ci,
  `VALUE_INT` int(11) DEFAULT NULL,
  `VALUE_DOUBLE` float DEFAULT NULL,
  `VALUE_DATE` datetime DEFAULT NULL,
  PRIMARY KEY (`ID`),
  KEY `ix_utm_USER_1` (`FIELD_ID`),
  KEY `ix_utm_USER_2` (`VALUE_ID`)
) ENGINE=InnoDB DEFAULT CHARSET=utf8 COLLATE=utf8_unicode_ci;
/*!40101 SET character_set_client = @saved_cs_client */;

--
-- Dumping data for table `b_utm_user`
--

LOCK TABLES `b_utm_user` WRITE;
/*!40000 ALTER TABLE `b_utm_user` DISABLE KEYS */;
/*!40000 ALTER TABLE `b_utm_user` ENABLE KEYS */;
UNLOCK TABLES;

--
-- Table structure for table `b_uts_blog_comment`
--

DROP TABLE IF EXISTS `b_uts_blog_comment`;
/*!40101 SET @saved_cs_client     = @@character_set_client */;
/*!40101 SET character_set_client = utf8 */;
CREATE TABLE `b_uts_blog_comment` (
  `VALUE_ID` int(11) NOT NULL,
  `UF_BLOG_COMMENT_DOC` text COLLATE utf8_unicode_ci,
  `UF_BLOG_COMM_URL_PRV` int(11) DEFAULT NULL,
  PRIMARY KEY (`VALUE_ID`)
) ENGINE=InnoDB DEFAULT CHARSET=utf8 COLLATE=utf8_unicode_ci;
/*!40101 SET character_set_client = @saved_cs_client */;

--
-- Dumping data for table `b_uts_blog_comment`
--

LOCK TABLES `b_uts_blog_comment` WRITE;
/*!40000 ALTER TABLE `b_uts_blog_comment` DISABLE KEYS */;
/*!40000 ALTER TABLE `b_uts_blog_comment` ENABLE KEYS */;
UNLOCK TABLES;

--
-- Table structure for table `b_uts_blog_post`
--

DROP TABLE IF EXISTS `b_uts_blog_post`;
/*!40101 SET @saved_cs_client     = @@character_set_client */;
/*!40101 SET character_set_client = utf8 */;
CREATE TABLE `b_uts_blog_post` (
  `VALUE_ID` int(11) NOT NULL,
  `UF_BLOG_POST_DOC` text COLLATE utf8_unicode_ci,
  `UF_BLOG_POST_URL_PRV` int(11) DEFAULT NULL,
  `UF_GRATITUDE` int(18) DEFAULT NULL,
  PRIMARY KEY (`VALUE_ID`)
) ENGINE=InnoDB DEFAULT CHARSET=utf8 COLLATE=utf8_unicode_ci;
/*!40101 SET character_set_client = @saved_cs_client */;

--
-- Dumping data for table `b_uts_blog_post`
--

LOCK TABLES `b_uts_blog_post` WRITE;
/*!40000 ALTER TABLE `b_uts_blog_post` DISABLE KEYS */;
/*!40000 ALTER TABLE `b_uts_blog_post` ENABLE KEYS */;
UNLOCK TABLES;

--
-- Table structure for table `b_uts_forum_message`
--

DROP TABLE IF EXISTS `b_uts_forum_message`;
/*!40101 SET @saved_cs_client     = @@character_set_client */;
/*!40101 SET character_set_client = utf8 */;
CREATE TABLE `b_uts_forum_message` (
  `VALUE_ID` int(11) NOT NULL,
  `UF_FORUM_MES_URL_PRV` int(11) DEFAULT NULL,
  PRIMARY KEY (`VALUE_ID`)
) ENGINE=InnoDB DEFAULT CHARSET=utf8 COLLATE=utf8_unicode_ci;
/*!40101 SET character_set_client = @saved_cs_client */;

--
-- Dumping data for table `b_uts_forum_message`
--

LOCK TABLES `b_uts_forum_message` WRITE;
/*!40000 ALTER TABLE `b_uts_forum_message` DISABLE KEYS */;
/*!40000 ALTER TABLE `b_uts_forum_message` ENABLE KEYS */;
UNLOCK TABLES;

--
-- Table structure for table `b_uts_user`
--

DROP TABLE IF EXISTS `b_uts_user`;
/*!40101 SET @saved_cs_client     = @@character_set_client */;
/*!40101 SET character_set_client = utf8 */;
CREATE TABLE `b_uts_user` (
  `VALUE_ID` int(11) NOT NULL,
  `UF_AUTHOR_TYPE` int(18) DEFAULT NULL,
  PRIMARY KEY (`VALUE_ID`)
) ENGINE=InnoDB DEFAULT CHARSET=utf8 COLLATE=utf8_unicode_ci;
/*!40101 SET character_set_client = @saved_cs_client */;

--
-- Dumping data for table `b_uts_user`
--

LOCK TABLES `b_uts_user` WRITE;
/*!40000 ALTER TABLE `b_uts_user` DISABLE KEYS */;
INSERT INTO `b_uts_user` VALUES (1,1),(3,1),(4,1),(5,2);
/*!40000 ALTER TABLE `b_uts_user` ENABLE KEYS */;
UNLOCK TABLES;

--
-- Table structure for table `b_vote`
--

DROP TABLE IF EXISTS `b_vote`;
/*!40101 SET @saved_cs_client     = @@character_set_client */;
/*!40101 SET character_set_client = utf8 */;
CREATE TABLE `b_vote` (
  `ID` int(18) NOT NULL AUTO_INCREMENT,
  `CHANNEL_ID` int(18) NOT NULL DEFAULT '0',
  `C_SORT` int(18) DEFAULT '100',
  `ACTIVE` char(1) COLLATE utf8_unicode_ci NOT NULL DEFAULT 'Y',
  `NOTIFY` char(1) COLLATE utf8_unicode_ci NOT NULL DEFAULT 'N',
  `AUTHOR_ID` int(18) DEFAULT NULL,
  `TIMESTAMP_X` datetime NOT NULL,
  `DATE_START` datetime NOT NULL,
  `DATE_END` datetime NOT NULL,
  `URL` varchar(255) COLLATE utf8_unicode_ci DEFAULT NULL,
  `COUNTER` int(11) NOT NULL DEFAULT '0',
  `TITLE` varchar(255) COLLATE utf8_unicode_ci DEFAULT NULL,
  `DESCRIPTION` text COLLATE utf8_unicode_ci,
  `DESCRIPTION_TYPE` varchar(4) COLLATE utf8_unicode_ci NOT NULL DEFAULT 'html',
  `IMAGE_ID` int(18) DEFAULT NULL,
  `EVENT1` varchar(255) COLLATE utf8_unicode_ci DEFAULT NULL,
  `EVENT2` varchar(255) COLLATE utf8_unicode_ci DEFAULT NULL,
  `EVENT3` varchar(255) COLLATE utf8_unicode_ci DEFAULT NULL,
  `UNIQUE_TYPE` int(18) NOT NULL DEFAULT '2',
  `KEEP_IP_SEC` int(18) DEFAULT NULL,
  `TEMPLATE` varchar(255) COLLATE utf8_unicode_ci DEFAULT NULL,
  `RESULT_TEMPLATE` varchar(255) COLLATE utf8_unicode_ci DEFAULT NULL,
  PRIMARY KEY (`ID`),
  KEY `IX_CHANNEL_ID` (`CHANNEL_ID`)
) ENGINE=InnoDB DEFAULT CHARSET=utf8 COLLATE=utf8_unicode_ci;
/*!40101 SET character_set_client = @saved_cs_client */;

--
-- Dumping data for table `b_vote`
--

LOCK TABLES `b_vote` WRITE;
/*!40000 ALTER TABLE `b_vote` DISABLE KEYS */;
/*!40000 ALTER TABLE `b_vote` ENABLE KEYS */;
UNLOCK TABLES;

--
-- Table structure for table `b_vote_answer`
--

DROP TABLE IF EXISTS `b_vote_answer`;
/*!40101 SET @saved_cs_client     = @@character_set_client */;
/*!40101 SET character_set_client = utf8 */;
CREATE TABLE `b_vote_answer` (
  `ID` int(18) NOT NULL AUTO_INCREMENT,
  `ACTIVE` char(1) COLLATE utf8_unicode_ci NOT NULL DEFAULT 'Y',
  `TIMESTAMP_X` datetime NOT NULL,
  `QUESTION_ID` int(18) NOT NULL DEFAULT '0',
  `C_SORT` int(18) DEFAULT '100',
  `MESSAGE` text COLLATE utf8_unicode_ci,
  `MESSAGE_TYPE` varchar(4) COLLATE utf8_unicode_ci NOT NULL DEFAULT 'html',
  `COUNTER` int(18) NOT NULL DEFAULT '0',
  `FIELD_TYPE` int(5) NOT NULL DEFAULT '0',
  `FIELD_WIDTH` int(18) DEFAULT NULL,
  `FIELD_HEIGHT` int(18) DEFAULT NULL,
  `FIELD_PARAM` varchar(255) COLLATE utf8_unicode_ci DEFAULT NULL,
  `COLOR` varchar(7) COLLATE utf8_unicode_ci DEFAULT NULL,
  PRIMARY KEY (`ID`),
  KEY `IX_QUESTION_ID` (`QUESTION_ID`)
) ENGINE=InnoDB DEFAULT CHARSET=utf8 COLLATE=utf8_unicode_ci;
/*!40101 SET character_set_client = @saved_cs_client */;

--
-- Dumping data for table `b_vote_answer`
--

LOCK TABLES `b_vote_answer` WRITE;
/*!40000 ALTER TABLE `b_vote_answer` DISABLE KEYS */;
/*!40000 ALTER TABLE `b_vote_answer` ENABLE KEYS */;
UNLOCK TABLES;

--
-- Table structure for table `b_vote_attached_object`
--

DROP TABLE IF EXISTS `b_vote_attached_object`;
/*!40101 SET @saved_cs_client     = @@character_set_client */;
/*!40101 SET character_set_client = utf8 */;
CREATE TABLE `b_vote_attached_object` (
  `ID` int(11) NOT NULL AUTO_INCREMENT,
  `OBJECT_ID` int(11) NOT NULL,
  `MODULE_ID` varchar(32) COLLATE utf8_unicode_ci NOT NULL,
  `ENTITY_TYPE` varchar(100) COLLATE utf8_unicode_ci NOT NULL,
  `ENTITY_ID` int(11) NOT NULL,
  `CREATE_TIME` datetime NOT NULL,
  `CREATED_BY` int(11) DEFAULT NULL,
  PRIMARY KEY (`ID`),
  KEY `IX_VOTE_AO_1` (`OBJECT_ID`),
  KEY `IX_VOTE_AO_2` (`MODULE_ID`,`ENTITY_TYPE`,`ENTITY_ID`)
) ENGINE=InnoDB DEFAULT CHARSET=utf8 COLLATE=utf8_unicode_ci;
/*!40101 SET character_set_client = @saved_cs_client */;

--
-- Dumping data for table `b_vote_attached_object`
--

LOCK TABLES `b_vote_attached_object` WRITE;
/*!40000 ALTER TABLE `b_vote_attached_object` DISABLE KEYS */;
/*!40000 ALTER TABLE `b_vote_attached_object` ENABLE KEYS */;
UNLOCK TABLES;

--
-- Table structure for table `b_vote_channel`
--

DROP TABLE IF EXISTS `b_vote_channel`;
/*!40101 SET @saved_cs_client     = @@character_set_client */;
/*!40101 SET character_set_client = utf8 */;
CREATE TABLE `b_vote_channel` (
  `ID` int(18) NOT NULL AUTO_INCREMENT,
  `SYMBOLIC_NAME` varchar(255) COLLATE utf8_unicode_ci NOT NULL,
  `C_SORT` int(18) DEFAULT '100',
  `FIRST_SITE_ID` char(2) COLLATE utf8_unicode_ci DEFAULT NULL,
  `ACTIVE` char(1) COLLATE utf8_unicode_ci NOT NULL DEFAULT 'Y',
  `HIDDEN` char(1) COLLATE utf8_unicode_ci NOT NULL DEFAULT 'N',
  `TIMESTAMP_X` datetime NOT NULL,
  `TITLE` varchar(255) COLLATE utf8_unicode_ci NOT NULL,
  `VOTE_SINGLE` char(1) COLLATE utf8_unicode_ci NOT NULL DEFAULT 'Y',
  `USE_CAPTCHA` char(1) COLLATE utf8_unicode_ci NOT NULL DEFAULT 'N',
  PRIMARY KEY (`ID`)
) ENGINE=InnoDB DEFAULT CHARSET=utf8 COLLATE=utf8_unicode_ci;
/*!40101 SET character_set_client = @saved_cs_client */;

--
-- Dumping data for table `b_vote_channel`
--

LOCK TABLES `b_vote_channel` WRITE;
/*!40000 ALTER TABLE `b_vote_channel` DISABLE KEYS */;
/*!40000 ALTER TABLE `b_vote_channel` ENABLE KEYS */;
UNLOCK TABLES;

--
-- Table structure for table `b_vote_channel_2_group`
--

DROP TABLE IF EXISTS `b_vote_channel_2_group`;
/*!40101 SET @saved_cs_client     = @@character_set_client */;
/*!40101 SET character_set_client = utf8 */;
CREATE TABLE `b_vote_channel_2_group` (
  `ID` int(18) NOT NULL AUTO_INCREMENT,
  `CHANNEL_ID` int(18) NOT NULL DEFAULT '0',
  `GROUP_ID` int(18) NOT NULL DEFAULT '0',
  `PERMISSION` int(18) NOT NULL DEFAULT '0',
  PRIMARY KEY (`ID`),
  KEY `IX_VOTE_CHANNEL_ID_GROUP_ID` (`CHANNEL_ID`,`GROUP_ID`)
) ENGINE=InnoDB DEFAULT CHARSET=utf8 COLLATE=utf8_unicode_ci;
/*!40101 SET character_set_client = @saved_cs_client */;

--
-- Dumping data for table `b_vote_channel_2_group`
--

LOCK TABLES `b_vote_channel_2_group` WRITE;
/*!40000 ALTER TABLE `b_vote_channel_2_group` DISABLE KEYS */;
/*!40000 ALTER TABLE `b_vote_channel_2_group` ENABLE KEYS */;
UNLOCK TABLES;

--
-- Table structure for table `b_vote_channel_2_site`
--

DROP TABLE IF EXISTS `b_vote_channel_2_site`;
/*!40101 SET @saved_cs_client     = @@character_set_client */;
/*!40101 SET character_set_client = utf8 */;
CREATE TABLE `b_vote_channel_2_site` (
  `CHANNEL_ID` int(18) NOT NULL DEFAULT '0',
  `SITE_ID` char(2) COLLATE utf8_unicode_ci NOT NULL,
  PRIMARY KEY (`CHANNEL_ID`,`SITE_ID`)
) ENGINE=InnoDB DEFAULT CHARSET=utf8 COLLATE=utf8_unicode_ci;
/*!40101 SET character_set_client = @saved_cs_client */;

--
-- Dumping data for table `b_vote_channel_2_site`
--

LOCK TABLES `b_vote_channel_2_site` WRITE;
/*!40000 ALTER TABLE `b_vote_channel_2_site` DISABLE KEYS */;
/*!40000 ALTER TABLE `b_vote_channel_2_site` ENABLE KEYS */;
UNLOCK TABLES;

--
-- Table structure for table `b_vote_event`
--

DROP TABLE IF EXISTS `b_vote_event`;
/*!40101 SET @saved_cs_client     = @@character_set_client */;
/*!40101 SET character_set_client = utf8 */;
CREATE TABLE `b_vote_event` (
  `ID` int(18) NOT NULL AUTO_INCREMENT,
  `VOTE_ID` int(18) NOT NULL DEFAULT '0',
  `VOTE_USER_ID` int(18) NOT NULL DEFAULT '0',
  `DATE_VOTE` datetime NOT NULL,
  `STAT_SESSION_ID` int(18) DEFAULT NULL,
  `IP` varchar(15) COLLATE utf8_unicode_ci DEFAULT NULL,
  `VALID` char(1) COLLATE utf8_unicode_ci NOT NULL DEFAULT 'Y',
  PRIMARY KEY (`ID`),
  KEY `IX_USER_ID` (`VOTE_USER_ID`),
  KEY `IX_B_VOTE_EVENT_2` (`VOTE_ID`,`IP`)
) ENGINE=InnoDB DEFAULT CHARSET=utf8 COLLATE=utf8_unicode_ci;
/*!40101 SET character_set_client = @saved_cs_client */;

--
-- Dumping data for table `b_vote_event`
--

LOCK TABLES `b_vote_event` WRITE;
/*!40000 ALTER TABLE `b_vote_event` DISABLE KEYS */;
/*!40000 ALTER TABLE `b_vote_event` ENABLE KEYS */;
UNLOCK TABLES;

--
-- Table structure for table `b_vote_event_answer`
--

DROP TABLE IF EXISTS `b_vote_event_answer`;
/*!40101 SET @saved_cs_client     = @@character_set_client */;
/*!40101 SET character_set_client = utf8 */;
CREATE TABLE `b_vote_event_answer` (
  `ID` int(18) NOT NULL AUTO_INCREMENT,
  `EVENT_QUESTION_ID` int(18) NOT NULL DEFAULT '0',
  `ANSWER_ID` int(18) NOT NULL DEFAULT '0',
  `MESSAGE` text COLLATE utf8_unicode_ci,
  PRIMARY KEY (`ID`),
  KEY `IX_EVENT_QUESTION_ID` (`EVENT_QUESTION_ID`)
) ENGINE=InnoDB DEFAULT CHARSET=utf8 COLLATE=utf8_unicode_ci;
/*!40101 SET character_set_client = @saved_cs_client */;

--
-- Dumping data for table `b_vote_event_answer`
--

LOCK TABLES `b_vote_event_answer` WRITE;
/*!40000 ALTER TABLE `b_vote_event_answer` DISABLE KEYS */;
/*!40000 ALTER TABLE `b_vote_event_answer` ENABLE KEYS */;
UNLOCK TABLES;

--
-- Table structure for table `b_vote_event_question`
--

DROP TABLE IF EXISTS `b_vote_event_question`;
/*!40101 SET @saved_cs_client     = @@character_set_client */;
/*!40101 SET character_set_client = utf8 */;
CREATE TABLE `b_vote_event_question` (
  `ID` int(18) NOT NULL AUTO_INCREMENT,
  `EVENT_ID` int(18) NOT NULL DEFAULT '0',
  `QUESTION_ID` int(18) NOT NULL DEFAULT '0',
  PRIMARY KEY (`ID`),
  KEY `IX_EVENT_ID` (`EVENT_ID`)
) ENGINE=InnoDB DEFAULT CHARSET=utf8 COLLATE=utf8_unicode_ci;
/*!40101 SET character_set_client = @saved_cs_client */;

--
-- Dumping data for table `b_vote_event_question`
--

LOCK TABLES `b_vote_event_question` WRITE;
/*!40000 ALTER TABLE `b_vote_event_question` DISABLE KEYS */;
/*!40000 ALTER TABLE `b_vote_event_question` ENABLE KEYS */;
UNLOCK TABLES;

--
-- Table structure for table `b_vote_question`
--

DROP TABLE IF EXISTS `b_vote_question`;
/*!40101 SET @saved_cs_client     = @@character_set_client */;
/*!40101 SET character_set_client = utf8 */;
CREATE TABLE `b_vote_question` (
  `ID` int(18) NOT NULL AUTO_INCREMENT,
  `ACTIVE` char(1) COLLATE utf8_unicode_ci NOT NULL DEFAULT 'Y',
  `TIMESTAMP_X` datetime NOT NULL,
  `VOTE_ID` int(18) NOT NULL DEFAULT '0',
  `C_SORT` int(18) DEFAULT '100',
  `COUNTER` int(11) NOT NULL DEFAULT '0',
  `QUESTION` text COLLATE utf8_unicode_ci NOT NULL,
  `QUESTION_TYPE` varchar(4) COLLATE utf8_unicode_ci NOT NULL DEFAULT 'html',
  `IMAGE_ID` int(18) DEFAULT NULL,
  `DIAGRAM` char(1) COLLATE utf8_unicode_ci NOT NULL DEFAULT 'Y',
  `REQUIRED` char(1) COLLATE utf8_unicode_ci NOT NULL DEFAULT 'N',
  `DIAGRAM_TYPE` varchar(10) COLLATE utf8_unicode_ci NOT NULL DEFAULT 'histogram',
  `TEMPLATE` varchar(255) COLLATE utf8_unicode_ci DEFAULT NULL,
  `TEMPLATE_NEW` varchar(255) COLLATE utf8_unicode_ci DEFAULT NULL,
  PRIMARY KEY (`ID`),
  KEY `IX_VOTE_ID` (`VOTE_ID`)
) ENGINE=InnoDB DEFAULT CHARSET=utf8 COLLATE=utf8_unicode_ci;
/*!40101 SET character_set_client = @saved_cs_client */;

--
-- Dumping data for table `b_vote_question`
--

LOCK TABLES `b_vote_question` WRITE;
/*!40000 ALTER TABLE `b_vote_question` DISABLE KEYS */;
/*!40000 ALTER TABLE `b_vote_question` ENABLE KEYS */;
UNLOCK TABLES;

--
-- Table structure for table `b_vote_user`
--

DROP TABLE IF EXISTS `b_vote_user`;
/*!40101 SET @saved_cs_client     = @@character_set_client */;
/*!40101 SET character_set_client = utf8 */;
CREATE TABLE `b_vote_user` (
  `ID` int(18) NOT NULL AUTO_INCREMENT,
  `STAT_GUEST_ID` int(18) DEFAULT NULL,
  `AUTH_USER_ID` int(18) DEFAULT NULL,
  `COUNTER` int(18) NOT NULL DEFAULT '0',
  `DATE_FIRST` datetime NOT NULL,
  `DATE_LAST` datetime NOT NULL,
  `LAST_IP` varchar(15) COLLATE utf8_unicode_ci DEFAULT NULL,
  PRIMARY KEY (`ID`)
) ENGINE=InnoDB DEFAULT CHARSET=utf8 COLLATE=utf8_unicode_ci;
/*!40101 SET character_set_client = @saved_cs_client */;

--
-- Dumping data for table `b_vote_user`
--

LOCK TABLES `b_vote_user` WRITE;
/*!40000 ALTER TABLE `b_vote_user` DISABLE KEYS */;
/*!40000 ALTER TABLE `b_vote_user` ENABLE KEYS */;
UNLOCK TABLES;

--
-- Table structure for table `b_xml_tree`
--

DROP TABLE IF EXISTS `b_xml_tree`;
/*!40101 SET @saved_cs_client     = @@character_set_client */;
/*!40101 SET character_set_client = utf8 */;
CREATE TABLE `b_xml_tree` (
  `ID` int(11) NOT NULL AUTO_INCREMENT,
  `PARENT_ID` int(11) DEFAULT NULL,
  `LEFT_MARGIN` int(11) DEFAULT NULL,
  `RIGHT_MARGIN` int(11) DEFAULT NULL,
  `DEPTH_LEVEL` int(11) DEFAULT NULL,
  `NAME` varchar(255) COLLATE utf8_unicode_ci DEFAULT NULL,
  `VALUE` longtext COLLATE utf8_unicode_ci,
  `ATTRIBUTES` text COLLATE utf8_unicode_ci,
  PRIMARY KEY (`ID`),
  KEY `ix_b_xml_tree_parent` (`PARENT_ID`),
  KEY `ix_b_xml_tree_left` (`LEFT_MARGIN`)
) ENGINE=InnoDB AUTO_INCREMENT=164 DEFAULT CHARSET=utf8 COLLATE=utf8_unicode_ci;
/*!40101 SET character_set_client = @saved_cs_client */;

--
-- Dumping data for table `b_xml_tree`
--

LOCK TABLES `b_xml_tree` WRITE;
/*!40000 ALTER TABLE `b_xml_tree` DISABLE KEYS */;
INSERT INTO `b_xml_tree` VALUES (1,0,1,320,0,'',NULL,'a:2:{s:22:\"\";s:5:\"2.021\";s:32:\"\";s:19:\"2010-06-22T12:53:42\";}'),(2,1,2,67,1,'',NULL,NULL),(3,2,3,4,2,'','2',NULL),(4,2,5,6,2,'','',NULL),(5,2,7,64,2,'',NULL,NULL),(6,5,8,15,3,'',NULL,NULL),(7,6,9,10,4,'','CML2_ACTIVE',NULL),(8,6,11,12,4,'','',NULL),(9,6,13,14,4,'','false',NULL),(10,5,16,23,3,'',NULL,NULL),(11,10,17,18,4,'','CML2_CODE',NULL),(12,10,19,20,4,'',' ',NULL),(13,10,21,22,4,'','false',NULL),(14,5,24,31,3,'',NULL,NULL),(15,14,25,26,4,'','CML2_SORT',NULL),(16,14,27,28,4,'','',NULL),(17,14,29,30,4,'','false',NULL),(18,5,32,39,3,'',NULL,NULL),(19,18,33,34,4,'','CML2_ACTIVE_FROM',NULL),(20,18,35,36,4,'',' ',NULL),(21,18,37,38,4,'','false',NULL),(22,5,40,47,3,'',NULL,NULL),(23,22,41,42,4,'','CML2_ACTIVE_TO',NULL),(24,22,43,44,4,'',' ',NULL),(25,22,45,46,4,'','false',NULL),(26,5,48,55,3,'',NULL,NULL),(27,26,49,50,4,'','CML2_PREVIEW_TEXT',NULL),(28,26,51,52,4,'','',NULL),(29,26,53,54,4,'','false',NULL),(30,5,56,63,3,'',NULL,NULL),(31,30,57,58,4,'','CML2_PREVIEW_PICTURE',NULL),(32,30,59,60,4,'',' ',NULL),(33,30,61,62,4,'','false',NULL),(34,2,65,66,2,'',NULL,NULL),(35,1,68,319,1,'',NULL,NULL),(36,35,69,70,2,'','furniture_vacancies',NULL),(37,35,71,72,2,'','2',NULL),(38,35,73,74,2,'','',NULL),(39,35,75,76,2,'','furniture_vacancies',NULL),(40,35,77,78,2,'','500',NULL),(41,35,79,80,2,'URL','#SITE_DIR#/company/vacancies.php',NULL),(42,35,81,82,2,'URL','#SITE_DIR#/company/vacancies.php##ID#',NULL),(43,35,83,84,2,'URL',NULL,NULL),(44,35,85,86,2,'',NULL,NULL),(45,35,87,88,2,'','true',NULL),(46,35,89,90,2,'','false',NULL),(47,35,91,92,2,'','false',NULL),(48,35,93,154,2,'',NULL,NULL),(49,48,94,99,3,'',NULL,NULL),(50,49,95,96,4,'','ELEMENT_NAME',NULL),(51,49,97,98,4,'','',NULL),(52,48,100,105,3,'',NULL,NULL),(53,52,101,102,4,'','ELEMENTS_NAME',NULL),(54,52,103,104,4,'','',NULL),(55,48,106,111,3,'',NULL,NULL),(56,55,107,108,4,'','ELEMENT_ADD',NULL),(57,55,109,110,4,'',' ',NULL),(58,48,112,117,3,'',NULL,NULL),(59,58,113,114,4,'','ELEMENT_EDIT',NULL),(60,58,115,116,4,'',' ',NULL),(61,48,118,123,3,'',NULL,NULL),(62,61,119,120,4,'','ELEMENT_DELETE',NULL),(63,61,121,122,4,'',' ',NULL),(64,48,124,129,3,'',NULL,NULL),(65,64,125,126,4,'','SECTION_NAME',NULL),(66,64,127,128,4,'','',NULL),(67,48,130,135,3,'',NULL,NULL),(68,67,131,132,4,'','SECTIONS_NAME',NULL),(69,67,133,134,4,'','',NULL),(70,48,136,141,3,'',NULL,NULL),(71,70,137,138,4,'','SECTION_ADD',NULL),(72,70,139,140,4,'',' ',NULL),(73,48,142,147,3,'',NULL,NULL),(74,73,143,144,4,'','SECTION_EDIT',NULL),(75,73,145,146,4,'',' ',NULL),(76,48,148,153,3,'',NULL,NULL),(77,76,149,150,4,'','SECTION_DELETE',NULL),(78,76,151,152,4,'',' ',NULL),(79,35,155,318,2,'',NULL,NULL),(80,79,156,209,3,'',NULL,NULL),(81,80,157,158,4,'','2',NULL),(82,80,159,160,4,'','- ()',NULL),(83,80,161,162,4,'',NULL,NULL),(84,80,163,164,4,'','<b></b> 						 						 \r\n<p>  ,       ,   /   ,   </p>\r\n 						 						<b></b> 						 \r\n<p>    ,  - ,    .</p>\r\n 						 						<b></b> 						 \r\n<p>: 13500  + %    +     20000 , .     </p>\r\n ',NULL),(85,80,165,208,4,'',NULL,NULL),(86,85,166,171,5,'',NULL,NULL),(87,86,167,168,6,'','CML2_ACTIVE',NULL),(88,86,169,170,6,'','true',NULL),(89,85,172,177,5,'',NULL,NULL),(90,89,173,174,6,'','CML2_CODE',NULL),(91,89,175,176,6,'',NULL,NULL),(92,85,178,183,5,'',NULL,NULL),(93,92,179,180,6,'','CML2_SORT',NULL),(94,92,181,182,6,'','200',NULL),(95,85,184,189,5,'',NULL,NULL),(96,95,185,186,6,'','CML2_ACTIVE_FROM',NULL),(97,95,187,188,6,'','2010-05-01 00:00:00',NULL),(98,85,190,195,5,'',NULL,NULL),(99,98,191,192,6,'','CML2_ACTIVE_TO',NULL),(100,98,193,194,6,'',NULL,NULL),(101,85,196,201,5,'',NULL,NULL),(102,101,197,198,6,'','CML2_PREVIEW_TEXT',NULL),(103,101,199,200,6,'',NULL,NULL),(104,85,202,207,5,'',NULL,NULL),(105,104,203,204,6,'','CML2_PREVIEW_PICTURE',NULL),(106,104,205,206,6,'',NULL,NULL),(107,79,210,263,3,'',NULL,NULL),(108,107,211,212,4,'','3',NULL),(109,107,213,214,4,'',' ',NULL),(110,107,215,216,4,'',NULL,NULL),(111,107,217,218,4,'','<b></b> 						 						 \r\n<p>        3                      .</p>\r\n 						 						<b></b> 						 \r\n<p>        -       .</p>\r\n 						 						<b></b> 						 \r\n<p>     .    5  2 (168 /) :  28000 + %   +     35000 </p>\r\n ',NULL),(112,107,219,262,4,'',NULL,NULL),(113,112,220,225,5,'',NULL,NULL),(114,113,221,222,6,'','CML2_ACTIVE',NULL),(115,113,223,224,6,'','true',NULL),(116,112,226,231,5,'',NULL,NULL),(117,116,227,228,6,'','CML2_CODE',NULL),(118,116,229,230,6,'',NULL,NULL),(119,112,232,237,5,'',NULL,NULL),(120,119,233,234,6,'','CML2_SORT',NULL),(121,119,235,236,6,'','300',NULL),(122,112,238,243,5,'',NULL,NULL),(123,122,239,240,6,'','CML2_ACTIVE_FROM',NULL),(124,122,241,242,6,'','2010-05-01 00:00:00',NULL),(125,112,244,249,5,'',NULL,NULL),(126,125,245,246,6,'','CML2_ACTIVE_TO',NULL),(127,125,247,248,6,'',NULL,NULL),(128,112,250,255,5,'',NULL,NULL),(129,128,251,252,6,'','CML2_PREVIEW_TEXT',NULL),(130,128,253,254,6,'',NULL,NULL),(131,112,256,261,5,'',NULL,NULL),(132,131,257,258,6,'','CML2_PREVIEW_PICTURE',NULL),(133,131,259,260,6,'',NULL,NULL),(134,79,264,317,3,'',NULL,NULL),(135,134,265,266,4,'','4',NULL),(136,134,267,268,4,'','    ',NULL),(137,134,269,270,4,'',NULL,NULL),(138,134,271,272,4,'','<b></b> 						 						 \r\n<p>., 22-45,   ,    ,    ( ), , , ,  ,  .</p>\r\n 						 						<b></b> 						 \r\n<p>        -             </p>\r\n 						 						<b></b> 						 \r\n<p>  5   ,   . ,  -, 37. :  10 800 . +  40%  ,  . .</p>\r\n ',NULL),(139,134,273,316,4,'',NULL,NULL),(140,139,274,279,5,'',NULL,NULL),(141,140,275,276,6,'','CML2_ACTIVE',NULL),(142,140,277,278,6,'','true',NULL),(143,139,280,285,5,'',NULL,NULL),(144,143,281,282,6,'','CML2_CODE',NULL),(145,143,283,284,6,'',NULL,NULL),(146,139,286,291,5,'',NULL,NULL),(147,146,287,288,6,'','CML2_SORT',NULL),(148,146,289,290,6,'','400',NULL),(149,139,292,297,5,'',NULL,NULL),(150,149,293,294,6,'','CML2_ACTIVE_FROM',NULL),(151,149,295,296,6,'','2010-05-01 00:00:00',NULL),(152,139,298,303,5,'',NULL,NULL),(153,152,299,300,6,'','CML2_ACTIVE_TO',NULL),(154,152,301,302,6,'',NULL,NULL),(155,139,304,309,5,'',NULL,NULL),(156,155,305,306,6,'','CML2_PREVIEW_TEXT',NULL),(157,155,307,308,6,'',NULL,NULL),(158,139,310,315,5,'',NULL,NULL),(159,158,311,312,6,'','CML2_PREVIEW_PICTURE',NULL),(160,158,313,314,6,'',NULL,NULL),(161,0,30,0,0,'',NULL,NULL),(162,0,31,0,0,'',NULL,NULL),(163,0,32,0,0,'',NULL,NULL);
/*!40000 ALTER TABLE `b_xml_tree` ENABLE KEYS */;
UNLOCK TABLES;
/*!40103 SET TIME_ZONE=@OLD_TIME_ZONE */;

/*!40101 SET SQL_MODE=@OLD_SQL_MODE */;
/*!40014 SET FOREIGN_KEY_CHECKS=@OLD_FOREIGN_KEY_CHECKS */;
/*!40014 SET UNIQUE_CHECKS=@OLD_UNIQUE_CHECKS */;
/*!40101 SET CHARACTER_SET_CLIENT=@OLD_CHARACTER_SET_CLIENT */;
/*!40101 SET CHARACTER_SET_RESULTS=@OLD_CHARACTER_SET_RESULTS */;
/*!40101 SET COLLATION_CONNECTION=@OLD_COLLATION_CONNECTION */;
/*!40111 SET SQL_NOTES=@OLD_SQL_NOTES */;

-- Dump completed
